,smiles,label
0,[CH3:1][C:2](=[O:3])[O:4][CH:5]=[CH:6][CH:7]=[CH2:8].[CH:9]([CH:10]=[O:11])=[CH2:12]>>[CH3:1][C:2](=[O:3])[O:4][CH:5]1[CH:6]=[CH:7][CH2:8][CH:9]([CH:10]=[O:11])[CH2:12]1,0
1,[CH3:1][C:2](=[O:3])[O:4][CH:5]=[CH:6][CH:7]=[CH2:8].[CH2:9]=[CH:10][CH:11]=[O:12]>>[CH3:1][C:2](=[O:3])[O:4][CH:5]1[CH:6]=[CH:7][CH2:8][CH2:9][CH:10]1[CH:11]=[O:12],1
2,[CH:11]1=[CH:12][CH:13]=[CH:14][CH2:15]1.[CH3:1][O:2][C:3]1=[C:4]([O:5][CH3:6])[C:7](=[O:8])[C:9]([CH3:10])=[CH:16][C:17]1=[O:18]>>[CH3:1][O:2][C:3]1=[C:4]([O:5][CH3:6])[C:7](=[O:8])[C:9]2([CH3:10])[CH:11]3[CH:12]=[CH:13][CH:14]([CH2:15]3)[CH:16]2[C:17]1=[O:18],1
3,[CH:14]1=[CH:15][CH:16]=[CH:17][CH2:18]1.[CH3:1][O:2][C:3]1=[C:11]([O:12][CH3:13])[C:9](=[O:10])[C:7]([CH3:8])=[CH:6][C:4]1=[O:5]>>[CH3:1][O:2][C:3]12[C:4](=[O:5])[CH:6]=[C:7]([CH3:8])[C:9](=[O:10])[C:11]1([O:12][CH3:13])[CH:14]1[CH:15]=[CH:16][CH:17]2[CH2:18]1,0
4,[CH2:5]=[C:6]([CH3:7])[CH:8]=[O:9].[CH3:1][C:2]([CH:3]=[CH2:4])=[CH2:10]>>[CH3:1][C:2]1=[CH:3][CH2:4][CH2:5][C:6]([CH3:7])([CH:8]=[O:9])[CH2:10]1,0
5,[CH2:4]=[C:5]([CH3:6])[CH:7]=[O:8].[CH3:1][C:2]([CH:3]=[CH2:9])=[CH2:10]>>[CH3:1][C:2]1=[CH:3][CH2:4][C:5]([CH3:6])([CH:7]=[O:8])[CH2:9][CH2:10]1,1
6,[CH2:1]=[C:2]([CH:3]=[CH2:4])[CH3:14].[CH:5]1=[C:12]([CH3:13])[C:10](=[O:11])[CH2:9][CH2:8][CH:6]1[CH3:7]>>[CH3:1][C:2]1=[CH:3][CH2:4][CH:5]2[CH:6]([CH3:7])[CH2:8][CH2:9][C:10](=[O:11])[C:12]2([CH3:13])[CH2:14]1,1
7,[CH2:1]=[C:2]([CH:3]=[CH2:4])[CH3:14].[C:5]1([CH3:6])=[CH:13][CH:11]([CH3:12])[CH2:10][CH2:9][C:7]1=[O:8]>>[CH3:1][C:2]1=[CH:3][CH2:4][C:5]2([CH3:6])[C:7](=[O:8])[CH2:9][CH2:10][CH:11]([CH3:12])[CH:13]2[CH2:14]1,0
8,[CH3:1][CH2:2][O:3][C:4](=[O:5])[CH2:6][CH:7]=[CH:8][CH:9]=[CH2:10].[C:11]([CH3:12])([CH:13]=[O:14])=[CH:15][CH3:16]>>[CH3:1][CH2:2][O:3][C:4](=[O:5])[CH2:6][CH:7]1[CH:8]=[CH:9][CH2:10][C:11]([CH3:12])([CH:13]=[O:14])[CH:15]1[CH3:16],0
9,[CH3:1][CH2:2][O:3][C:4](=[O:5])[CH2:6][CH:7]=[CH:8][CH:9]=[CH2:10].[CH:11]([CH3:12])=[C:13]([CH3:14])[CH:15]=[O:16]>>[CH3:1][CH2:2][O:3][C:4](=[O:5])[CH2:6][CH:7]1[CH:8]=[CH:9][CH2:10][CH:11]([CH3:12])[C:13]1([CH3:14])[CH:15]=[O:16],1
10,[CH2:1]=[C:2]([CH:3]=[CH2:4])[CH3:21].[CH:5]([c:6]1[cH:7][cH:8][cH:9][cH:10][cH:11]1)=[CH:12][C:13](=[O:14])[c:15]1[cH:16][cH:17][cH:18][cH:19][cH:20]1>>[CH3:1][C:2]1=[CH:3][CH2:4][CH:5]([c:6]2[cH:7][cH:8][cH:9][cH:10][cH:11]2)[CH:12]([C:13](=[O:14])[c:15]2[cH:16][cH:17][cH:18][cH:19][cH:20]2)[CH2:21]1,1
11,[CH2:1]=[C:2]([CH:3]=[CH2:4])[CH3:21].[CH:5]([C:6](=[O:7])[c:8]1[cH:9][cH:10][cH:11][cH:12][cH:13]1)=[CH:14][c:15]1[cH:16][cH:17][cH:18][cH:19][cH:20]1>>[CH3:1][C:2]1=[CH:3][CH2:4][CH:5]([C:6](=[O:7])[c:8]2[cH:9][cH:10][cH:11][cH:12][cH:13]2)[CH:14]([c:15]2[cH:16][cH:17][cH:18][cH:19][cH:20]2)[CH2:21]1,0
12,[CH2:1]=[C:2]([CH:3]=[CH2:4])[CH3:15].[C:5]1([CH3:6])=[CH:14][CH2:13][CH:11]([CH3:12])[CH:9]([CH3:10])[C:7]1=[O:8]>>[CH3:1][C:2]1=[CH:3][CH2:4][C:5]2([CH3:6])[C:7](=[O:8])[CH:9]([CH3:10])[CH:11]([CH3:12])[CH2:13][CH:14]2[CH2:15]1,1
13,[CH2:1]=[C:2]([CH:3]=[CH2:6])[CH3:15].[CH2:4]1[CH:5]=[C:13]([CH3:14])[C:11](=[O:12])[CH:9]([CH3:10])[CH:7]1[CH3:8]>>[CH3:1][C:2]1=[CH:3][CH2:4][CH:5]2[CH2:6][CH:7]([CH3:8])[CH:9]([CH3:10])[C:11](=[O:12])[C:13]2([CH3:14])[CH2:15]1,0
14,[CH3:1][CH:2]([CH3:3])[CH2:4][C:5]([CH:6]=[CH2:7])=[CH2:13].[CH:8]([CH:9]=[O:10])=[CH:11][CH3:12]>>[CH3:1][CH:2]([CH3:3])[CH2:4][C:5]1=[CH:6][CH2:7][CH:8]([CH:9]=[O:10])[CH:11]([CH3:12])[CH2:13]1,0
15,[CH3:1][CH:2]([CH3:3])[CH2:4][C:5]([CH:6]=[CH2:7])=[CH2:13].[CH:8]([CH3:9])=[CH:10][CH:11]=[O:12]>>[CH3:1][CH:2]([CH3:3])[CH2:4][C:5]1=[CH:6][CH2:7][CH:8]([CH3:9])[CH:10]([CH:11]=[O:12])[CH2:13]1,1
16,[CH:6]([C:7]([CH3:8])=[CH2:9])=[CH2:10].[CH3:1][C:2](=[O:3])[CH:4]=[CH2:5]>>[CH3:1][C:2](=[O:3])[CH:4]1[CH2:5][CH:6]=[C:7]([CH3:8])[CH2:9][CH2:10]1,1
17,[CH2:6]=[CH:7][C:8]([CH3:9])=[CH2:10].[CH3:1][C:2](=[O:3])[CH:4]=[CH2:5]>>[CH3:1][C:2](=[O:3])[CH:4]1[CH2:5][CH2:6][CH:7]=[C:8]([CH3:9])[CH2:10]1,0
18,[CH:11]1=[CH:12][CH:13]=[CH:14][CH2:15]1.[CH3:1][C:2]([CH3:3])=[CH:4][CH2:5][C:6]1=[CH:7][C:8](=[O:9])[CH:10]=[CH:16][C:17]1=[O:18]>>[CH3:1][C:2]([CH3:3])=[CH:4][CH2:5][C:6]1=[CH:7][C:8](=[O:9])[CH:10]2[CH:11]3[CH:12]=[CH:13][CH:14]([CH2:15]3)[CH:16]2[C:17]1=[O:18],1
19,[CH:14]1=[CH:15][CH:16]=[CH:17][CH2:18]1.[CH3:1][C:2]([CH3:3])=[CH:4][CH2:5][C:6]1=[CH:13][C:11](=[O:12])[CH:10]=[CH:9][C:7]1=[O:8]>>[CH3:1][C:2]([CH3:3])=[CH:4][CH2:5][C:6]12[C:7](=[O:8])[CH:9]=[CH:10][C:11](=[O:12])[CH:13]1[CH:14]1[CH:15]=[CH:16][CH:17]2[CH2:18]1,0
20,[CH2:1]=[C:2]([CH:3]=[CH2:4])[CH3:22].[CH:5]([c:6]1[cH:7][cH:8][cH:9][cH:10][cH:11]1)=[CH:12][C:13](=[O:14])[c:15]1[cH:16][cH:17][cH:18][cH:19][c:20]1[OH:21]>>[CH3:1][C:2]1=[CH:3][CH2:4][CH:5]([c:6]2[cH:7][cH:8][cH:9][cH:10][cH:11]2)[CH:12]([C:13](=[O:14])[c:15]2[cH:16][cH:17][cH:18][cH:19][c:20]2[OH:21])[CH2:22]1,0
21,[CH2:1]=[C:2]([CH:3]=[CH2:4])[CH3:22].[CH:5]([C:6](=[O:7])[c:8]1[cH:9][cH:10][cH:11][cH:12][c:13]1[OH:14])=[CH:15][c:16]1[cH:17][cH:18][cH:19][cH:20][cH:21]1>>[CH3:1][C:2]1=[CH:3][CH2:4][CH:5]([C:6](=[O:7])[c:8]2[cH:9][cH:10][cH:11][cH:12][c:13]2[OH:14])[CH:15]([c:16]2[cH:17][cH:18][cH:19][cH:20][cH:21]2)[CH2:22]1,1
22,[CH2:6]=[CH:7][C:8]1=[CH:19][CH2:18][CH2:17][c:16]2[c:9]1[cH:10][cH:11][c:12]([O:13][CH3:14])[cH:15]2.[CH3:1][CH2:2][C:3]([CH:4]=[O:5])=[CH:20][C:21](=[O:22])[O:23][CH3:24]>>[CH3:1][CH2:2][C:3]1([CH:4]=[O:5])[CH2:6][CH:7]=[C:8]2[c:9]3[cH:10][cH:11][c:12]([O:13][CH3:14])[cH:15][c:16]3[CH2:17][CH2:18][CH:19]2[CH:20]1[C:21](=[O:22])[O:23][CH3:24],0
23,[CH2:11]=[CH:12][C:13]1=[CH:24][CH2:23][CH2:22][c:21]2[c:14]1[cH:15][cH:16][c:17]([O:18][CH3:19])[cH:20]2.[CH3:1][CH2:2][C:3]([CH:4]=[O:5])=[CH:6][C:7](=[O:8])[O:9][CH3:10]>>[CH3:1][CH2:2][C:3]1([CH:4]=[O:5])[CH:6]([C:7](=[O:8])[O:9][CH3:10])[CH2:11][CH:12]=[C:13]2[c:14]3[cH:15][cH:16][c:17]([O:18][CH3:19])[cH:20][c:21]3[CH2:22][CH2:23][CH:24]12,1
24,[CH2:11]=[CH:12][CH:13]=[CH2:14].[CH3:1][O:2][C:3]1=[C:4]([CH:5]([CH3:6])[CH3:7])[C:8](=[O:9])[CH:10]=[C:15]([CH3:16])[C:17]1=[O:18]>>[CH3:1][O:2][C:3]1=[C:4]([CH:5]([CH3:6])[CH3:7])[C:8](=[O:9])[CH:10]2[CH2:11][CH:12]=[CH:13][CH2:14][C:15]2([CH3:16])[C:17]1=[O:18],1
25,[CH2:4]=[CH:5][CH:6]=[CH2:7].[CH3:1][O:2][C:3]1=[C:8]([CH:9]([CH3:10])[CH3:11])[C:12](=[O:13])[CH:14]=[C:15]([CH3:16])[C:17]1=[O:18]>>[CH3:1][O:2][C:3]12[CH2:4][CH:5]=[CH:6][CH2:7][C:8]1([CH:9]([CH3:10])[CH3:11])[C:12](=[O:13])[CH:14]=[C:15]([CH3:16])[C:17]2=[O:18],0
26,[CH2:7]=[CH:8][C:9](=[CH2:10])[CH3:11].[CH3:1][CH2:2][O:3][C:4](=[O:5])[CH:6]=[CH:12][CH:13]=[O:14]>>[CH3:1][CH2:2][O:3][C:4](=[O:5])[CH:6]1[CH2:7][CH:8]=[C:9]([CH3:10])[CH2:11][CH:12]1[CH:13]=[O:14],0
27,[CH3:7][C:8](=[CH2:9])[CH:10]=[CH2:11].[CH3:1][CH2:2][O:3][C:4](=[O:5])[CH:6]=[CH:12][CH:13]=[O:14]>>[CH3:1][CH2:2][O:3][C:4](=[O:5])[CH:6]1[CH2:7][C:8]([CH3:9])=[CH:10][CH2:11][CH:12]1[CH:13]=[O:14],1
28,[CH3:1][C:2]([CH:3]=[C:4]([CH3:5])[CH3:6])=[CH2:12].[C:7]([CH3:8])([CH:9]=[O:10])=[CH2:11]>>[CH3:1][C:2]1=[CH:3][C:4]([CH3:5])([CH3:6])[C:7]([CH3:8])([CH:9]=[O:10])[CH2:11][CH2:12]1,1
29,[CH3:1][C:2]([CH:3]=[C:4]([CH3:5])[CH3:6])=[CH2:12].[CH2:7]=[C:8]([CH3:9])[CH:10]=[O:11]>>[CH3:1][C:2]1=[CH:3][C:4]([CH3:5])([CH3:6])[CH2:7][C:8]([CH3:9])([CH:10]=[O:11])[CH2:12]1,0
30,[CH3:1][CH2:2][CH2:3][CH2:4][C:5](=[O:6])[C:7]([F:8])=[CH2:9].[CH2:10]=[CH:11][C:12]1=[CH:23][CH2:22][CH2:21][c:20]2[c:13]1[cH:14][cH:15][c:16]([O:17][CH3:18])[cH:19]2>>[CH3:1][CH2:2][CH2:3][CH2:4][C:5](=[O:6])[C:7]1([F:8])[CH2:9][CH2:10][CH:11]=[C:12]2[c:13]3[cH:14][cH:15][c:16]([O:17][CH3:18])[cH:19][c:20]3[CH2:21][CH2:22][CH:23]12,1
31,[CH3:1][CH2:2][CH2:3][CH2:4][C:5](=[O:6])[C:7]([F:8])=[CH2:9].[CH:10]([C:11]1=[CH:22][CH2:21][CH2:20][c:19]2[c:12]1[cH:13][cH:14][c:15]([O:16][CH3:17])[cH:18]2)=[CH2:23]>>[CH3:1][CH2:2][CH2:3][CH2:4][C:5](=[O:6])[C:7]1([F:8])[CH2:9][CH:10]=[C:11]2[c:12]3[cH:13][cH:14][c:15]([O:16][CH3:17])[cH:18][c:19]3[CH2:20][CH2:21][CH:22]2[CH2:23]1,0
32,[CH:10]1=[C:14]([CH2:15][CH2:16][c:17]2[cH:18][cH:19][cH:20][cH:21][cH:22]2)[CH:13]=[CH:12][CH2:11]1.[CH3:1][CH2:2][CH2:3][CH2:4][C:5](=[O:6])[C:7]([F:8])=[CH2:9]>>[CH3:1][CH2:2][CH2:3][CH2:4][C:5](=[O:6])[C:7]1([F:8])[CH2:9][CH:10]2[CH2:11][CH:12]1[CH:13]=[C:14]2[CH2:15][CH2:16][c:17]1[cH:18][cH:19][cH:20][cH:21][cH:22]1,1
33,[CH2:10]1[CH:11]=[C:12]([CH2:13][CH2:14][c:15]2[cH:16][cH:17][cH:18][cH:19][cH:20]2)[CH:21]=[CH:22]1.[CH3:1][CH2:2][CH2:3][CH2:4][C:5](=[O:6])[C:7]([F:8])=[CH2:9]>>[CH3:1][CH2:2][CH2:3][CH2:4][C:5](=[O:6])[C:7]1([F:8])[CH2:9][CH:10]2[CH:11]=[C:12]([CH2:13][CH2:14][c:15]3[cH:16][cH:17][cH:18][cH:19][cH:20]3)[CH:21]1[CH2:22]2,0
34,[CH:10]1=[C:14]([CH2:15][c:16]2[cH:17][cH:18][c:19]([Br:20])[cH:21][cH:22]2)[CH:13]=[CH:12][CH2:11]1.[CH3:1][CH2:2][CH2:3][CH2:4][C:5](=[O:6])[C:7]([F:8])=[CH2:9]>>[CH3:1][CH2:2][CH2:3][CH2:4][C:5](=[O:6])[C:7]1([F:8])[CH2:9][CH:10]2[CH2:11][CH:12]1[CH:13]=[C:14]2[CH2:15][c:16]1[cH:17][cH:18][c:19]([Br:20])[cH:21][cH:22]1,1
35,[CH:10]1=[CH:11][C:12]([CH2:13][c:14]2[cH:15][cH:16][c:17]([Br:18])[cH:19][cH:20]2)=[CH:21][CH2:22]1.[CH3:1][CH2:2][CH2:3][CH2:4][C:5](=[O:6])[C:7]([F:8])=[CH2:9]>>[CH3:1][CH2:2][CH2:3][CH2:4][C:5](=[O:6])[C:7]1([F:8])[CH2:9][CH:10]2[CH:11]=[C:12]([CH2:13][c:14]3[cH:15][cH:16][c:17]([Br:18])[cH:19][cH:20]3)[CH:21]1[CH2:22]2,0
36,[CH:6]([C:7]([CH2:8][Si:9]([CH3:10])([CH3:11])[CH3:12])=[CH2:13])=[CH2:14].[CH3:1][C:2](=[O:3])[CH:4]=[CH2:5]>>[CH3:1][C:2](=[O:3])[CH:4]1[CH2:5][CH:6]=[C:7]([CH2:8][Si:9]([CH3:10])([CH3:11])[CH3:12])[CH2:13][CH2:14]1,1
37,[CH2:6]=[CH:7][C:8]([CH2:9][Si:10]([CH3:11])([CH3:12])[CH3:13])=[CH2:14].[CH3:1][C:2](=[O:3])[CH:4]=[CH2:5]>>[CH3:1][C:2](=[O:3])[CH:4]1[CH2:5][CH2:6][CH:7]=[C:8]([CH2:9][Si:10]([CH3:11])([CH3:12])[CH3:13])[CH2:14]1,0
38,[CH2:1]=[C:2]([CH:3]=[CH2:4])[CH3:14].[C:5]1([C:6]#[N:7])=[CH:13][CH2:12][CH2:11][CH2:10][C:8]1=[O:9]>>[CH3:1][C:2]1=[CH:3][CH2:4][C:5]2([C:6]#[N:7])[C:8](=[O:9])[CH2:10][CH2:11][CH2:12][CH:13]2[CH2:14]1,1
39,[CH2:1]=[C:2]([CH:3]=[CH2:4])[CH3:14].[CH:5]1=[C:11]([C:12]#[N:13])[C:9](=[O:10])[CH2:8][CH2:7][CH2:6]1>>[CH3:1][C:2]1=[CH:3][CH2:4][CH:5]2[CH2:6][CH2:7][CH2:8][C:9](=[O:10])[C:11]2([C:12]#[N:13])[CH2:14]1,0
40,[CH3:1][O:2][c:3]1[cH:4][cH:5][c:6]2[c:7]([cH:8]1)[CH2:9][CH2:10][CH:11]=[C:12]2[CH:13]=[CH2:14].[C:15]1([Br:16])=[CH:21][CH2:20][CH2:19][C:17]1=[O:18]>>[CH3:1][O:2][c:3]1[cH:4][cH:5][c:6]2[c:7]([cH:8]1)[CH2:9][CH2:10][CH:11]1[C:12]2=[CH:13][CH2:14][C:15]2([Br:16])[C:17](=[O:18])[CH2:19][CH2:20][CH:21]12,0
41,[CH3:1][O:2][c:3]1[cH:4][cH:5][c:6]2[c:7]([cH:8]1)[CH2:9][CH2:10][CH:11]=[C:12]2[CH:13]=[CH2:14].[CH:15]1=[C:20]([Br:21])[C:18](=[O:19])[CH2:17][CH2:16]1>>[CH3:1][O:2][c:3]1[cH:4][cH:5][c:6]2[c:7]([cH:8]1)[CH2:9][CH2:10][CH:11]1[C:12]2=[CH:13][CH2:14][CH:15]2[CH2:16][CH2:17][C:18](=[O:19])[C:20]12[Br:21],1
42,[CH3:1][O:2][c:3]1[cH:4][cH:5][c:6]2[c:7]([cH:8]1)[CH2:9][CH2:10][CH:11]=[C:12]2[CH:13]=[CH2:14].[C:15]1([Cl:16])=[CH:21][CH2:20][CH2:19][C:17]1=[O:18]>>[CH3:1][O:2][c:3]1[cH:4][cH:5][c:6]2[c:7]([cH:8]1)[CH2:9][CH2:10][CH:11]1[C:12]2=[CH:13][CH2:14][C:15]2([Cl:16])[C:17](=[O:18])[CH2:19][CH2:20][CH:21]12,0
43,[CH3:1][O:2][c:3]1[cH:4][cH:5][c:6]2[c:7]([cH:8]1)[CH2:9][CH2:10][CH:11]=[C:12]2[CH:13]=[CH2:14].[CH:15]1=[C:20]([Cl:21])[C:18](=[O:19])[CH2:17][CH2:16]1>>[CH3:1][O:2][c:3]1[cH:4][cH:5][c:6]2[c:7]([cH:8]1)[CH2:9][CH2:10][CH:11]1[C:12]2=[CH:13][CH2:14][CH:15]2[CH2:16][CH2:17][C:18](=[O:19])[C:20]12[Cl:21],1
44,[CH3:1][C:2]([CH:3]=[C:4]([CH3:5])[CH3:6])=[CH2:24].[CH:7]([C:8](=[O:9])[c:10]1[cH:11][cH:12][cH:13][cH:14][c:15]1[OH:16])=[CH:17][c:18]1[cH:19][cH:20][cH:21][cH:22][cH:23]1>>[CH3:1][C:2]1=[CH:3][C:4]([CH3:5])([CH3:6])[CH:7]([C:8](=[O:9])[c:10]2[cH:11][cH:12][cH:13][cH:14][c:15]2[OH:16])[CH:17]([c:18]2[cH:19][cH:20][cH:21][cH:22][cH:23]2)[CH2:24]1,1
45,[CH3:1][C:2]([CH:3]=[C:4]([CH3:5])[CH3:6])=[CH2:24].[CH:7]([c:8]1[cH:9][cH:10][cH:11][cH:12][cH:13]1)=[CH:14][C:15](=[O:16])[c:17]1[cH:18][cH:19][cH:20][cH:21][c:22]1[OH:23]>>[CH3:1][C:2]1=[CH:3][C:4]([CH3:5])([CH3:6])[CH:7]([c:8]2[cH:9][cH:10][cH:11][cH:12][cH:13]2)[CH:14]([C:15](=[O:16])[c:17]2[cH:18][cH:19][cH:20][cH:21][c:22]2[OH:23])[CH2:24]1,0
46,[CH3:1][O:2][c:3]1[cH:4][cH:5][c:6]2[c:7]([cH:8]1)[CH2:9][CH2:10][CH:11]=[C:12]2[CH:13]=[CH2:14].[CH:15]1=[C:21]([Br:22])[C:19](=[O:20])[CH2:18][CH2:17][CH2:16]1>>[CH3:1][O:2][c:3]1[cH:4][cH:5][c:6]2[c:7]([cH:8]1)[CH2:9][CH2:10][CH:11]1[C:12]2=[CH:13][CH2:14][CH:15]2[CH2:16][CH2:17][CH2:18][C:19](=[O:20])[C:21]12[Br:22],1
47,[CH3:1][O:2][c:3]1[cH:4][cH:5][c:6]2[c:7]([cH:8]1)[CH2:9][CH2:10][CH:11]=[C:12]2[CH:13]=[CH2:14].[C:15]1([Br:16])=[CH:22][CH2:21][CH2:20][CH2:19][C:17]1=[O:18]>>[CH3:1][O:2][c:3]1[cH:4][cH:5][c:6]2[c:7]([cH:8]1)[CH2:9][CH2:10][CH:11]1[C:12]2=[CH:13][CH2:14][C:15]2([Br:16])[C:17](=[O:18])[CH2:19][CH2:20][CH2:21][CH:22]12,0
48,[CH2:1]=[C:2]([Br:3])[CH2:4][C:5]1=[CH:9][CH2:8][CH:7]=[CH:6]1.[CH2:10]=[C:11]([F:12])[C:13](=[O:14])[CH2:15][CH2:16][CH2:17][CH3:18]>>[CH2:1]=[C:2]([Br:3])[CH2:4][C:5]1=[CH:6][CH:7]2[CH2:8][CH:9]1[CH2:10][C:11]2([F:12])[C:13](=[O:14])[CH2:15][CH2:16][CH2:17][CH3:18],1
49,[CH2:1]=[C:2]([Br:3])[CH2:4][C:5]1=[CH:9][CH2:8][CH:7]=[CH:6]1.[C:10]([F:11])([C:12](=[O:13])[CH2:14][CH2:15][CH2:16][CH3:17])=[CH2:18]>>[CH2:1]=[C:2]([Br:3])[CH2:4][C:5]1=[CH:6][CH:7]2[CH2:8][CH:9]1[C:10]([F:11])([C:12](=[O:13])[CH2:14][CH2:15][CH2:16][CH3:17])[CH2:18]2,0
50,[CH2:14]=[CH:15][C:16]([CH3:17])=[O:18].[CH3:1][O:2][C:3]1([O:4][CH3:5])[C:6](=[O:7])[CH:8]=[C:9]([CH3:10])[C:11]([Br:12])=[CH:13]1>>[CH3:1][O:2][C:3]1([O:4][CH3:5])[C:6](=[O:7])[CH:8]2[C:9]([CH3:10])=[C:11]([Br:12])[CH:13]1[CH2:14][CH:15]2[C:16]([CH3:17])=[O:18],1
51,[CH2:9]=[CH:10][C:11]([CH3:12])=[O:13].[CH3:1][O:2][C:3]1([O:4][CH3:5])[C:6](=[O:7])[CH:8]=[C:17]([CH3:18])[C:15]([Br:16])=[CH:14]1>>[CH3:1][O:2][C:3]1([O:4][CH3:5])[C:6](=[O:7])[CH:8]2[CH2:9][CH:10]([C:11]([CH3:12])=[O:13])[CH:14]1[C:15]([Br:16])=[C:17]2[CH3:18],0
52,[CH2:7]=[CH:8][CH:9]=[CH:10][CH3:11].[CH3:1][C:2]1=[CH:3][C:4](=[O:5])[CH:6]=[CH:12][C:13]12[O:14][CH2:15][CH2:16][O:17]2>>[CH3:1][C:2]1=[CH:3][C:4](=[O:5])[CH:6]2[CH2:7][CH:8]=[CH:9][CH:10]([CH3:11])[CH:12]2[C:13]12[O:14][CH2:15][CH2:16][O:17]2,0
53,[CH:7]([CH3:8])=[CH:9][CH:10]=[CH2:11].[CH3:1][C:2]1=[CH:3][C:4](=[O:5])[CH:6]=[CH:12][C:13]12[O:14][CH2:15][CH2:16][O:17]2>>[CH3:1][C:2]1=[CH:3][C:4](=[O:5])[CH:6]2[CH:7]([CH3:8])[CH:9]=[CH:10][CH2:11][CH:12]2[C:13]12[O:14][CH2:15][CH2:16][O:17]2,1
54,[CH3:1][CH:2]=[CH:3][CH:4]=[CH2:5].[C:6]1([CH3:7])=[CH:8][C:9](=[O:10])[CH:11]=[CH:12][C:13]12[O:14][CH2:15][CH2:16][O:17]2>>[CH3:1][CH:2]1[CH:3]=[CH:4][CH2:5][C:6]2([CH3:7])[CH:8]1[C:9](=[O:10])[CH:11]=[CH:12][C:13]21[O:14][CH2:15][CH2:16][O:17]1,0
55,[CH3:1][CH:2]=[CH:3][CH:4]=[CH2:5].[CH:6]1=[C:16]([CH3:17])[C:11]2([CH:10]=[CH:9][C:7]1=[O:8])[O:12][CH2:13][CH2:14][O:15]2>>[CH3:1][CH:2]1[CH:3]=[CH:4][CH2:5][CH:6]2[C:7](=[O:8])[CH:9]=[CH:10][C:11]3([O:12][CH2:13][CH2:14][O:15]3)[C:16]12[CH3:17],0
56,[CH2:10]=[CH:11][CH:12]=[CH:13][CH3:14].[CH3:1][C:2]1=[CH:3][C:4]2([O:5][CH2:6][CH2:7][O:8]2)[CH:9]=[CH:15][C:16]1=[O:17]>>[CH3:1][C:2]1=[CH:3][C:4]2([O:5][CH2:6][CH2:7][O:8]2)[CH:9]2[CH2:10][CH:11]=[CH:12][CH:13]([CH3:14])[CH:15]2[C:16]1=[O:17],0
57,[CH3:1][CH:2]=[CH:3][CH:4]=[CH2:5].[C:6]1([CH3:7])=[CH:17][C:12]2([CH:11]=[CH:10][C:8]1=[O:9])[O:13][CH2:14][CH2:15][O:16]2>>[CH3:1][CH:2]1[CH:3]=[CH:4][CH2:5][C:6]2([CH3:7])[C:8](=[O:9])[CH:10]=[CH:11][C:12]3([O:13][CH2:14][CH2:15][O:16]3)[CH:17]12,0
58,[CH3:1][CH:2]=[CH:3][CH:4]=[CH2:5].[CH:6]1=[C:12]([CH3:13])[C:10](=[O:11])[CH:9]=[CH:8][C:7]12[O:14][CH2:15][CH2:16][O:17]2>>[CH3:1][CH:2]1[CH:3]=[CH:4][CH2:5][CH:6]2[C:7]3([CH:8]=[CH:9][C:10](=[O:11])[C:12]12[CH3:13])[O:14][CH2:15][CH2:16][O:17]3,1
59,[CH:10]([CH3:11])=[CH:12][CH:13]=[CH2:14].[CH3:1][C:2]1=[CH:3][C:4]2([O:5][CH2:6][CH2:7][O:8]2)[CH:9]=[CH:15][C:16]1=[O:17]>>[CH3:1][C:2]1=[CH:3][C:4]2([O:5][CH2:6][CH2:7][O:8]2)[CH:9]2[CH:10]([CH3:11])[CH:12]=[CH:13][CH2:14][CH:15]2[C:16]1=[O:17],0
60,[CH3:1][CH:2]=[CH:3][CH:4]=[CH2:5].[CH:6]1=[C:12]([CH3:13])[C:10](=[O:11])[CH:9]=[CH:8][C:7]12[O:14][CH2:15][C:16]([CH3:17])([CH3:18])[CH2:19][O:20]2>>[CH3:1][CH:2]1[CH:3]=[CH:4][CH2:5][CH:6]2[C:7]3([CH:8]=[CH:9][C:10](=[O:11])[C:12]12[CH3:13])[O:14][CH2:15][C:16]([CH3:17])([CH3:18])[CH2:19][O:20]3,1
61,[CH3:1][CH:2]=[CH:3][CH:4]=[CH2:5].[C:6]1([CH3:7])=[CH:20][C:12]2([CH:11]=[CH:10][C:8]1=[O:9])[O:13][CH2:14][C:15]([CH3:16])([CH3:17])[CH2:18][O:19]2>>[CH3:1][CH:2]1[CH:3]=[CH:4][CH2:5][C:6]2([CH3:7])[C:8](=[O:9])[CH:10]=[CH:11][C:12]3([O:13][CH2:14][C:15]([CH3:16])([CH3:17])[CH2:18][O:19]3)[CH:20]12,0
62,[CH:13]([CH3:14])=[CH:15][CH:16]=[CH2:17].[CH3:1][C:2]1=[CH:3][C:4]2([O:5][CH2:6][C:7]([CH3:8])([CH3:9])[CH2:10][O:11]2)[CH:12]=[CH:18][C:19]1=[O:20]>>[CH3:1][C:2]1=[CH:3][C:4]2([O:5][CH2:6][C:7]([CH3:8])([CH3:9])[CH2:10][O:11]2)[CH:12]2[CH:13]([CH3:14])[CH:15]=[CH:16][CH2:17][CH:18]2[C:19]1=[O:20],0
63,[CH:8]([CH3:9])=[CH:10][CH:11]=[CH2:12].[CH3:1][O:2][C:3]1=[CH:4][C:5](=[O:6])[CH:7]=[CH:13][C:14]12[O:15][CH2:16][C:17]([CH3:18])([CH3:19])[CH2:20][O:21]2>>[CH3:1][O:2][C:3]1=[CH:4][C:5](=[O:6])[CH:7]2[CH:8]([CH3:9])[CH:10]=[CH:11][CH2:12][CH:13]2[C:14]12[O:15][CH2:16][C:17]([CH3:18])([CH3:19])[CH2:20][O:21]2,1
64,[CH2:4]=[CH:5][CH:6]=[CH:7][CH3:8].[CH3:1][O:2][C:3]1=[CH:9][C:10](=[O:11])[CH:12]=[CH:13][C:14]12[O:15][CH2:16][C:17]([CH3:18])([CH3:19])[CH2:20][O:21]2>>[CH3:1][O:2][C:3]12[CH2:4][CH:5]=[CH:6][CH:7]([CH3:8])[CH:9]1[C:10](=[O:11])[CH:12]=[CH:13][C:14]21[O:15][CH2:16][C:17]([CH3:18])([CH3:19])[CH2:20][O:21]1,0
65,[CH2:18]=[CH:19][CH:20]=[CH:21][CH3:22].[CH3:1][CH2:2][O:3][P:4](=[O:5])([O:6][CH2:7][CH3:8])[C:9]1=[CH:17][C:14]([CH3:15])([CH3:16])[CH:13]=[CH:12][C:10]1=[O:11]>>[CH3:1][CH2:2][O:3][P:4](=[O:5])([O:6][CH2:7][CH3:8])[C:9]12[C:10](=[O:11])[CH:12]=[CH:13][C:14]([CH3:15])([CH3:16])[CH:17]1[CH2:18][CH:19]=[CH:20][CH:21]2[CH3:22],1
66,[CH2:10]=[CH:11][CH:12]=[CH:13][CH3:14].[CH3:1][CH2:2][O:3][P:4](=[O:5])([O:6][CH2:7][CH3:8])[C:9]1=[CH:15][C:16]([CH3:17])([CH3:18])[CH:19]=[CH:20][C:21]1=[O:22]>>[CH3:1][CH2:2][O:3][P:4](=[O:5])([O:6][CH2:7][CH3:8])[C:9]12[CH2:10][CH:11]=[CH:12][CH:13]([CH3:14])[CH:15]1[C:16]([CH3:17])([CH3:18])[CH:19]=[CH:20][C:21]2=[O:22],0
67,[CH:15](=[CH2:16])[C:17]([CH3:18])=[CH:19][CH3:20].[CH3:1][CH2:2][O:3][P:4](=[O:5])([O:6][CH2:7][CH3:8])[C:9]1=[CH:10][C:11]([CH3:12])([CH3:13])[CH:14]=[CH:21][C:22]1=[O:23]>>[CH3:1][CH2:2][O:3][P:4](=[O:5])([O:6][CH2:7][CH3:8])[C:9]1=[CH:10][C:11]([CH3:12])([CH3:13])[CH:14]2[CH:15]([CH3:16])[C:17]([CH3:18])=[CH:19][CH2:20][CH:21]2[C:22]1=[O:23],0
68,[CH2:18]=[CH:19][C:20]([CH3:21])=[CH:22][CH3:23].[CH3:1][CH2:2][O:3][P:4](=[O:5])([O:6][CH2:7][CH3:8])[C:9]1=[CH:17][C:14]([CH3:15])([CH3:16])[CH:13]=[CH:12][C:10]1=[O:11]>>[CH3:1][CH2:2][O:3][P:4](=[O:5])([O:6][CH2:7][CH3:8])[C:9]12[C:10](=[O:11])[CH:12]=[CH:13][C:14]([CH3:15])([CH3:16])[CH:17]1[CH2:18][CH:19]=[C:20]([CH3:21])[CH:22]2[CH3:23],1
69,[CH2:10]=[CH:11][C:12]([CH3:13])=[CH:14][CH3:15].[CH3:1][CH2:2][O:3][P:4](=[O:5])([O:6][CH2:7][CH3:8])[C:9]1=[CH:16][C:17]([CH3:18])([CH3:19])[CH:20]=[CH:21][C:22]1=[O:23]>>[CH3:1][CH2:2][O:3][P:4](=[O:5])([O:6][CH2:7][CH3:8])[C:9]12[CH2:10][CH:11]=[C:12]([CH3:13])[CH:14]([CH3:15])[CH:16]1[C:17]([CH3:18])([CH3:19])[CH:20]=[CH:21][C:22]2=[O:23],0
70,[CH:18]1=[CH:19][CH:20]=[CH:21][CH2:22]1.[CH3:1][CH2:2][O:3][P:4](=[O:5])([O:6][CH2:7][CH3:8])[C:9]1=[CH:17][C:14]([CH3:15])([CH3:16])[CH:13]=[CH:12][C:10]1=[O:11]>>[CH3:1][CH2:2][O:3][P:4](=[O:5])([O:6][CH2:7][CH3:8])[C:9]12[C:10](=[O:11])[CH:12]=[CH:13][C:14]([CH3:15])([CH3:16])[CH:17]1[CH:18]1[CH:19]=[CH:20][CH:21]2[CH2:22]1,1
71,[CH:15]1=[CH:16][CH:17]=[CH:18][CH2:19]1.[CH3:1][CH2:2][O:3][P:4](=[O:5])([O:6][CH2:7][CH3:8])[C:9]1=[CH:10][C:11]([CH3:12])([CH3:13])[CH:14]=[CH:20][C:21]1=[O:22]>>[CH3:1][CH2:2][O:3][P:4](=[O:5])([O:6][CH2:7][CH3:8])[C:9]1=[CH:10][C:11]([CH3:12])([CH3:13])[CH:14]2[CH:15]3[CH:16]=[CH:17][CH:18]([CH2:19]3)[CH:20]2[C:21]1=[O:22],0
72,[CH3:1][O:2][C:3]([CH:4]=[CH2:5])=[CH2:17].[CH2:6]=[CH:7][C:8](=[O:9])[n:10]1[n:11][c:12]([CH3:13])[cH:14][c:15]1[CH3:16]>>[CH3:1][O:2][C:3]1=[CH:4][CH2:5][CH2:6][CH:7]([C:8](=[O:9])[n:10]2[n:11][c:12]([CH3:13])[cH:14][c:15]2[CH3:16])[CH2:17]1,0
73,[CH3:1][O:2][C:3](=[CH2:4])[CH:17]=[CH2:16].[CH2:5]=[CH:6][C:7](=[O:8])[n:9]1[n:10][c:11]([CH3:12])[cH:13][c:14]1[CH3:15]>>[CH3:1][O:2][C:3]1=[CH:4][CH2:5][CH:6]([C:7](=[O:8])[n:9]2[n:10][c:11]([CH3:12])[cH:13][c:14]2[CH3:15])[CH2:16][CH2:17]1,1
74,[CH2:11]=[C:12]([c:13]1[cH:14][cH:15][cH:16][cH:17][cH:18]1)[CH:19]=[CH2:20].[CH3:1][c:2]1[cH:3][c:4]([CH3:5])[n:6]([C:7](=[O:8])[CH:9]=[CH2:10])[n:21]1>>[CH3:1][c:2]1[cH:3][c:4]([CH3:5])[n:6]([C:7](=[O:8])[CH:9]2[CH2:10][CH:11]=[C:12]([c:13]3[cH:14][cH:15][cH:16][cH:17][cH:18]3)[CH2:19][CH2:20]2)[n:21]1,1
75,[CH2:11]=[CH:12][C:13]([c:14]1[cH:15][cH:16][cH:17][cH:18][cH:19]1)=[CH2:20].[CH3:1][c:2]1[cH:3][c:4]([CH3:5])[n:6]([C:7](=[O:8])[CH:9]=[CH2:10])[n:21]1>>[CH3:1][c:2]1[cH:3][c:4]([CH3:5])[n:6]([C:7](=[O:8])[CH:9]2[CH2:10][CH2:11][CH:12]=[C:13]([c:14]3[cH:15][cH:16][cH:17][cH:18][cH:19]3)[CH2:20]2)[n:21]1,0
76,[CH:7]1=[CH:8][C:9]([CH3:10])=[CH:11][CH2:12]1.[CH3:1][CH2:2][O:3][C:4](=[O:5])[CH:6]=[CH:13][B:14]1[O:15][C:16]([CH3:17])([CH3:18])[C:19]([CH3:20])([CH3:21])[O:22]1>>[CH3:1][CH2:2][O:3][C:4](=[O:5])[CH:6]1[CH:7]2[CH:8]=[C:9]([CH3:10])[CH:11]([CH2:12]2)[CH:13]1[B:14]1[O:15][C:16]([CH3:17])([CH3:18])[C:19]([CH3:20])([CH3:21])[O:22]1,1
77,[CH:7]1=[C:11]([CH3:12])[CH:10]=[CH:9][CH2:8]1.[CH3:1][CH2:2][O:3][C:4](=[O:5])[CH:6]=[CH:13][B:14]1[O:15][C:16]([CH3:17])([CH3:18])[C:19]([CH3:20])([CH3:21])[O:22]1>>[CH3:1][CH2:2][O:3][C:4](=[O:5])[CH:6]1[CH:7]2[CH2:8][CH:9]([CH:10]=[C:11]2[CH3:12])[CH:13]1[B:14]1[O:15][C:16]([CH3:17])([CH3:18])[C:19]([CH3:20])([CH3:21])[O:22]1,0
78,[CH3:1][Si:2]([CH3:3])([CH3:4])[O:5][C:6]([CH:7]=[CH2:12])=[CH2:13].[CH2:8]=[CH:9][CH:10]=[O:11]>>[CH3:1][Si:2]([CH3:3])([CH3:4])[O:5][C:6]1=[CH:7][CH2:8][CH:9]([CH:10]=[O:11])[CH2:12][CH2:13]1,1
79,[CH3:1][Si:2]([CH3:3])([CH3:4])[O:5][C:6]([CH:8]=[CH2:7])=[CH2:13].[CH2:9]=[CH:10][CH:11]=[O:12]>>[CH3:1][Si:2]([CH3:3])([CH3:4])[O:5][C:6]1=[CH:7][CH2:8][CH2:9][CH:10]([CH:11]=[O:12])[CH2:13]1,0
80,[CH2:14]=[CH:15][C:16]([CH3:17])=[O:18].[CH3:1][O:2][C:3]1([O:4][CH3:5])[C:6](=[O:7])[C:8]([CH3:9])=[CH:10][C:11]([Br:12])=[CH:13]1>>[CH3:1][O:2][C:3]1([O:4][CH3:5])[C:6](=[O:7])[C:8]2([CH3:9])[CH:10]=[C:11]([Br:12])[CH:13]1[CH2:14][CH:15]2[C:16]([CH3:17])=[O:18],1
81,[CH:14]([C:15]([CH3:16])=[O:17])=[CH2:18].[CH3:1][O:2][C:3]1([O:4][CH3:5])[C:6](=[O:7])[C:8]([CH3:9])=[CH:10][C:11]([Br:12])=[CH:13]1>>[CH3:1][O:2][C:3]1([O:4][CH3:5])[C:6](=[O:7])[C:8]2([CH3:9])[CH:10]=[C:11]([Br:12])[CH:13]1[CH:14]([C:15]([CH3:16])=[O:17])[CH2:18]2,0
82,[CH3:1][O:2][C:3](=[O:4])[CH:5]=[CH2:6].[CH:7]1=[C:8]([Br:9])[CH:10]=[C:11]([CH3:12])[C:13](=[O:14])[C:15]1([O:16][CH3:17])[O:18][CH3:19]>>[CH3:1][O:2][C:3](=[O:4])[CH:5]1[CH2:6][CH:7]2[C:8]([Br:9])=[CH:10][C:11]1([CH3:12])[C:13](=[O:14])[C:15]2([O:16][CH3:17])[O:18][CH3:19],1
83,[CH3:1][O:2][C:3](=[O:4])[CH:5]=[CH2:6].[C:7]1([CH3:8])=[CH:9][C:10]([Br:11])=[CH:12][C:13]([O:14][CH3:15])([O:16][CH3:17])[C:18]1=[O:19]>>[CH3:1][O:2][C:3](=[O:4])[CH:5]1[CH2:6][C:7]2([CH3:8])[CH:9]=[C:10]([Br:11])[CH:12]1[C:13]([O:14][CH3:15])([O:16][CH3:17])[C:18]2=[O:19],0
84,[CH2:6]=[CH:7][C:8](=[CH2:9])[CH3:10].[CH3:1][CH2:2][C:3]1([CH:4]=[CH2:5])[O:11][CH2:12][CH2:13][O:14]1>>[CH3:1][CH2:2][C:3]1([CH:4]2[CH2:5][CH2:6][CH:7]=[C:8]([CH3:9])[CH2:10]2)[O:11][CH2:12][CH2:13][O:14]1,0
85,[CH2:5]=[CH:6][C:9](=[CH2:7])[CH3:8].[CH3:1][CH2:2][C:3]1([CH:4]=[CH2:10])[O:11][CH2:12][CH2:13][O:14]1>>[CH3:1][CH2:2][C:3]1([CH:4]2[CH2:5][CH:6]=[C:7]([CH3:8])[CH2:9][CH2:10]2)[O:11][CH2:12][CH2:13][O:14]1,1
86,[CH2:10]=[CH:11][C:12](=[O:13])[O:14][CH3:15].[CH3:1][O:2][CH:3]=[CH:4][C:5]([CH3:6])=[CH:7][O:8][CH:9]=[C:20]([CH:19]=[CH:16][O:17][CH3:18])[CH3:21]>>[CH3:1][O:2][CH:3]=[CH:4][C:5]([CH3:6])=[CH:7][O:8][CH:9]1[CH2:10][CH:11]([C:12](=[O:13])[O:14][CH3:15])[CH:16]([O:17][CH3:18])[CH:19]=[C:20]1[CH3:21],0
87,[CH2:16]=[CH:17][C:18](=[O:19])[O:20][CH3:21].[CH3:1][O:2][CH:3]=[CH:4][C:5]([CH3:6])=[CH:7][O:8][CH:9]=[C:10]([CH3:11])[CH:12]=[CH:13][O:14][CH3:15]>>[CH3:1][O:2][CH:3]=[CH:4][C:5]([CH3:6])=[CH:7][O:8][CH:9]1[C:10]([CH3:11])=[CH:12][CH:13]([O:14][CH3:15])[CH2:16][CH:17]1[C:18](=[O:19])[O:20][CH3:21],1
88,[CH2:1]=[C:2]([CH:3]=[CH2:4])[CH3:13].[CH:5]1=[C:10]([C:11]#[N:12])[C:8](=[O:9])[CH2:7][CH2:6]1>>[CH3:1][C:2]1=[CH:3][CH2:4][CH:5]2[CH2:6][CH2:7][C:8](=[O:9])[C:10]2([C:11]#[N:12])[CH2:13]1,0
89,[CH2:1]=[C:2]([CH:3]=[CH2:4])[CH3:13].[C:5]1([C:6]#[N:7])=[CH:12][CH2:11][CH2:10][C:8]1=[O:9]>>[CH3:1][C:2]1=[CH:3][CH2:4][C:5]2([C:6]#[N:7])[C:8](=[O:9])[CH2:10][CH2:11][CH:12]2[CH2:13]1,1
90,[CH2:1]=[C:2]([CH:3]=[CH2:4])[CH3:15].[C:5]1([C:6]#[N:7])=[CH:14][CH2:13][CH2:12][CH2:11][CH2:10][C:8]1=[O:9]>>[CH3:1][C:2]1=[CH:3][CH2:4][C:5]2([C:6]#[N:7])[C:8](=[O:9])[CH2:10][CH2:11][CH2:12][CH2:13][CH:14]2[CH2:15]1,1
91,[CH2:1]=[C:2]([CH:3]=[CH2:4])[CH3:15].[CH:5]1=[C:12]([C:13]#[N:14])[C:10](=[O:11])[CH2:9][CH2:8][CH2:7][CH2:6]1>>[CH3:1][C:2]1=[CH:3][CH2:4][CH:5]2[CH2:6][CH2:7][CH2:8][CH2:9][C:10](=[O:11])[C:12]2([C:13]#[N:14])[CH2:15]1,0
92,[CH2:10]=[CH:11][CH:12]=[CH:13][CH3:14].[CH3:1][CH2:2][O:3][P:4](=[O:5])([O:6][CH2:7][CH3:8])[C:9]1=[CH:15][CH2:16][CH2:17][CH2:18][C:19]1=[O:20]>>[CH3:1][CH2:2][O:3][P:4](=[O:5])([O:6][CH2:7][CH3:8])[C:9]12[CH2:10][CH:11]=[CH:12][CH:13]([CH3:14])[CH:15]1[CH2:16][CH2:17][CH2:18][C:19]2=[O:20],0
93,[CH2:16]=[CH:17][CH:18]=[CH:19][CH3:20].[CH3:1][CH2:2][O:3][P:4](=[O:5])([O:6][CH2:7][CH3:8])[C:9]1=[CH:15][CH2:14][CH2:13][CH2:12][C:10]1=[O:11]>>[CH3:1][CH2:2][O:3][P:4](=[O:5])([O:6][CH2:7][CH3:8])[C:9]12[C:10](=[O:11])[CH2:12][CH2:13][CH2:14][CH:15]1[CH2:16][CH:17]=[CH:18][CH:19]2[CH3:20],1
94,[CH2:18]=[C:19]([CH3:20])[CH:21]=[CH:22][CH3:23].[CH3:1][CH2:2][O:3][P:4](=[O:5])([O:6][CH2:7][CH3:8])[C:9]1=[CH:17][C:14]([CH3:15])([CH3:16])[CH:13]=[CH:12][C:10]1=[O:11]>>[CH3:1][CH2:2][O:3][P:4](=[O:5])([O:6][CH2:7][CH3:8])[C:9]12[C:10](=[O:11])[CH:12]=[CH:13][C:14]([CH3:15])([CH3:16])[CH:17]1[CH2:18][C:19]([CH3:20])=[CH:21][CH:22]2[CH3:23],1
95,[CH2:10]=[C:11]([CH3:12])[CH:13]=[CH:14][CH3:15].[CH3:1][CH2:2][O:3][P:4](=[O:5])([O:6][CH2:7][CH3:8])[C:9]1=[CH:16][C:17]([CH3:18])([CH3:19])[CH:20]=[CH:21][C:22]1=[O:23]>>[CH3:1][CH2:2][O:3][P:4](=[O:5])([O:6][CH2:7][CH3:8])[C:9]12[CH2:10][C:11]([CH3:12])=[CH:13][CH:14]([CH3:15])[CH:16]1[C:17]([CH3:18])([CH3:19])[CH:20]=[CH:21][C:22]2=[O:23],0
96,[CH2:10]=[CH:11][C:12](=[CH2:13])[CH3:14].[CH3:1][CH2:2][O:3][P:4](=[O:5])([O:6][CH2:7][CH3:8])[C:9]1=[CH:15][CH2:16][CH2:17][CH2:18][C:19]1=[O:20]>>[CH3:1][CH2:2][O:3][P:4](=[O:5])([O:6][CH2:7][CH3:8])[C:9]12[CH2:10][CH:11]=[C:12]([CH3:13])[CH2:14][CH:15]1[CH2:16][CH2:17][CH2:18][C:19]2=[O:20],1
97,[CH3:10][C:11](=[CH2:12])[CH:13]=[CH2:14].[CH3:1][CH2:2][O:3][P:4](=[O:5])([O:6][CH2:7][CH3:8])[C:9]1=[CH:15][CH2:16][CH2:17][CH2:18][C:19]1=[O:20]>>[CH3:1][CH2:2][O:3][P:4](=[O:5])([O:6][CH2:7][CH3:8])[C:9]12[CH2:10][C:11]([CH3:12])=[CH:13][CH2:14][CH:15]1[CH2:16][CH2:17][CH2:18][C:19]2=[O:20],0
98,[CH2:15]=[C:16]([CH3:17])[CH:18]=[O:19].[CH3:1][O:2][c:3]1[cH:4][cH:5][c:6]2[c:7]([cH:8]1)[CH2:9][CH2:10][CH:13]=[C:12]2[CH:11]=[CH2:14]>>[CH3:1][O:2][c:3]1[cH:4][cH:5][c:6]2[c:7]([cH:8]1)[CH2:9][CH2:10][CH:11]1[C:12]2=[CH:13][CH2:14][CH2:15][C:16]1([CH3:17])[CH:18]=[O:19],1
99,[CH2:12]=[C:13]([CH3:14])[CH:15]=[O:16].[CH3:1][O:2][c:3]1[cH:4][cH:5][c:6]2[c:7]([cH:8]1)[CH2:9][CH2:10][CH:11]=[C:19]2[CH:18]=[CH2:17]>>[CH3:1][O:2][c:3]1[cH:4][cH:5][c:6]2[c:7]([cH:8]1)[CH2:9][CH2:10][CH:11]1[CH2:12][C:13]([CH3:14])([CH:15]=[O:16])[CH2:17][CH:18]=[C:19]21,0
100,[CH2:7]=[C:8]([CH2:9][CH2:10][O:11][CH2:12][c:13]1[cH:14][cH:15][cH:16][cH:17][cH:18]1)[CH:19]=[CH2:20].[CH3:1][CH2:2][O:3][C:4](=[O:5])[CH:6]=[CH:21][C:22]([CH3:23])=[O:24]>>[CH3:1][CH2:2][O:3][C:4](=[O:5])[CH:6]1[CH2:7][C:8]([CH2:9][CH2:10][O:11][CH2:12][c:13]2[cH:14][cH:15][cH:16][cH:17][cH:18]2)=[CH:19][CH2:20][CH:21]1[C:22]([CH3:23])=[O:24],0
101,[CH2:7]=[CH:8][C:9]([CH2:10][CH2:11][O:12][CH2:13][c:14]1[cH:15][cH:16][cH:17][cH:18][cH:19]1)=[CH2:20].[CH3:1][CH2:2][O:3][C:4](=[O:5])[CH:6]=[CH:21][C:22]([CH3:23])=[O:24]>>[CH3:1][CH2:2][O:3][C:4](=[O:5])[CH:6]1[CH2:7][CH:8]=[C:9]([CH2:10][CH2:11][O:12][CH2:13][c:14]2[cH:15][cH:16][cH:17][cH:18][cH:19]2)[CH2:20][CH:21]1[C:22]([CH3:23])=[O:24],1
102,[CH3:1][O:2][CH:3]=[CH:4][CH:5]=[CH2:6].[CH:7]([CH:8]=[O:9])=[CH2:10]>>[CH3:1][O:2][CH:3]1[CH:4]=[CH:5][CH2:6][CH:7]([CH:8]=[O:9])[CH2:10]1,0
103,[CH3:1][O:2][CH:3]=[CH:4][CH:5]=[CH2:6].[CH2:7]=[CH:8][CH:9]=[O:10]>>[CH3:1][O:2][CH:3]1[CH:4]=[CH:5][CH2:6][CH2:7][CH:8]1[CH:9]=[O:10],1
104,[CH3:1][O:2][C:3](=[O:4])[C:5]([CH3:6])=[CH2:7].[CH:8]1=[C:9]([Br:10])[CH:11]=[C:12]([CH3:13])[C:14](=[O:15])[C:16]1([O:17][CH3:18])[O:19][CH3:20]>>[CH3:1][O:2][C:3](=[O:4])[C:5]1([CH3:6])[CH2:7][CH:8]2[C:9]([Br:10])=[CH:11][C:12]1([CH3:13])[C:14](=[O:15])[C:16]2([O:17][CH3:18])[O:19][CH3:20],1
105,[CH3:1][O:2][C:3](=[O:4])[C:5]([CH3:6])=[CH2:7].[C:8]1([CH3:9])=[CH:10][C:11]([Br:12])=[CH:13][C:14]([O:15][CH3:16])([O:17][CH3:18])[C:19]1=[O:20]>>[CH3:1][O:2][C:3](=[O:4])[C:5]1([CH3:6])[CH2:7][C:8]2([CH3:9])[CH:10]=[C:11]([Br:12])[CH:13]1[C:14]([O:15][CH3:16])([O:17][CH3:18])[C:19]2=[O:20],0
106,[CH3:1][CH:2]([O:3][CH2:4][c:5]1[cH:6][cH:7][cH:8][cH:9][cH:10]1)[CH:11]1[O:12][CH2:13][CH:14]=[C:15]1[CH:16]=[CH2:17].[CH:18]1=[CH:24][C:22](=[O:23])[CH2:21][CH2:20][CH2:19]1>>[CH3:1][CH:2]([O:3][CH2:4][c:5]1[cH:6][cH:7][cH:8][cH:9][cH:10]1)[CH:11]1[O:12][CH2:13][CH:14]2[C:15]1=[CH:16][CH2:17][CH:18]1[CH2:19][CH2:20][CH2:21][C:22](=[O:23])[CH:24]21,1
107,[CH3:1][CH:2]([O:3][CH2:4][c:5]1[cH:6][cH:7][cH:8][cH:9][cH:10]1)[CH:11]1[O:12][CH2:13][CH:14]=[C:15]1[CH:16]=[CH2:17].[CH:18]1=[CH:24][CH2:23][CH2:22][CH2:21][C:19]1=[O:20]>>[CH3:1][CH:2]([O:3][CH2:4][c:5]1[cH:6][cH:7][cH:8][cH:9][cH:10]1)[CH:11]1[O:12][CH2:13][CH:14]2[C:15]1=[CH:16][CH2:17][CH:18]1[C:19](=[O:20])[CH2:21][CH2:22][CH2:23][CH:24]21,0
108,[CH3:1][CH:2]([O:3][CH2:4][c:5]1[cH:6][cH:7][cH:8][cH:9][cH:10]1)[CH:11]1[O:12][CH2:13][CH:14]=[C:15]1[CH:16]=[CH2:17].[CH:18]1=[CH:23][CH2:22][CH2:21][C:19]1=[O:20]>>[CH3:1][CH:2]([O:3][CH2:4][c:5]1[cH:6][cH:7][cH:8][cH:9][cH:10]1)[CH:11]1[O:12][CH2:13][CH:14]2[C:15]1=[CH:16][CH2:17][CH:18]1[C:19](=[O:20])[CH2:21][CH2:22][CH:23]21,0
109,[CH3:1][CH:2]([O:3][CH2:4][c:5]1[cH:6][cH:7][cH:8][cH:9][cH:10]1)[CH:11]1[O:12][CH2:13][CH:14]=[C:15]1[CH:16]=[CH2:17].[CH:18]1=[CH:23][C:21](=[O:22])[CH2:20][CH2:19]1>>[CH3:1][CH:2]([O:3][CH2:4][c:5]1[cH:6][cH:7][cH:8][cH:9][cH:10]1)[CH:11]1[O:12][CH2:13][CH:14]2[C:15]1=[CH:16][CH2:17][CH:18]1[CH2:19][CH2:20][C:21](=[O:22])[CH:23]21,1
110,[CH:13]([C:14]([CH3:15])=[O:16])=[CH2:17].[CH3:1][O:2][C:3]1([O:4][CH3:5])[C:6](=[O:7])[CH:8]=[CH:9][C:10]([Br:11])=[CH:12]1>>[CH3:1][O:2][C:3]1([O:4][CH3:5])[C:6](=[O:7])[CH:8]2[CH:9]=[C:10]([Br:11])[CH:12]1[CH:13]([C:14]([CH3:15])=[O:16])[CH2:17]2,0
111,[CH2:13]=[CH:14][C:15]([CH3:16])=[O:17].[CH3:1][O:2][C:3]1([O:4][CH3:5])[C:6](=[O:7])[CH:8]=[CH:9][C:10]([Br:11])=[CH:12]1>>[CH3:1][O:2][C:3]1([O:4][CH3:5])[C:6](=[O:7])[CH:8]2[CH:9]=[C:10]([Br:11])[CH:12]1[CH2:13][CH:14]2[C:15]([CH3:16])=[O:17],1
112,[CH2:9]=[CH:10][C:11]([CH3:12])=[O:13].[CH3:1][O:2][C:3]1([O:4][CH3:5])[C:6](=[O:7])[CH:8]=[C:21]([Br:22])[C:15]([CH:16]2[O:17][CH2:18][CH2:19][O:20]2)=[CH:14]1>>[CH3:1][O:2][C:3]1([O:4][CH3:5])[C:6](=[O:7])[CH:8]2[CH2:9][CH:10]([C:11]([CH3:12])=[O:13])[CH:14]1[C:15]([CH:16]1[O:17][CH2:18][CH2:19][O:20]1)=[C:21]2[Br:22],1
113,[CH2:18]=[CH:19][C:20]([CH3:21])=[O:22].[CH3:1][O:2][C:3]1([O:4][CH3:5])[C:6](=[O:7])[CH:8]=[C:9]([Br:10])[C:11]([CH:12]2[O:13][CH2:14][CH2:15][O:16]2)=[CH:17]1>>[CH3:1][O:2][C:3]1([O:4][CH3:5])[C:6](=[O:7])[CH:8]2[C:9]([Br:10])=[C:11]([CH:12]3[O:13][CH2:14][CH2:15][O:16]3)[CH:17]1[CH2:18][CH:19]2[C:20]([CH3:21])=[O:22],0
114,[CH3:1][O:2][C:3](=[O:4])[CH:5]=[CH2:6].[CH:7]1=[C:8]([CH:9]2[O:10][CH2:11][CH2:12][O:13]2)[C:14]([Br:15])=[CH:16][C:17](=[O:18])[C:19]1([O:20][CH3:21])[O:22][CH3:23]>>[CH3:1][O:2][C:3](=[O:4])[CH:5]1[CH2:6][CH:7]2[C:8]([CH:9]3[O:10][CH2:11][CH2:12][O:13]3)=[C:14]([Br:15])[CH:16]1[C:17](=[O:18])[C:19]2([O:20][CH3:21])[O:22][CH3:23],1
115,[CH3:1][O:2][C:3](=[O:4])[CH:5]=[CH2:6].[CH:7]1=[C:22]([Br:23])[C:16]([CH:17]2[O:18][CH2:19][CH2:20][O:21]2)=[CH:15][C:10]([O:11][CH3:12])([O:13][CH3:14])[C:8]1=[O:9]>>[CH3:1][O:2][C:3](=[O:4])[CH:5]1[CH2:6][CH:7]2[C:8](=[O:9])[C:10]([O:11][CH3:12])([O:13][CH3:14])[CH:15]1[C:16]([CH:17]1[O:18][CH2:19][CH2:20][O:21]1)=[C:22]2[Br:23],0
116,[CH3:1][O:2][C:3](=[O:4])[C:5]([CH3:6])=[CH2:7].[CH:8]1=[C:9]([CH:10]2[O:11][CH2:12][CH2:13][O:14]2)[C:15]([Br:16])=[CH:17][C:18](=[O:19])[C:20]1([O:21][CH3:22])[O:23][CH3:24]>>[CH3:1][O:2][C:3](=[O:4])[C:5]1([CH3:6])[CH2:7][CH:8]2[C:9]([CH:10]3[O:11][CH2:12][CH2:13][O:14]3)=[C:15]([Br:16])[CH:17]1[C:18](=[O:19])[C:20]2([O:21][CH3:22])[O:23][CH3:24],1
117,[CH3:1][O:2][C:3](=[O:4])[C:5]([CH3:6])=[CH2:7].[CH:8]1=[C:23]([Br:24])[C:17]([CH:18]2[O:19][CH2:20][CH2:21][O:22]2)=[CH:16][C:11]([O:12][CH3:13])([O:14][CH3:15])[C:9]1=[O:10]>>[CH3:1][O:2][C:3](=[O:4])[C:5]1([CH3:6])[CH2:7][CH:8]2[C:9](=[O:10])[C:11]([O:12][CH3:13])([O:14][CH3:15])[CH:16]1[C:17]([CH:18]1[O:19][CH2:20][CH2:21][O:22]1)=[C:23]2[Br:24],0
118,[CH3:1][C:2]([CH:3]=[O:4])=[CH2:5].[CH2:6]=[CH:7][C:8]1=[CH:16][CH2:15][c:14]2[c:9]1[cH:10][cH:11][cH:12][cH:13]2>>[CH3:1][C:2]1([CH:3]=[O:4])[CH2:5][CH2:6][CH:7]=[C:8]2[c:9]3[cH:10][cH:11][cH:12][cH:13][c:14]3[CH2:15][CH:16]12,1
119,[CH3:1][C:2]([CH:3]=[O:4])=[CH2:5].[CH:6]([C:7]1=[CH:15][CH2:14][c:13]2[c:8]1[cH:9][cH:10][cH:11][cH:12]2)=[CH2:16]>>[CH3:1][C:2]1([CH:3]=[O:4])[CH2:5][CH:6]=[C:7]2[c:8]3[cH:9][cH:10][cH:11][cH:12][c:13]3[CH2:14][CH:15]2[CH2:16]1,0
120,[CH2:9]=[CH:10][CH:11]=[CH:12][O:13][Si:14]([CH3:15])([CH3:16])[C:17]([CH3:18])([CH3:19])[CH3:20].[CH3:1][O:2][CH:3]1[O:4][C:5](=[O:6])[C:7]([Br:8])=[CH:21]1>>[CH3:1][O:2][CH:3]1[O:4][C:5](=[O:6])[C:7]2([Br:8])[CH2:9][CH:10]=[CH:11][CH:12]([O:13][Si:14]([CH3:15])([CH3:16])[C:17]([CH3:18])([CH3:19])[CH3:20])[CH:21]12,0
121,[CH:9]([O:10][Si:11]([CH3:12])([CH3:13])[C:14]([CH3:15])([CH3:16])[CH3:17])=[CH:18][CH:19]=[CH2:20].[CH3:1][O:2][CH:3]1[O:4][C:5](=[O:6])[C:7]([Br:8])=[CH:21]1>>[CH3:1][O:2][CH:3]1[O:4][C:5](=[O:6])[C:7]2([Br:8])[CH:9]([O:10][Si:11]([CH3:12])([CH3:13])[C:14]([CH3:15])([CH3:16])[CH3:17])[CH:18]=[CH:19][CH2:20][CH:21]12,1
122,[CH2:7]=[CH:8][C:9](=[CH2:10])[CH3:11].[CH3:1][CH2:2][C:3](=[O:4])[CH:5]=[CH2:6]>>[CH3:1][CH2:2][C:3](=[O:4])[CH:5]1[CH2:6][CH2:7][CH:8]=[C:9]([CH3:10])[CH2:11]1,1
123,[CH2:6]=[CH:7][C:8]([CH3:9])=[CH2:10].[CH3:1][CH2:2][C:3](=[O:4])[CH:5]=[CH2:11]>>[CH3:1][CH2:2][C:3](=[O:4])[CH:5]1[CH2:6][CH:7]=[C:8]([CH3:9])[CH2:10][CH2:11]1,0
124,[CH:11]1=[CH:12][CH:13]=[CH:14][CH2:15]1.[CH2:1]=[CH:2][CH2:3][O:4][CH:5]1[CH:6]([C:7](=[O:8])[CH:9]=[CH2:10])[O:16][CH:17]2[O:18][C:19]([CH3:20])([CH3:21])[O:22][CH:23]12>>[CH2:1]=[CH:2][CH2:3][O:4][CH:5]1[CH:6]([C:7](=[O:8])[CH:9]2[CH2:10][CH:11]3[CH:12]=[CH:13][CH:14]2[CH2:15]3)[O:16][CH:17]2[O:18][C:19]([CH3:20])([CH3:21])[O:22][CH:23]12,1
125,[CH:19]1=[CH:20][CH:21]=[CH:22][CH2:23]1.[CH2:1]=[CH:2][C:3](=[O:4])[CH:5]1[O:6][CH:7]2[O:8][C:9]([CH3:10])([CH3:11])[O:12][CH:13]2[CH:14]1[O:15][CH2:16][CH:17]=[CH2:18]>>[CH2:1]=[CH:2][C:3](=[O:4])[CH:5]1[O:6][CH:7]2[O:8][C:9]([CH3:10])([CH3:11])[O:12][CH:13]2[CH:14]1[O:15][CH2:16][CH:17]1[CH2:18][CH:19]2[CH:20]=[CH:21][CH:22]1[CH2:23]2,0
126,[CH3:1][CH2:2][O:3][C:4](=[O:5])[C:6]([Br:7])=[CH2:8].[CH2:9]=[CH:10][C:11](=[CH2:12])[CH3:13]>>[CH3:1][CH2:2][O:3][C:4](=[O:5])[C:6]1([Br:7])[CH2:8][CH2:9][CH:10]=[C:11]([CH3:12])[CH2:13]1,0
127,[CH3:1][CH2:2][O:3][C:4](=[O:5])[C:6]([Br:7])=[CH2:8].[CH2:9]=[C:10]([CH3:11])[CH:12]=[CH2:13]>>[CH3:1][CH2:2][O:3][C:4](=[O:5])[C:6]1([Br:7])[CH2:8][CH:9]=[C:10]([CH3:11])[CH2:12][CH2:13]1,1
128,[CH2:7]=[CH:8][C:9](=[CH2:10])[CH3:11].[CH3:1][O:2][C:3](=[O:4])[CH:5]=[CH2:6]>>[CH3:1][O:2][C:3](=[O:4])[CH:5]1[CH2:6][CH2:7][CH:8]=[C:9]([CH3:10])[CH2:11]1,0
129,[CH:7]([C:8]([CH3:9])=[CH2:10])=[CH2:11].[CH3:1][O:2][C:3](=[O:4])[CH:5]=[CH2:6]>>[CH3:1][O:2][C:3](=[O:4])[CH:5]1[CH2:6][CH:7]=[C:8]([CH3:9])[CH2:10][CH2:11]1,1
130,[CH3:1][O:2][C:3](=[O:4])[C:5]([CH3:6])=[CH2:7].[CH2:8]=[C:9]([O:10][Si:11]([CH3:12])([CH3:13])[CH3:14])[CH:15]=[CH:16][O:17][CH3:18]>>[CH3:1][O:2][C:3](=[O:4])[C:5]1([CH3:6])[CH2:7][CH2:8][C:9]([O:10][Si:11]([CH3:12])([CH3:13])[CH3:14])=[CH:15][CH:16]1[O:17][CH3:18],1
131,[CH3:1][O:2][C:3](=[O:4])[C:5]([CH3:6])=[CH2:18].[CH2:7]=[C:8]([O:9][Si:10]([CH3:11])([CH3:12])[CH3:13])[CH:14]=[CH:15][O:16][CH3:17]>>[CH3:1][O:2][C:3](=[O:4])[C:5]1([CH3:6])[CH2:7][C:8]([O:9][Si:10]([CH3:11])([CH3:12])[CH3:13])=[CH:14][CH:15]([O:16][CH3:17])[CH2:18]1,0
132,[CH3:1][CH:3]=[CH:2][CH:11]=[CH2:10].[CH:4]1=[CH:9][C:7](=[O:8])[CH2:6][CH2:5]1>>[CH3:1][CH:2]1[CH:3]=[CH:4][CH2:5][CH:6]2[C:7](=[O:8])[CH2:9][CH2:10][CH:11]12,0
133,[CH3:1][CH:2]=[CH:3][CH:4]=[CH2:5].[CH2:6]1[CH:7]=[CH:8][C:9](=[O:10])[CH2:11]1>>[CH3:1][CH:2]1[CH:3]=[CH:4][CH2:5][CH:6]2[CH2:7][CH2:8][C:9](=[O:10])[CH:11]12,1
134,[CH3:1][C:2](=[O:3])[C:4]([O:5][C:6](=[O:7])[c:8]1[cH:9][cH:10][c:11]([N+:12](=[O:13])[O-:14])[cH:15][cH:16]1)=[CH2:17].[CH3:18][CH:19]=[CH:20][CH:21]=[CH2:22]>>[CH3:1][C:2](=[O:3])[C:4]1([O:5][C:6](=[O:7])[c:8]2[cH:9][cH:10][c:11]([N+:12](=[O:13])[O-:14])[cH:15][cH:16]2)[CH2:17][CH2:18][CH:19]=[CH:20][CH:21]1[CH3:22],1
135,[CH3:1][C:2](=[O:3])[C:4]([O:5][C:6](=[O:7])[c:8]1[cH:9][cH:10][c:11]([N+:12](=[O:13])[O-:14])[cH:15][cH:16]1)=[CH2:17].[CH:18]([CH:19]=[CH:20][CH3:21])=[CH2:22]>>[CH3:1][C:2](=[O:3])[C:4]1([O:5][C:6](=[O:7])[c:8]2[cH:9][cH:10][c:11]([N+:12](=[O:13])[O-:14])[cH:15][cH:16]2)[CH2:17][CH:18]=[CH:19][CH:20]([CH3:21])[CH2:22]1,0
136,[CH:7]([C:8](=[O:9])[N:10]([OH:11])[CH:12]([CH3:13])[CH3:14])=[CH2:15].[CH3:1][O:2][CH:3]=[CH:4][CH:5]=[CH2:6]>>[CH3:1][O:2][CH:3]1[CH:4]=[CH:5][CH2:6][CH:7]([C:8](=[O:9])[N:10]([OH:11])[CH:12]([CH3:13])[CH3:14])[CH2:15]1,0
137,[CH2:7]=[CH:8][C:9](=[O:10])[N:11]([OH:12])[CH:13]([CH3:14])[CH3:15].[CH3:1][O:2][CH:3]=[CH:4][CH:5]=[CH2:6]>>[CH3:1][O:2][CH:3]1[CH:4]=[CH:5][CH2:6][CH2:7][CH:8]1[C:9](=[O:10])[N:11]([OH:12])[CH:13]([CH3:14])[CH3:15],1
138,[CH3:1][CH:2]=[CH:3][CH:4]=[CH2:5].[CH:6]1=[C:14]([C:15]#[N:16])[C:12](=[O:13])[CH:11]=[CH:10][C:7]1([CH3:8])[CH3:9]>>[CH3:1][CH:2]1[CH:3]=[CH:4][CH2:5][CH:6]2[C:7]([CH3:8])([CH3:9])[CH:10]=[CH:11][C:12](=[O:13])[C:14]12[C:15]#[N:16],1
139,[CH3:1][CH:2]=[CH:3][CH:4]=[CH2:5].[CH:6]1=[CH:16][C:13]([CH3:14])([CH3:15])[CH:12]=[C:9]([C:10]#[N:11])[C:7]1=[O:8]>>[CH3:1][CH:2]1[CH:3]=[CH:4][CH2:5][CH:6]2[C:7](=[O:8])[C:9]([C:10]#[N:11])=[CH:12][C:13]([CH3:14])([CH3:15])[CH:16]12,0
140,[CH3:1][CH:2]=[CH:3][CH:4]=[CH2:5].[C:6]1([C:7]#[N:8])=[CH:16][C:13]([CH3:14])([CH3:15])[CH:12]=[CH:11][C:9]1=[O:10]>>[CH3:1][CH:2]1[CH:3]=[CH:4][CH2:5][C:6]2([C:7]#[N:8])[C:9](=[O:10])[CH:11]=[CH:12][C:13]([CH3:14])([CH3:15])[CH:16]12,0
141,[CH3:1][CH:2]=[CH:3][CH:4]=[CH2:5].[CH:6]1=[CH:7][C:8](=[O:9])[C:10]([C:11]#[N:12])=[CH:13][C:14]1([CH3:15])[CH3:16]>>[CH3:1][CH:2]1[CH:3]=[CH:4][CH2:5][CH:6]2[CH:7]1[C:8](=[O:9])[C:10]([C:11]#[N:12])=[CH:13][C:14]2([CH3:15])[CH3:16],0
142,[CH3:1][C:2]([CH:3]=[CH2:4])=[CH:16][CH3:17].[C:5]1([C:6]#[N:7])=[CH:15][C:12]([CH3:13])([CH3:14])[CH:11]=[CH:10][C:8]1=[O:9]>>[CH3:1][C:2]1=[CH:3][CH2:4][C:5]2([C:6]#[N:7])[C:8](=[O:9])[CH:10]=[CH:11][C:12]([CH3:13])([CH3:14])[CH:15]2[CH:16]1[CH3:17],0
143,[CH3:1][C:2]([CH:3]=[CH2:4])=[CH:16][CH3:17].[CH:5]1=[CH:15][C:12]([CH3:13])([CH3:14])[CH:11]=[C:8]([C:9]#[N:10])[C:6]1=[O:7]>>[CH3:1][C:2]1=[CH:3][CH2:4][CH:5]2[C:6](=[O:7])[C:8]([C:9]#[N:10])=[CH:11][C:12]([CH3:13])([CH3:14])[CH:15]2[CH:16]1[CH3:17],0
144,[CH3:1][C:2]([CH:3]=[CH2:4])=[CH:16][CH3:17].[CH:5]1=[C:13]([C:14]#[N:15])[C:11](=[O:12])[CH:10]=[CH:9][C:6]1([CH3:7])[CH3:8]>>[CH3:1][C:2]1=[CH:3][CH2:4][CH:5]2[C:6]([CH3:7])([CH3:8])[CH:9]=[CH:10][C:11](=[O:12])[C:13]2([C:14]#[N:15])[CH:16]1[CH3:17],1
145,[CH3:1][C:2]([CH:3]=[CH2:4])=[CH:16][CH3:17].[CH:5]1=[CH:6][C:7](=[O:8])[C:9]([C:10]#[N:11])=[CH:12][C:13]1([CH3:14])[CH3:15]>>[CH3:1][C:2]1=[CH:3][CH2:4][CH:5]2[CH:6]([C:7](=[O:8])[C:9]([C:10]#[N:11])=[CH:12][C:13]2([CH3:14])[CH3:15])[CH:16]1[CH3:17],0
146,[CH2:1]=[C:2]([C:3]([CH3:4])=[CH2:5])[CH3:8].[CH:6]1=[CH:7][C:9](=[O:10])[C:11]([C:12]#[N:13])=[CH:14][C:15]1([CH3:16])[CH3:17]>>[CH3:1][C:2]1=[C:3]([CH3:4])[CH2:5][CH:6]2[CH:7]([CH2:8]1)[C:9](=[O:10])[C:11]([C:12]#[N:13])=[CH:14][C:15]2([CH3:16])[CH3:17],0
147,[CH2:1]=[C:2]([C:3]([CH3:4])=[CH2:5])[CH3:17].[C:6]1([C:7]#[N:8])=[CH:16][C:13]([CH3:14])([CH3:15])[CH:12]=[CH:11][C:9]1=[O:10]>>[CH3:1][C:2]1=[C:3]([CH3:4])[CH2:5][C:6]2([C:7]#[N:8])[C:9](=[O:10])[CH:11]=[CH:12][C:13]([CH3:14])([CH3:15])[CH:16]2[CH2:17]1,1
148,[CH3:1][O:2][C:3](=[O:4])[CH:5]=[CH2:6].[CH:7]1=[CH:8][C:9]([Br:10])=[CH:11][C:12]([O:13][CH3:14])([O:15][CH3:16])[C:17]1=[O:18]>>[CH3:1][O:2][C:3](=[O:4])[CH:5]1[CH2:6][CH:7]2[CH:8]=[C:9]([Br:10])[CH:11]1[C:12]([O:13][CH3:14])([O:15][CH3:16])[C:17]2=[O:18],0
149,[CH3:1][O:2][C:3](=[O:4])[CH:5]=[CH2:6].[CH:7]1=[C:8]([Br:9])[CH:10]=[CH:11][C:12](=[O:13])[C:14]1([O:15][CH3:16])[O:17][CH3:18]>>[CH3:1][O:2][C:3](=[O:4])[CH:5]1[CH2:6][CH:7]2[C:8]([Br:9])=[CH:10][CH:11]1[C:12](=[O:13])[C:14]2([O:15][CH3:16])[O:17][CH3:18],1
150,[CH3:1][O:2][C:3](=[O:4])[C:5]([CH3:6])=[CH2:7].[CH:8]1=[C:9]([Br:10])[CH:11]=[CH:12][C:13](=[O:14])[C:15]1([O:16][CH3:17])[O:18][CH3:19]>>[CH3:1][O:2][C:3](=[O:4])[C:5]1([CH3:6])[CH2:7][CH:8]2[C:9]([Br:10])=[CH:11][CH:12]1[C:13](=[O:14])[C:15]2([O:16][CH3:17])[O:18][CH3:19],1
151,[CH3:1][O:2][C:3](=[O:4])[C:5]([CH3:6])=[CH2:7].[CH:8]1=[CH:9][C:10]([Br:11])=[CH:12][C:13]([O:14][CH3:15])([O:16][CH3:17])[C:18]1=[O:19]>>[CH3:1][O:2][C:3](=[O:4])[C:5]1([CH3:6])[CH2:7][CH:8]2[CH:9]=[C:10]([Br:11])[CH:12]1[C:13]([O:14][CH3:15])([O:16][CH3:17])[C:18]2=[O:19],0
152,[CH2:16]=[CH:17][C:18](=[CH2:19])[CH3:20].[CH3:1][O:2][CH2:3][CH2:4][N:5]1[CH2:6][C:7]([CH3:8])([CH3:9])[CH:10]([O:11][C:12](=[O:13])[CH:14]=[CH2:15])[C:21]1=[O:22]>>[CH3:1][O:2][CH2:3][CH2:4][N:5]1[CH2:6][C:7]([CH3:8])([CH3:9])[CH:10]([O:11][C:12](=[O:13])[CH:14]2[CH2:15][CH2:16][CH:17]=[C:18]([CH3:19])[CH2:20]2)[C:21]1=[O:22],1
153,[CH:16]([C:17]([CH3:18])=[CH2:19])=[CH2:20].[CH3:1][O:2][CH2:3][CH2:4][N:5]1[CH2:6][C:7]([CH3:8])([CH3:9])[CH:10]([O:11][C:12](=[O:13])[CH:14]=[CH2:15])[C:21]1=[O:22]>>[CH3:1][O:2][CH2:3][CH2:4][N:5]1[CH2:6][C:7]([CH3:8])([CH3:9])[CH:10]([O:11][C:12](=[O:13])[CH:14]2[CH2:15][CH:16]=[C:17]([CH3:18])[CH2:19][CH2:20]2)[C:21]1=[O:22],0
154,[CH3:1][C:2]1=[C:3]([CH3:4])[C:5](=[O:6])[CH:7]=[CH:8][C:9]1=[O:10].[CH:11]1=[CH:12][CH:13]=[CH:14][C:15]12[CH2:16][CH:17]2[CH3:18]>>[CH3:1][C:2]1=[C:3]([CH3:4])[C:5](=[O:6])[CH:7]2[CH:8]([C:9]1=[O:10])[CH:11]1[CH:12]=[CH:13][CH:14]2[C:15]12[CH2:16][CH:17]2[CH3:18],1
155,[C:9]1([CH3:10])=[C:17]([CH3:18])[C:15](=[O:16])[CH:14]=[CH:13][C:11]1=[O:12].[CH3:1][CH:2]1[CH2:3][C:4]12[CH:5]=[CH:6][CH:7]=[CH:8]2>>[CH3:1][CH:2]1[CH2:3][C:4]12[CH:5]1[CH:6]=[CH:7][CH:8]2[C:9]2([CH3:10])[C:11](=[O:12])[CH:13]=[CH:14][C:15](=[O:16])[C:17]12[CH3:18],0
156,[CH3:1][CH2:2][O:3][CH:4]=[CH:5][C:6]([CH:7]([NH:8][C:9]([CH3:10])=[O:11])[c:12]1[cH:13][cH:14][cH:15][cH:16][cH:17]1)=[CH2:18].[CH2:19]=[CH:20][CH:21]=[O:22]>>[CH3:1][CH2:2][O:3][CH:4]1[CH:5]=[C:6]([CH:7]([NH:8][C:9]([CH3:10])=[O:11])[c:12]2[cH:13][cH:14][cH:15][cH:16][cH:17]2)[CH2:18][CH2:19][CH:20]1[CH:21]=[O:22],1
157,[CH3:1][CH2:2][O:3][CH:4]=[CH:5][C:6]([CH:7]([NH:8][C:9]([CH3:10])=[O:11])[c:12]1[cH:13][cH:14][cH:15][cH:16][cH:17]1)=[CH2:18].[CH:19]([CH:20]=[O:21])=[CH2:22]>>[CH3:1][CH2:2][O:3][CH:4]1[CH:5]=[C:6]([CH:7]([NH:8][C:9]([CH3:10])=[O:11])[c:12]2[cH:13][cH:14][cH:15][cH:16][cH:17]2)[CH2:18][CH:19]([CH:20]=[O:21])[CH2:22]1,0
158,[CH3:1][CH2:2][O:3][CH:4]=[CH:5][C:6]([CH:7]([NH:8][C:9]([CH3:10])=[O:11])[c:12]1[cH:13][cH:14][cH:15][cH:16][cH:17]1)=[CH2:18].[CH:19]([C:20]([CH3:21])=[O:22])=[CH2:23]>>[CH3:1][CH2:2][O:3][CH:4]1[CH:5]=[C:6]([CH:7]([NH:8][C:9]([CH3:10])=[O:11])[c:12]2[cH:13][cH:14][cH:15][cH:16][cH:17]2)[CH2:18][CH:19]([C:20]([CH3:21])=[O:22])[CH2:23]1,0
159,[CH3:1][CH2:2][O:3][CH:4]=[CH:5][C:6]([CH:7]([NH:8][C:9]([CH3:10])=[O:11])[c:12]1[cH:13][cH:14][cH:15][cH:16][cH:17]1)=[CH2:18].[CH2:19]=[CH:20][C:21]([CH3:22])=[O:23]>>[CH3:1][CH2:2][O:3][CH:4]1[CH:5]=[C:6]([CH:7]([NH:8][C:9]([CH3:10])=[O:11])[c:12]2[cH:13][cH:14][cH:15][cH:16][cH:17]2)[CH2:18][CH2:19][CH:20]1[C:21]([CH3:22])=[O:23],1
160,[CH2:1]=[C:2]([CH:3]=[CH2:4])[CH3:14].[CH:5]1=[C:11]([C:12]#[N:13])[C:9](=[O:10])[CH:8]2[CH2:7][CH:6]1[C:15]2([CH3:16])[CH3:17]>>[CH3:1][C:2]1=[CH:3][CH2:4][CH:5]2[CH:6]3[CH2:7][CH:8]([C:9](=[O:10])[C:11]2([C:12]#[N:13])[CH2:14]1)[C:15]3([CH3:16])[CH3:17],0
161,[CH2:1]=[C:2]([CH:3]=[CH2:4])[CH3:14].[C:5]1([C:6]#[N:7])=[CH:13][CH:12]2[CH2:11][CH:10]([C:8]1=[O:9])[C:15]2([CH3:16])[CH3:17]>>[CH3:1][C:2]1=[CH:3][CH2:4][C:5]2([C:6]#[N:7])[C:8](=[O:9])[CH:10]3[CH2:11][CH:12]([CH:13]2[CH2:14]1)[C:15]3([CH3:16])[CH3:17],1
162,[CH2:5]=[C:6]([F:7])[C:8]([S:9][c:10]1[cH:11][cH:12][cH:13][cH:14][cH:15]1)=[CH2:16].[O:1]=[CH:2][CH:3]=[CH2:4]>>[O:1]=[CH:2][CH:3]1[CH2:4][CH2:5][C:6]([F:7])=[C:8]([S:9][c:10]2[cH:11][cH:12][cH:13][cH:14][cH:15]2)[CH2:16]1,0
163,[CH2:5]=[C:6]([S:7][c:8]1[cH:9][cH:10][cH:11][cH:12][cH:13]1)[C:14]([F:15])=[CH2:16].[O:1]=[CH:2][CH:3]=[CH2:4]>>[O:1]=[CH:2][CH:3]1[CH2:4][CH2:5][C:6]([S:7][c:8]2[cH:9][cH:10][cH:11][cH:12][cH:13]2)=[C:14]([F:15])[CH2:16]1,1
164,[CH:6]1=[CH:7][CH:8]=[CH:9][CH2:10]1.[CH2:1]=[CH:2][C:3]#[C:4][C:5]1=[CH:11][C:12](=[O:13])[CH:14]=[CH:15][C:16]1([O:17][CH3:18])[O:19][CH3:20]>>[CH2:1]=[CH:2][C:3]#[C:4][C:5]12[CH:6]3[CH:7]=[CH:8][CH:9]([CH2:10]3)[CH:11]1[C:12](=[O:13])[CH:14]=[CH:15][C:16]2([O:17][CH3:18])[O:19][CH3:20],0
165,[CH:16]1=[CH:17][CH:18]=[CH:19][CH2:20]1.[CH3:1][O:2][C:3]1([O:4][CH3:5])[CH:6]=[CH:7][C:8](=[O:9])[CH:10]=[C:11]1[C:12]#[C:13][CH:14]=[CH2:15]>>[CH3:1][O:2][C:3]1([O:4][CH3:5])[CH:6]=[CH:7][C:8](=[O:9])[CH:10]=[C:11]1[C:12]#[C:13][CH:14]1[CH2:15][CH:16]2[CH:17]=[CH:18][CH:19]1[CH2:20]2,0
166,[CH:10]1=[CH:11][CH:12]=[CH:13][CH2:14]1.[CH2:1]=[CH:2][C:3]#[C:4][C:5]1=[CH:6][C:7](=[O:8])[CH:9]=[CH:15][C:16]1([O:17][CH3:18])[O:19][CH3:20]>>[CH2:1]=[CH:2][C:3]#[C:4][C:5]1=[CH:6][C:7](=[O:8])[CH:9]2[CH:10]3[CH:11]=[CH:12][CH:13]([CH2:14]3)[CH:15]2[C:16]1([O:17][CH3:18])[O:19][CH3:20],1
167,[CH:16]([C:17]#[N:18])=[CH2:19].[CH3:1][CH2:2][O:3][P:4](=[O:5])([O:6][CH2:7][CH3:8])[O:9][C:10]([C:11]1=[CH:15][CH2:14][CH2:13][CH2:12]1)=[CH:20][S:21][C:22]([CH3:23])=[O:24]>>[CH3:1][CH2:2][O:3][P:4](=[O:5])([O:6][CH2:7][CH3:8])[O:9][C:10]1=[C:11]2[CH2:12][CH2:13][CH2:14][CH:15]2[CH:16]([C:17]#[N:18])[CH2:19][CH:20]1[S:21][C:22]([CH3:23])=[O:24],1
168,[CH2:16]=[CH:17][C:18]#[N:19].[CH3:1][CH2:2][O:3][P:4](=[O:5])([O:6][CH2:7][CH3:8])[O:9][C:10]([C:11]1=[CH:15][CH2:14][CH2:13][CH2:12]1)=[CH:20][S:21][C:22]([CH3:23])=[O:24]>>[CH3:1][CH2:2][O:3][P:4](=[O:5])([O:6][CH2:7][CH3:8])[O:9][C:10]1=[C:11]2[CH2:12][CH2:13][CH2:14][CH:15]2[CH2:16][CH:17]([C:18]#[N:19])[CH:20]1[S:21][C:22]([CH3:23])=[O:24],0
169,[CH2:1]=[C:2]([CH:3]=[CH2:19])[CH3:20].[CH2:4]=[CH:5][C:6](=[O:7])[O:8][CH:9]1[CH2:10][CH:11]([CH3:12])[CH2:13][CH2:14][CH:15]1[CH:16]([CH3:17])[CH3:18]>>[CH3:1][C:2]1=[CH:3][CH2:4][CH:5]([C:6](=[O:7])[O:8][CH:9]2[CH2:10][CH:11]([CH3:12])[CH2:13][CH2:14][CH:15]2[CH:16]([CH3:17])[CH3:18])[CH2:19][CH2:20]1,0
170,[CH2:1]=[C:2]([CH:3]=[CH2:4])[CH3:20].[CH2:5]=[CH:6][C:7](=[O:8])[O:9][CH:10]1[CH2:11][CH:12]([CH3:13])[CH2:14][CH2:15][CH:16]1[CH:17]([CH3:18])[CH3:19]>>[CH3:1][C:2]1=[CH:3][CH2:4][CH2:5][CH:6]([C:7](=[O:8])[O:9][CH:10]2[CH2:11][CH:12]([CH3:13])[CH2:14][CH2:15][CH:16]2[CH:17]([CH3:18])[CH3:19])[CH2:20]1,1
171,[CH2:1]=[C:2]([CH3:3])[CH2:4][CH2:5][CH2:6][C:7]1([CH3:8])[CH2:9][CH2:10][CH2:11][CH:12]=[C:13]1[CH:14]=[CH2:15].[CH:16]([CH3:17])=[CH:18][CH:19]=[O:20]>>[CH2:1]=[C:2]([CH3:3])[CH2:4][CH2:5][CH2:6][C:7]1([CH3:8])[CH2:9][CH2:10][CH2:11][CH:12]2[C:13]1=[CH:14][CH2:15][CH:16]([CH3:17])[CH:18]2[CH:19]=[O:20],1
172,[CH2:1]=[C:2]([CH3:3])[CH2:4][CH2:5][CH2:6][C:7]1([CH3:8])[CH2:9][CH2:10][CH2:11][CH:12]=[C:13]1[CH:14]=[CH2:15].[CH:16]([CH:17]=[O:18])=[CH:19][CH3:20]>>[CH2:1]=[C:2]([CH3:3])[CH2:4][CH2:5][CH2:6][C:7]1([CH3:8])[CH2:9][CH2:10][CH2:11][CH:12]2[C:13]1=[CH:14][CH2:15][CH:16]([CH:17]=[O:18])[CH:19]2[CH3:20],0
173,[CH2:1]=[C:2]([CH:3]=[CH2:4])[CH3:19].[CH2:5]=[CH:6][C:7](=[O:8])[O:9][CH:10]1[C:11](=[O:12])[N:13]([CH3:14])[CH2:15][C:16]1([CH3:17])[CH3:18]>>[CH3:1][C:2]1=[CH:3][CH2:4][CH2:5][CH:6]([C:7](=[O:8])[O:9][CH:10]2[C:11](=[O:12])[N:13]([CH3:14])[CH2:15][C:16]2([CH3:17])[CH3:18])[CH2:19]1,0
174,[CH3:1][C:2](=[CH2:3])[CH:19]=[CH2:18].[CH2:4]=[CH:5][C:6](=[O:7])[O:8][CH:9]1[C:10](=[O:11])[N:12]([CH3:13])[CH2:14][C:15]1([CH3:16])[CH3:17]>>[CH3:1][C:2]1=[CH:3][CH2:4][CH:5]([C:6](=[O:7])[O:8][CH:9]2[C:10](=[O:11])[N:12]([CH3:13])[CH2:14][C:15]2([CH3:16])[CH3:17])[CH2:18][CH2:19]1,1
175,[CH3:1][C:2]([CH:3]=[CH2:4])=[CH2:11].[CH:5]1=[CH:10][CH2:9][O:8][C:6]1=[O:7]>>[CH3:1][C:2]1=[CH:3][CH2:4][CH:5]2[C:6](=[O:7])[O:8][CH2:9][CH:10]2[CH2:11]1,0
176,[CH3:1][C:2]([CH:3]=[CH2:4])=[CH2:11].[CH:5]1=[CH:10][C:8](=[O:9])[O:7][CH2:6]1>>[CH3:1][C:2]1=[CH:3][CH2:4][CH:5]2[CH2:6][O:7][C:8](=[O:9])[CH:10]2[CH2:11]1,1
177,[CH:6]1=[CH:14][CH:13]=[CH:12][CH2:11]1.[O:1]=[C:2]1[CH:3]2[CH:4]=[CH:5][CH:10]([O:7]2)[C:8]([Br:9])=[C:15]1[Br:16]>>[O:1]=[C:2]1[CH:3]2[CH:4]=[CH:5][CH:6]([O:7]2)[C:8]2([Br:9])[CH:10]3[CH:11]=[CH:12][CH:13]([CH2:14]3)[C:15]12[Br:16],1
178,[CH:11]1=[CH:12][CH:13]=[CH:14][CH2:15]1.[O:1]=[C:2]1[C:3]([Br:4])=[C:5]([Br:6])[CH:7]2[O:8][CH:9]1[CH:10]=[CH:16]2>>[O:1]=[C:2]1[C:3]([Br:4])=[C:5]([Br:6])[CH:7]2[O:8][CH:9]1[CH:10]1[CH:11]3[CH:12]=[CH:13][CH:14]([CH2:15]3)[CH:16]21,0
179,[CH2:6]1[CH2:12][CH:11]=[CH:15][CH:14]=[CH:13]1.[O:1]=[C:2]1[CH:3]2[CH:4]=[CH:5][CH:10]([O:7]2)[C:8]([Br:9])=[C:16]1[Br:17]>>[O:1]=[C:2]1[CH:3]2[CH:4]=[CH:5][CH:6]([O:7]2)[C:8]2([Br:9])[CH:10]3[CH:11]=[CH:12][CH:13]([CH2:14][CH2:15]3)[C:16]12[Br:17],0
180,[CH:11]1=[CH:16][CH2:15][CH2:14][CH:13]=[CH:12]1.[O:1]=[C:2]1[C:3]([Br:4])=[C:5]([Br:6])[CH:7]2[O:8][CH:9]1[CH:10]=[CH:17]2>>[O:1]=[C:2]1[C:3]([Br:4])=[C:5]([Br:6])[CH:7]2[O:8][CH:9]1[CH:10]1[CH:11]3[CH:12]=[CH:13][CH:14]([CH2:15][CH2:16]3)[CH:17]21,1
181,[CH3:1][O:2][c:3]1[cH:4][cH:5][c:6]([O:7][CH3:8])[c:9]([CH2:10][CH:11]=[C:18]([CH:17]=[CH2:16])[CH3:19])[cH:20]1.[CH2:12]=[CH:13][CH:14]=[O:15]>>[CH3:1][O:2][c:3]1[cH:4][cH:5][c:6]([O:7][CH3:8])[c:9]([CH2:10][CH:11]2[CH2:12][CH:13]([CH:14]=[O:15])[CH2:16][CH:17]=[C:18]2[CH3:19])[cH:20]1,0
182,[CH3:1][O:2][c:3]1[cH:4][cH:5][c:6]([O:7][CH3:8])[c:9]([CH2:10][CH:11]=[C:12]([CH3:13])[CH:14]=[CH2:15])[cH:20]1.[CH2:16]=[CH:17][CH:18]=[O:19]>>[CH3:1][O:2][c:3]1[cH:4][cH:5][c:6]([O:7][CH3:8])[c:9]([CH2:10][CH:11]2[C:12]([CH3:13])=[CH:14][CH2:15][CH2:16][CH:17]2[CH:18]=[O:19])[cH:20]1,1
183,[CH3:1][O:2][CH2:3][O:4][c:5]1[cH:6][cH:7][c:8]([O:9][CH3:10])[cH:11][c:12]1[CH2:13][CH:14]=[C:15]([CH3:16])[CH:17]=[CH2:18].[CH2:19]=[CH:20][CH:21]=[O:22]>>[CH3:1][O:2][CH2:3][O:4][c:5]1[cH:6][cH:7][c:8]([O:9][CH3:10])[cH:11][c:12]1[CH2:13][CH:14]1[C:15]([CH3:16])=[CH:17][CH2:18][CH2:19][CH:20]1[CH:21]=[O:22],0
184,[CH3:1][O:2][CH2:3][O:4][c:5]1[cH:6][cH:7][c:8]([O:9][CH3:10])[cH:11][c:12]1[CH2:13][CH:14]=[C:21]([CH:20]=[CH2:19])[CH3:22].[CH2:15]=[CH:16][CH:17]=[O:18]>>[CH3:1][O:2][CH2:3][O:4][c:5]1[cH:6][cH:7][c:8]([O:9][CH3:10])[cH:11][c:12]1[CH2:13][CH:14]1[CH2:15][CH:16]([CH:17]=[O:18])[CH2:19][CH:20]=[C:21]1[CH3:22],1
185,[CH3:1][C:2](=[O:3])[C:4]([CH2:5][CH2:6][C:7]#[N:8])=[CH2:9].[CH2:10]=[C:11]([CH3:12])[CH:13]=[CH2:14]>>[CH3:1][C:2](=[O:3])[C:4]1([CH2:5][CH2:6][C:7]#[N:8])[CH2:9][CH:10]=[C:11]([CH3:12])[CH2:13][CH2:14]1,0
186,[CH3:1][C:2](=[O:3])[C:4]([CH2:5][CH2:6][C:7]#[N:8])=[CH2:9].[CH2:10]=[CH:11][C:12](=[CH2:13])[CH3:14]>>[CH3:1][C:2](=[O:3])[C:4]1([CH2:5][CH2:6][C:7]#[N:8])[CH2:9][CH2:10][CH:11]=[C:12]([CH3:13])[CH2:14]1,1
187,[CH:19]([CH3:20])=[CH:21][CH:22]=[CH2:23].[CH3:1][O:2][C:3]1([O:4][CH3:5])[CH:6]=[CH:7][C:8](=[N:9][C:10](=[O:11])[c:12]2[cH:13][cH:14][cH:15][cH:16][cH:17]2)[CH:18]=[CH:24]1>>[CH3:1][O:2][C:3]1([O:4][CH3:5])[CH:6]=[CH:7][C:8](=[N:9][C:10](=[O:11])[c:12]2[cH:13][cH:14][cH:15][cH:16][cH:17]2)[CH:18]2[CH:19]([CH3:20])[CH:21]=[CH:22][CH2:23][CH:24]12,1
188,[CH2:19]=[CH:20][CH:21]=[CH:22][CH3:23].[CH3:1][O:2][C:3]1([O:4][CH3:5])[CH:6]=[CH:7][C:8](=[N:9][C:10](=[O:11])[c:12]2[cH:13][cH:14][cH:15][cH:16][cH:17]2)[CH:18]=[CH:24]1>>[CH3:1][O:2][C:3]1([O:4][CH3:5])[CH:6]=[CH:7][C:8](=[N:9][C:10](=[O:11])[c:12]2[cH:13][cH:14][cH:15][cH:16][cH:17]2)[CH:18]2[CH2:19][CH:20]=[CH:21][CH:22]([CH3:23])[CH:24]12,0
189,[O:1]=[CH:2][CH:3]=[CH2:19].[CH2:4]=[c:7]1[c:6](=[CH2:5])[n:11](-[c:12]2[cH:13][cH:14][cH:15][cH:16][c:17]2[Br:18])[c:9](=[O:10])[o:8]1>>[O:1]=[CH:2][CH:3]1[CH2:4][CH2:5][c:6]2[c:7]([o:8][c:9](=[O:10])[n:11]2-[c:12]2[cH:13][cH:14][cH:15][cH:16][c:17]2[Br:18])[CH2:19]1,1
190,[O:1]=[CH:2][CH:3]=[CH2:4].[CH2:5]=[c:6]1[o:7][c:8](=[O:9])[n:10](-[c:11]2[cH:12][cH:13][cH:14][cH:15][c:16]2[Br:17])[c:18]1=[CH2:19]>>[O:1]=[CH:2][CH:3]1[CH2:4][CH2:5][c:6]2[o:7][c:8](=[O:9])[n:10](-[c:11]3[cH:12][cH:13][cH:14][cH:15][c:16]3[Br:17])[c:18]2[CH2:19]1,0
191,[CH2:1]=[C:2]([CH:3]=[CH2:4])[CH3:15].[CH2:5]=[CH:6][C:7](=[O:8])[c:9]1[cH:10][cH:11][cH:12][cH:13][cH:14]1>>[CH3:1][C:2]1=[CH:3][CH2:4][CH2:5][CH:6]([C:7](=[O:8])[c:9]2[cH:10][cH:11][cH:12][cH:13][cH:14]2)[CH2:15]1,0
192,[CH3:1][C:2](=[CH2:3])[CH:15]=[CH2:14].[CH2:4]=[CH:5][C:6](=[O:7])[c:8]1[cH:9][cH:10][cH:11][cH:12][cH:13]1>>[CH3:1][C:2]1=[CH:3][CH2:4][CH:5]([C:6](=[O:7])[c:8]2[cH:9][cH:10][cH:11][cH:12][cH:13]2)[CH2:14][CH2:15]1,1
193,[CH3:1][CH2:2][O:3][C:4](=[O:5])[C:6]([Br:7])=[CH2:8].[CH2:9]=[C:10]([CH2:11][CH2:12][CH:13]=[C:14]([CH3:15])[CH3:16])[CH:17]=[CH2:18]>>[CH3:1][CH2:2][O:3][C:4](=[O:5])[C:6]1([Br:7])[CH2:8][CH:9]=[C:10]([CH2:11][CH2:12][CH:13]=[C:14]([CH3:15])[CH3:16])[CH2:17][CH2:18]1,0
194,[CH3:1][CH2:2][O:3][C:4](=[O:5])[C:6]([Br:7])=[CH2:8].[CH2:9]=[CH:10][C:11]([CH2:12][CH2:13][CH:14]=[C:15]([CH3:16])[CH3:17])=[CH2:18]>>[CH3:1][CH2:2][O:3][C:4](=[O:5])[C:6]1([Br:7])[CH2:8][CH2:9][CH:10]=[C:11]([CH2:12][CH2:13][CH:14]=[C:15]([CH3:16])[CH3:17])[CH2:18]1,1
195,[CH:12]1=[CH:13][CH:14]=[CH:15][CH2:16]1.[CH3:1][O:2][C:3]1=[CH:11][C:9](=[O:10])[C:7]([CH3:8])=[CH:6][C:4]1=[O:5]>>[CH3:1][O:2][C:3]12[C:4](=[O:5])[CH:6]=[C:7]([CH3:8])[C:9](=[O:10])[CH:11]1[CH:12]1[CH:13]=[CH:14][CH:15]2[CH2:16]1,0
196,[CH:9]1=[CH:10][CH:11]=[CH:12][CH2:13]1.[CH3:1][O:2][C:3]1=[CH:4][C:5](=[O:6])[C:7]([CH3:8])=[CH:14][C:15]1=[O:16]>>[CH3:1][O:2][C:3]1=[CH:4][C:5](=[O:6])[C:7]2([CH3:8])[CH:9]3[CH:10]=[CH:11][CH:12]([CH2:13]3)[CH:14]2[C:15]1=[O:16],1
197,[CH2:1]=[C:2]([CH:3]=[CH2:4])[CH3:19].[C:5]1(=[CH:17][Cl:18])[N:6]=[C:7]([c:8]2[cH:9][cH:10][cH:11][cH:12][cH:13]2)[O:14][C:15]1=[O:16]>>[CH3:1][C:2]1=[CH:3][CH2:4][C:5]2([N:6]=[C:7]([c:8]3[cH:9][cH:10][cH:11][cH:12][cH:13]3)[O:14][C:15]2=[O:16])[CH:17]([Cl:18])[CH2:19]1,1
198,[CH2:1]=[C:2]([CH:3]=[CH2:4])[CH3:8].[CH:5]([Cl:6])=[C:7]1[N:9]=[C:10]([c:11]2[cH:12][cH:13][cH:14][cH:15][cH:16]2)[O:17][C:18]1=[O:19]>>[CH3:1][C:2]1=[CH:3][CH2:4][CH:5]([Cl:6])[C:7]2([CH2:8]1)[N:9]=[C:10]([c:11]1[cH:12][cH:13][cH:14][cH:15][cH:16]1)[O:17][C:18]2=[O:19],0
199,[CH3:1][C:2](=[CH2:3])[CH:24]=[CH2:23].[CH2:4]=[CH:5][C:6](=[O:7])[O:8][CH:9]1[C:10](=[O:11])[N:12]([c:13]2[cH:14][cH:15][cH:16][cH:17][cH:18]2)[CH2:19][C:20]1([CH3:21])[CH3:22]>>[CH3:1][C:2]1=[CH:3][CH2:4][CH:5]([C:6](=[O:7])[O:8][CH:9]2[C:10](=[O:11])[N:12]([c:13]3[cH:14][cH:15][cH:16][cH:17][cH:18]3)[CH2:19][C:20]2([CH3:21])[CH3:22])[CH2:23][CH2:24]1,0
200,[CH2:1]=[C:2]([CH:3]=[CH2:4])[CH3:24].[CH2:5]=[CH:6][C:7](=[O:8])[O:9][CH:10]1[C:11](=[O:12])[N:13]([c:14]2[cH:15][cH:16][cH:17][cH:18][cH:19]2)[CH2:20][C:21]1([CH3:22])[CH3:23]>>[CH3:1][C:2]1=[CH:3][CH2:4][CH2:5][CH:6]([C:7](=[O:8])[O:9][CH:10]2[C:11](=[O:12])[N:13]([c:14]3[cH:15][cH:16][cH:17][cH:18][cH:19]3)[CH2:20][C:21]2([CH3:22])[CH3:23])[CH2:24]1,1
201,[CH2:1]=[C:2]([CH:3]=[CH2:4])[CH3:13].[CH:5]([CH3:6])=[CH:7][CH:8]1[O:9][CH2:10][CH2:11][O:12]1>>[CH3:1][C:2]1=[CH:3][CH2:4][CH:5]([CH3:6])[CH:7]([CH:8]2[O:9][CH2:10][CH2:11][O:12]2)[CH2:13]1,0
202,[CH3:1][C:2]([CH:3]=[CH2:4])=[CH2:13].[CH:5]([CH:6]1[O:7][CH2:8][CH2:9][O:10]1)=[CH:11][CH3:12]>>[CH3:1][C:2]1=[CH:3][CH2:4][CH:5]([CH:6]2[O:7][CH2:8][CH2:9][O:10]2)[CH:11]([CH3:12])[CH2:13]1,1
203,[CH2:1]=[C:2]([CH:3]=[CH2:19])[CH3:20].[CH2:4]=[CH:5][C:6](=[O:7])[C:8]1([OH:9])[CH2:10][CH:11]2[CH2:12][CH2:13][C:14]1([CH3:15])[C:16]2([CH3:17])[CH3:18]>>[CH3:1][C:2]1=[CH:3][CH2:4][CH:5]([C:6](=[O:7])[C:8]2([OH:9])[CH2:10][CH:11]3[CH2:12][CH2:13][C:14]2([CH3:15])[C:16]3([CH3:17])[CH3:18])[CH2:19][CH2:20]1,1
204,[CH2:1]=[C:2]([CH:3]=[CH2:4])[CH3:20].[CH2:5]=[CH:6][C:7](=[O:8])[C:9]1([OH:10])[CH2:11][CH:12]2[CH2:13][CH2:14][C:15]1([CH3:16])[C:17]2([CH3:18])[CH3:19]>>[CH3:1][C:2]1=[CH:3][CH2:4][CH2:5][CH:6]([C:7](=[O:8])[C:9]2([OH:10])[CH2:11][CH:12]3[CH2:13][CH2:14][C:15]2([CH3:16])[C:17]3([CH3:18])[CH3:19])[CH2:20]1,0
205,[CH3:1][C:2]1([CH3:3])[O:4][CH:5]2[CH:6]=[CH:7][CH:8]=[C:9]([CH3:10])[CH:11]2[O:12]1.[CH:13]1=[CH:18][CH2:17][CH2:16][C:14]1=[O:15]>>[CH3:1][C:2]1([CH3:3])[O:4][CH:5]2[CH:6]3[CH:7]=[CH:8][C:9]([CH3:10])([CH:11]2[O:12]1)[CH:13]1[C:14](=[O:15])[CH2:16][CH2:17][CH:18]31,1
206,[CH3:1][C:2]1([CH3:3])[O:4][CH:5]2[CH:6]=[CH:7][CH:8]=[C:9]([CH3:10])[CH:17]2[O:18]1.[CH:11]1=[CH:16][C:14](=[O:15])[CH2:13][CH2:12]1>>[CH3:1][C:2]1([CH3:3])[O:4][CH:5]2[CH:6]3[CH:7]=[CH:8][C:9]([CH3:10])([CH:11]4[CH2:12][CH2:13][C:14](=[O:15])[CH:16]34)[CH:17]2[O:18]1,0
207,[CH:16]([CH:17]=[O:18])=[CH2:19].[CH3:1][CH2:2][O:3][P:4](=[O:5])([O:6][CH2:7][CH3:8])[O:9][C:10]([C:11]1=[CH:15][CH2:14][CH2:13][CH2:12]1)=[CH:20][S:21][CH2:22][CH3:23]>>[CH3:1][CH2:2][O:3][P:4](=[O:5])([O:6][CH2:7][CH3:8])[O:9][C:10]1=[C:11]2[CH2:12][CH2:13][CH2:14][CH:15]2[CH:16]([CH:17]=[O:18])[CH2:19][CH:20]1[S:21][CH2:22][CH3:23],0
208,[CH2:16]=[CH:17][CH:18]=[O:19].[CH3:1][CH2:2][O:3][P:4](=[O:5])([O:6][CH2:7][CH3:8])[O:9][C:10]([C:11]1=[CH:15][CH2:14][CH2:13][CH2:12]1)=[CH:20][S:21][CH2:22][CH3:23]>>[CH3:1][CH2:2][O:3][P:4](=[O:5])([O:6][CH2:7][CH3:8])[O:9][C:10]1=[C:11]2[CH2:12][CH2:13][CH2:14][CH:15]2[CH2:16][CH:17]([CH:18]=[O:19])[CH:20]1[S:21][CH2:22][CH3:23],1
209,[CH:5]1=[CH:6][CH:7]=[CH:8][CH2:9]1.[O:1]=[C:2]([CH:3]=[CH2:4])[CH:10]1[CH2:11][CH:12]2[CH:13]=[CH:14][CH:15]1[CH2:16]2>>[O:1]=[C:2]([CH:3]1[CH2:4][CH:5]2[CH:6]=[CH:7][CH:8]1[CH2:9]2)[CH:10]1[CH2:11][CH:12]2[CH:13]=[CH:14][CH:15]1[CH2:16]2,1
210,[CH:11]1=[CH:12][CH:13]=[CH:14][CH2:15]1.[CH2:1]=[CH:2][C:3](=[O:4])[CH:5]1[CH2:6][CH:7]2[CH2:8][CH:9]1[CH:10]=[CH:16]2>>[CH2:1]=[CH:2][C:3](=[O:4])[CH:5]1[CH2:6][CH:7]2[CH2:8][CH:9]1[CH:10]1[CH:11]3[CH:12]=[CH:13][CH:14]([CH2:15]3)[CH:16]21,0
211,[CH:12]1=[CH:13][CH:14]=[CH:15][CH2:16]1.[CH2:1]=[CH:2][CH2:3][C:4]1=[C:5]([CH2:6][CH:7]=[CH2:8])[C:9](=[O:10])[CH:11]=[CH:17][C:18]1=[O:19]>>[CH2:1]=[CH:2][CH2:3][C:4]1=[C:5]([CH2:6][CH:7]=[CH2:8])[C:9](=[O:10])[CH:11]2[CH:12]3[CH:13]=[CH:14][CH:15]([CH2:16]3)[CH:17]2[C:18]1=[O:19],1
212,[CH:15]1=[CH:16][CH:17]=[CH:18][CH2:19]1.[CH2:1]=[CH:2][CH2:3][C:4]1=[C:11]([CH2:12][CH:13]=[CH2:14])[C:9](=[O:10])[CH:8]=[CH:7][C:5]1=[O:6]>>[CH2:1]=[CH:2][CH2:3][C:4]12[C:5](=[O:6])[CH:7]=[CH:8][C:9](=[O:10])[C:11]1([CH2:12][CH:13]=[CH2:14])[CH:15]1[CH:16]=[CH:17][CH:18]2[CH2:19]1,0
213,[CH:9]1=[CH:10][CH:11]=[CH:12][CH2:13]1.[CH2:1]=[CH:2][CH2:3][C:4]1=[C:5]([CH2:6][CH:7]=[CH2:8])[C:14](=[O:15])[CH:16]=[CH:17][C:18]1=[O:19]>>[CH2:1]=[CH:2][CH2:3][C:4]1=[C:5]([CH2:6][CH:7]2[CH2:8][CH:9]3[CH:10]=[CH:11][CH:12]2[CH2:13]3)[C:14](=[O:15])[CH:16]=[CH:17][C:18]1=[O:19],0
214,[CH2:1]=[C:2]([CH:3]=[CH2:4])[CH3:13].[CH2:5]=[CH:6][C:7](=[O:8])[C:9]([CH3:10])([CH3:11])[OH:12]>>[CH3:1][C:2]1=[CH:3][CH2:4][CH2:5][CH:6]([C:7](=[O:8])[C:9]([CH3:10])([CH3:11])[OH:12])[CH2:13]1,0
215,[CH3:1][C:2]([CH:3]=[CH2:12])=[CH2:13].[CH2:4]=[CH:5][C:6](=[O:7])[C:8]([CH3:9])([CH3:10])[OH:11]>>[CH3:1][C:2]1=[CH:3][CH2:4][CH:5]([C:6](=[O:7])[C:8]([CH3:9])([CH3:10])[OH:11])[CH2:12][CH2:13]1,1
216,[CH3:1][C:2](=[O:3])[O:4][CH2:5][C:6]([C:7]([CH3:8])=[CH2:9])=[C:14]([CH3:15])[CH3:16].[CH2:10]=[CH:11][CH:12]=[O:13]>>[CH3:1][C:2](=[O:3])[O:4][CH2:5][C:6]1=[C:7]([CH3:8])[CH2:9][CH2:10][CH:11]([CH:12]=[O:13])[C:14]1([CH3:15])[CH3:16],1
217,[CH3:1][C:2](=[O:3])[O:4][CH2:5][C:6]([C:7]([CH3:8])=[CH2:13])=[C:14]([CH3:15])[CH3:16].[CH2:9]=[CH:10][CH:11]=[O:12]>>[CH3:1][C:2](=[O:3])[O:4][CH2:5][C:6]1=[C:7]([CH3:8])[CH2:9][CH:10]([CH:11]=[O:12])[CH2:13][C:14]1([CH3:15])[CH3:16],0
218,[CH:7]1=[CH:8][CH:9]=[CH:10][CH2:11]1.[CH3:1][C:2]1=[CH:3][C:4](=[O:5])[CH:6]=[CH:12][C:13]1=[O:14]>>[CH3:1][C:2]1=[CH:3][C:4](=[O:5])[CH:6]2[CH:7]3[CH:8]=[CH:9][CH:10]([CH2:11]3)[CH:12]2[C:13]1=[O:14],1
219,[CH:10]1=[CH:11][CH:12]=[CH:13][CH2:14]1.[CH3:1][C:2]1=[CH:9][C:7](=[O:8])[CH:6]=[CH:5][C:3]1=[O:4]>>[CH3:1][C:2]12[C:3](=[O:4])[CH:5]=[CH:6][C:7](=[O:8])[CH:9]1[CH:10]1[CH:11]=[CH:12][CH:13]2[CH2:14]1,0
220,[C:16]([CH3:17])([CH:18]=[O:19])=[CH2:20].[CH3:1][CH2:2][O:3][P:4](=[O:5])([O:6][CH2:7][CH3:8])[O:9][C:10]([C:11]1=[CH:15][CH2:14][CH2:13][CH2:12]1)=[CH:21][S:22][CH2:23][CH3:24]>>[CH3:1][CH2:2][O:3][P:4](=[O:5])([O:6][CH2:7][CH3:8])[O:9][C:10]1=[C:11]2[CH2:12][CH2:13][CH2:14][CH:15]2[C:16]([CH3:17])([CH:18]=[O:19])[CH2:20][CH:21]1[S:22][CH2:23][CH3:24],0
221,[CH2:16]=[C:17]([CH3:18])[CH:19]=[O:20].[CH3:1][CH2:2][O:3][P:4](=[O:5])([O:6][CH2:7][CH3:8])[O:9][C:10]([C:11]1=[CH:15][CH2:14][CH2:13][CH2:12]1)=[CH:21][S:22][CH2:23][CH3:24]>>[CH3:1][CH2:2][O:3][P:4](=[O:5])([O:6][CH2:7][CH3:8])[O:9][C:10]1=[C:11]2[CH2:12][CH2:13][CH2:14][CH:15]2[CH2:16][C:17]([CH3:18])([CH:19]=[O:20])[CH:21]1[S:22][CH2:23][CH3:24],1
222,[CH:16]([C:17]([CH3:18])=[O:19])=[CH2:20].[CH3:1][CH2:2][O:3][P:4](=[O:5])([O:6][CH2:7][CH3:8])[O:9][C:10]([C:11]1=[CH:15][CH2:14][CH2:13][CH2:12]1)=[CH:21][S:22][CH2:23][CH3:24]>>[CH3:1][CH2:2][O:3][P:4](=[O:5])([O:6][CH2:7][CH3:8])[O:9][C:10]1=[C:11]2[CH2:12][CH2:13][CH2:14][CH:15]2[CH:16]([C:17]([CH3:18])=[O:19])[CH2:20][CH:21]1[S:22][CH2:23][CH3:24],0
223,[CH2:16]=[CH:17][C:18]([CH3:19])=[O:20].[CH3:1][CH2:2][O:3][P:4](=[O:5])([O:6][CH2:7][CH3:8])[O:9][C:10]([C:11]1=[CH:15][CH2:14][CH2:13][CH2:12]1)=[CH:21][S:22][CH2:23][CH3:24]>>[CH3:1][CH2:2][O:3][P:4](=[O:5])([O:6][CH2:7][CH3:8])[O:9][C:10]1=[C:11]2[CH2:12][CH2:13][CH2:14][CH:15]2[CH2:16][CH:17]([C:18]([CH3:19])=[O:20])[CH:21]1[S:22][CH2:23][CH3:24],1
224,[CH3:1][C:2]([CH:3]=[O:4])=[CH2:5].[CH:6]([C:7]1=[CH:13][CH2:12][CH2:11][CH2:10][CH:8]1[OH:9])=[CH2:14]>>[CH3:1][C:2]1([CH:3]=[O:4])[CH2:5][CH:6]=[C:7]2[CH:8]([OH:9])[CH2:10][CH2:11][CH2:12][CH:13]2[CH2:14]1,0
225,[CH3:1][C:2]([CH:3]=[O:4])=[CH2:5].[CH2:6]=[CH:7][C:8]1=[CH:14][CH2:13][CH2:12][CH2:11][CH:9]1[OH:10]>>[CH3:1][C:2]1([CH:3]=[O:4])[CH2:5][CH2:6][CH:7]=[C:8]2[CH:9]([OH:10])[CH2:11][CH2:12][CH2:13][CH:14]12,1
226,[CH3:1][O:2][C:3](=[O:4])[CH:5]=[CH2:6].[CH:7]([C:8]1=[CH:14][CH2:13][CH2:12][CH2:11][CH:9]1[OH:10])=[CH2:15]>>[CH3:1][O:2][C:3](=[O:4])[CH:5]1[CH2:6][CH:7]=[C:8]2[CH:9]([OH:10])[CH2:11][CH2:12][CH2:13][CH:14]2[CH2:15]1,0
227,[CH3:1][O:2][C:3](=[O:4])[CH:5]=[CH2:6].[CH2:7]=[CH:8][C:9]1=[CH:15][CH2:14][CH2:13][CH2:12][CH:10]1[OH:11]>>[CH3:1][O:2][C:3](=[O:4])[CH:5]1[CH2:6][CH2:7][CH:8]=[C:9]2[CH:10]([OH:11])[CH2:12][CH2:13][CH2:14][CH:15]12,1
228,[CH2:5]=[CH:6][C:7]1=[CH:13][CH2:12][CH2:11][CH2:10][CH:8]1[OH:9].[O:1]=[CH:2][CH:3]=[CH2:4]>>[O:1]=[CH:2][CH:3]1[CH2:4][CH2:5][CH:6]=[C:7]2[CH:8]([OH:9])[CH2:10][CH2:11][CH2:12][CH:13]12,1
229,[CH:5]([C:6]1=[CH:12][CH2:11][CH2:10][CH2:9][CH:7]1[OH:8])=[CH2:13].[O:1]=[CH:2][CH:3]=[CH2:4]>>[O:1]=[CH:2][CH:3]1[CH2:4][CH:5]=[C:6]2[CH:7]([OH:8])[CH2:9][CH2:10][CH2:11][CH:12]2[CH2:13]1,0
230,[CH3:1][C:2]1([OH:3])[CH2:4][CH:5]([O:6][Si:7]([CH3:8])([CH3:9])[C:10]([CH3:11])([CH3:12])[CH3:13])[CH:14]=[C:21]1[CH:20]=[CH2:15].[CH:16]([CH:17]=[O:18])=[CH2:19]>>[CH3:1][C:2]1([OH:3])[CH2:4][CH:5]([O:6][Si:7]([CH3:8])([CH3:9])[C:10]([CH3:11])([CH3:12])[CH3:13])[CH:14]2[CH2:15][CH:16]([CH:17]=[O:18])[CH2:19][CH:20]=[C:21]12,0
231,[CH3:1][C:2]1([OH:3])[CH2:4][CH:5]([O:6][Si:7]([CH3:8])([CH3:9])[C:10]([CH3:11])([CH3:12])[CH3:13])[CH:14]=[C:15]1[CH:16]=[CH2:17].[CH2:18]=[CH:19][CH:20]=[O:21]>>[CH3:1][C:2]1([OH:3])[CH2:4][CH:5]([O:6][Si:7]([CH3:8])([CH3:9])[C:10]([CH3:11])([CH3:12])[CH3:13])[CH:14]2[C:15]1=[CH:16][CH2:17][CH2:18][CH:19]2[CH:20]=[O:21],1
232,[CH:3]1=[CH:4][CH:5]=[CH:6][CH2:7]1.[CH2:1]=[C:2]=[CH:8][O:9][CH:10]1[CH2:11][CH:12]([CH3:13])[CH2:14][CH2:15][CH:16]1[CH:17]([CH3:18])[CH3:19]>>[CH2:1]=[C:2]1[CH:3]2[CH:4]=[CH:5][CH:6]([CH2:7]2)[CH:8]1[O:9][CH:10]1[CH2:11][CH:12]([CH3:13])[CH2:14][CH2:15][CH:16]1[CH:17]([CH3:18])[CH3:19],0
233,[CH:14]1=[CH:15][CH:16]=[CH:17][CH2:18]1.[CH3:1][CH:2]1[CH2:3][CH2:4][CH:5]([CH:6]([CH3:7])[CH3:8])[CH:9]([O:10][CH:11]=[C:12]=[CH2:13])[CH2:19]1>>[CH3:1][CH:2]1[CH2:3][CH2:4][CH:5]([CH:6]([CH3:7])[CH3:8])[CH:9]([O:10][CH:11]=[C:12]2[CH2:13][CH:14]3[CH:15]=[CH:16][CH:17]2[CH2:18]3)[CH2:19]1,1
234,[CH3:1][C:2]([CH3:3])([CH3:4])[O:5][C:6](=[O:7])[CH:8]=[CH2:9].[CH:10]1=[CH:11][CH:12]=[CH:13][N:14]2[CH:15]=[CH:16][C:17](=[O:18])[C:19]12[CH3:20]>>[CH3:1][C:2]([CH3:3])([CH3:4])[O:5][C:6](=[O:7])[CH:8]1[CH2:9][CH:10]2[CH:11]=[CH:12][CH:13]1[N:14]1[CH:15]=[CH:16][C:17](=[O:18])[C:19]21[CH3:20],1
235,[CH3:1][C:2]([CH3:3])([CH3:4])[O:5][C:6](=[O:7])[CH:8]=[CH2:9].[CH:10]1=[CH:11][CH:12]=[CH:13][C:14]2([CH3:15])[C:16](=[O:17])[CH:18]=[CH:19][N:20]12>>[CH3:1][C:2]([CH3:3])([CH3:4])[O:5][C:6](=[O:7])[CH:8]1[CH2:9][CH:10]2[CH:11]=[CH:12][CH:13]1[C:14]1([CH3:15])[C:16](=[O:17])[CH:18]=[CH:19][N:20]21,0
236,[CH3:1][O:2][C:3](=[O:4])[CH:5]=[CH2:6].[CH:7]1=[CH:8][CH:9]=[CH:10][N:11]2[CH:12]=[CH:13][C:14](=[O:15])[C:16]12[CH3:17]>>[CH3:1][O:2][C:3](=[O:4])[CH:5]1[CH2:6][CH:7]2[CH:8]=[CH:9][CH:10]1[N:11]1[CH:12]=[CH:13][C:14](=[O:15])[C:16]21[CH3:17],0
237,[CH3:1][O:2][C:3](=[O:4])[CH:5]=[CH2:6].[CH:7]1=[CH:8][CH:9]=[CH:10][C:11]2([CH3:12])[C:13](=[O:14])[CH:15]=[CH:16][N:17]12>>[CH3:1][O:2][C:3](=[O:4])[CH:5]1[CH2:6][CH:7]2[CH:8]=[CH:9][CH:10]1[C:11]1([CH3:12])[C:13](=[O:14])[CH:15]=[CH:16][N:17]21,1
238,[CH2:12]=[C:13]([Cl:14])[C:15]#[N:16].[CH3:1][C:2]12[C:3](=[O:4])[CH:5]=[CH:6][N:7]1[CH:8]=[CH:9][CH:10]=[CH:11]2>>[CH3:1][C:2]12[C:3](=[O:4])[CH:5]=[CH:6][N:7]1[CH:8]1[CH:9]=[CH:10][CH:11]2[CH2:12][C:13]1([Cl:14])[C:15]#[N:16],1
239,[C:12]([Cl:13])([C:14]#[N:15])=[CH2:16].[CH3:1][C:2]12[C:3](=[O:4])[CH:5]=[CH:6][N:7]1[CH:8]=[CH:9][CH:10]=[CH:11]2>>[CH3:1][C:2]12[C:3](=[O:4])[CH:5]=[CH:6][N:7]1[CH:8]1[CH:9]=[CH:10][CH:11]2[C:12]([Cl:13])([C:14]#[N:15])[CH2:16]1,0
240,[CH3:1][C:2]([C:3]1=[CH:9][CH2:8][CH2:7][CH2:6][CH:4]1[OH:5])=[CH2:15].[C:10]([CH3:11])([CH:12]=[O:13])=[CH2:14]>>[CH3:1][C:2]1=[C:3]2[CH:4]([OH:5])[CH2:6][CH2:7][CH2:8][CH:9]2[C:10]([CH3:11])([CH:12]=[O:13])[CH2:14][CH2:15]1,0
241,[CH3:1][C:2]([C:3]1=[CH:9][CH2:8][CH2:7][CH2:6][CH:4]1[OH:5])=[CH2:15].[CH2:10]=[C:11]([CH3:12])[CH:13]=[O:14]>>[CH3:1][C:2]1=[C:3]2[CH:4]([OH:5])[CH2:6][CH2:7][CH2:8][CH:9]2[CH2:10][C:11]([CH3:12])([CH:13]=[O:14])[CH2:15]1,1
242,[CH2:9]=[C:10]([CH3:11])[CH:12]=[O:13].[CH2:1]=[CH:2][C:3]1([OH:4])[CH2:5][CH2:6][CH2:7][CH:8]=[C:16]1[CH:15]=[CH2:14]>>[CH2:1]=[CH:2][C:3]1([OH:4])[CH2:5][CH2:6][CH2:7][CH:8]2[CH2:9][C:10]([CH3:11])([CH:12]=[O:13])[CH2:14][CH:15]=[C:16]12,0
243,[CH2:12]=[C:13]([CH3:14])[CH:15]=[O:16].[CH2:1]=[CH:2][C:3]1([OH:4])[CH2:5][CH2:6][CH2:7][CH:8]=[C:9]1[CH:10]=[CH2:11]>>[CH2:1]=[CH:2][C:3]1([OH:4])[CH2:5][CH2:6][CH2:7][CH:8]2[C:9]1=[CH:10][CH2:11][CH2:12][C:13]2([CH3:14])[CH:15]=[O:16],1
244,[CH2:10]=[C:11]([CH3:12])[CH:13]=[O:14].[CH2:1]=[C:2]([CH3:3])[C:4]1([OH:5])[CH2:6][CH2:7][CH2:8][CH:9]=[C:17]1[CH:16]=[CH2:15]>>[CH2:1]=[C:2]([CH3:3])[C:4]1([OH:5])[CH2:6][CH2:7][CH2:8][CH:9]2[CH2:10][C:11]([CH3:12])([CH:13]=[O:14])[CH2:15][CH:16]=[C:17]12,0
245,[CH2:13]=[C:14]([CH3:15])[CH:16]=[O:17].[CH2:1]=[C:2]([CH3:3])[C:4]1([OH:5])[CH2:6][CH2:7][CH2:8][CH:9]=[C:10]1[CH:11]=[CH2:12]>>[CH2:1]=[C:2]([CH3:3])[C:4]1([OH:5])[CH2:6][CH2:7][CH2:8][CH:9]2[C:10]1=[CH:11][CH2:12][CH2:13][C:14]2([CH3:15])[CH:16]=[O:17],1
246,[C:7]([CH3:8])([C:9]1=[CH:15][CH2:14][CH2:13][CH2:12][CH:10]1[OH:11])=[CH2:16].[CH3:1][O:2][C:3](=[O:4])[CH:5]=[CH2:6]>>[CH3:1][O:2][C:3](=[O:4])[CH:5]1[CH2:6][C:7]([CH3:8])=[C:9]2[CH:10]([OH:11])[CH2:12][CH2:13][CH2:14][CH:15]2[CH2:16]1,0
247,[CH2:7]=[C:8]([CH3:9])[C:10]1=[CH:16][CH2:15][CH2:14][CH2:13][CH:11]1[OH:12].[CH3:1][O:2][C:3](=[O:4])[CH:5]=[CH2:6]>>[CH3:1][O:2][C:3](=[O:4])[CH:5]1[CH2:6][CH2:7][C:8]([CH3:9])=[C:10]2[CH:11]([OH:12])[CH2:13][CH2:14][CH2:15][CH:16]12,1
248,[CH2:5]=[CH:6][C:7]1=[CH:8][CH2:9][CH2:10][CH2:11][C:12]1([OH:13])[c:14]1[cH:15][cH:16][cH:17][cH:18][cH:19]1.[O:1]=[CH:2][CH:3]=[CH2:4]>>[O:1]=[CH:2][CH:3]1[CH2:4][CH2:5][CH:6]=[C:7]2[CH:8]1[CH2:9][CH2:10][CH2:11][C:12]2([OH:13])[c:14]1[cH:15][cH:16][cH:17][cH:18][cH:19]1,1
249,[CH2:4]=[CH:5][C:6]1=[CH:7][CH2:8][CH2:9][CH2:10][C:11]1([OH:12])[c:13]1[cH:14][cH:15][cH:16][cH:17][cH:18]1.[O:1]=[CH:2][CH:3]=[CH2:19]>>[O:1]=[CH:2][CH:3]1[CH2:4][CH:5]=[C:6]2[CH:7]([CH2:8][CH2:9][CH2:10][C:11]2([OH:12])[c:13]2[cH:14][cH:15][cH:16][cH:17][cH:18]2)[CH2:19]1,0
250,[CH:14]1=[CH:15][CH:16]=[CH:17][CH2:18]1.[O:1]=[C:2]([OH:3])[CH2:4][CH2:5][C:6]1=[CH:13][C:11](=[O:12])[CH:10]=[CH:9][C:7]1=[O:8]>>[O:1]=[C:2]([OH:3])[CH2:4][CH2:5][C:6]12[C:7](=[O:8])[CH:9]=[CH:10][C:11](=[O:12])[CH:13]1[CH:14]1[CH:15]=[CH:16][CH:17]2[CH2:18]1,0
251,[CH:11]1=[CH:12][CH:13]=[CH:14][CH2:15]1.[O:1]=[C:2]([OH:3])[CH2:4][CH2:5][C:6]1=[CH:7][C:8](=[O:9])[CH:10]=[CH:16][C:17]1=[O:18]>>[O:1]=[C:2]([OH:3])[CH2:4][CH2:5][C:6]1=[CH:7][C:8](=[O:9])[CH:10]2[CH:11]3[CH:12]=[CH:13][CH:14]([CH2:15]3)[CH:16]2[C:17]1=[O:18],1
252,[CH2:1]=[C:2]([CH3:3])[C:4]([CH3:5])=[CH2:6].[C:7]1([S:8]([CH3:9])(=[O:10])=[O:11])=[CH:12][CH:13]=[C:14]([S:15]([CH3:16])(=[O:17])=[O:18])[S:19]1(=[O:20])=[O:21]>>[CH2:1]=[C:2]([CH3:3])[C:4]1([CH3:5])[CH2:6][C:7]2([S:8]([CH3:9])(=[O:10])=[O:11])[CH:12]=[CH:13][C:14]1([S:15]([CH3:16])(=[O:17])=[O:18])[S:19]2(=[O:20])=[O:21],1
253,[CH2:1]=[C:2]([C:3]([CH3:4])=[CH2:5])[CH3:21].[C:6]1([S:7]([CH3:8])(=[O:9])=[O:10])=[CH:11][CH:12]=[C:13]([S:14]([CH3:15])(=[O:16])=[O:17])[S:18]1(=[O:19])=[O:20]>>[CH3:1][C:2]1=[C:3]([CH3:4])[CH2:5][C:6]2([S:7]([CH3:8])(=[O:9])=[O:10])[CH:11]([CH:12]=[C:13]([S:14]([CH3:15])(=[O:16])=[O:17])[S:18]2(=[O:19])=[O:20])[CH2:21]1,0
254,[CH2:1]=[C:2]([CH3:3])[C:4]([CH3:5])=[CH2:6].[C:7]1([S:8]([CH3:9])(=[O:10])=[O:11])=[CH:12][CH:13]=[C:14]([Cl:15])[S:16]1(=[O:17])=[O:18]>>[CH2:1]=[C:2]([CH3:3])[C:4]1([CH3:5])[CH2:6][C:7]2([S:8]([CH3:9])(=[O:10])=[O:11])[CH:12]=[CH:13][C:14]1([Cl:15])[S:16]2(=[O:17])=[O:18],0
255,[CH2:1]=[C:2]([C:3]([CH3:4])=[CH2:5])[CH3:18].[C:6]1([S:7]([CH3:8])(=[O:9])=[O:10])=[CH:11][CH:12]=[C:13]([Cl:14])[S:15]1(=[O:16])=[O:17]>>[CH3:1][C:2]1=[C:3]([CH3:4])[CH2:5][C:6]2([S:7]([CH3:8])(=[O:9])=[O:10])[CH:11]([CH:12]=[C:13]([Cl:14])[S:15]2(=[O:16])=[O:17])[CH2:18]1,0
256,[CH2:1]=[C:2]([CH3:3])[C:4]([CH3:5])=[CH2:6].[C:7]1([Cl:8])=[CH:9][CH:10]=[C:11]([S:12]([CH3:13])(=[O:14])=[O:15])[S:16]1(=[O:17])=[O:18]>>[CH2:1]=[C:2]([CH3:3])[C:4]1([CH3:5])[CH2:6][C:7]2([Cl:8])[CH:9]=[CH:10][C:11]1([S:12]([CH3:13])(=[O:14])=[O:15])[S:16]2(=[O:17])=[O:18],0
257,[CH2:1]=[C:2]([C:3]([CH3:4])=[CH2:5])[CH3:18].[C:6]1([Cl:7])=[CH:8][CH:9]=[C:10]([S:11]([CH3:12])(=[O:13])=[O:14])[S:15]1(=[O:16])=[O:17]>>[CH3:1][C:2]1=[C:3]([CH3:4])[CH2:5][C:6]2([Cl:7])[CH:8]([CH:9]=[C:10]([S:11]([CH3:12])(=[O:13])=[O:14])[S:15]2(=[O:16])=[O:17])[CH2:18]1,1
258,[CH:10]([O:11][CH3:12])=[CH:13][C:14]([O:15][CH3:16])=[CH2:17].[CH3:1][O:2][C:3](=[O:4])[C:5]1=[CH:6][C:7](=[O:8])[CH:9]=[CH:18][C:19]1=[O:20]>>[CH3:1][O:2][C:3](=[O:4])[C:5]1=[CH:6][C:7](=[O:8])[CH:9]2[CH:10]([O:11][CH3:12])[CH:13]=[C:14]([O:15][CH3:16])[CH2:17][CH:18]2[C:19]1=[O:20],0
259,[CH2:10]=[C:11]([O:12][CH3:13])[CH:14]=[CH:15][O:16][CH3:17].[CH3:1][O:2][C:3](=[O:4])[C:5]1=[CH:6][C:7](=[O:8])[CH:9]=[CH:18][C:19]1=[O:20]>>[CH3:1][O:2][C:3](=[O:4])[C:5]1=[CH:6][C:7](=[O:8])[CH:9]2[CH2:10][C:11]([O:12][CH3:13])=[CH:14][CH:15]([O:16][CH3:17])[CH:18]2[C:19]1=[O:20],1
260,[CH2:6]=[C:7]([O:8][CH3:9])[CH:10]=[CH:11][O:12][CH3:13].[CH3:1][O:2][C:3](=[O:4])[C:5]1=[CH:14][C:15](=[O:16])[CH:17]=[CH:18][C:19]1=[O:20]>>[CH3:1][O:2][C:3](=[O:4])[C:5]12[CH2:6][C:7]([O:8][CH3:9])=[CH:10][CH:11]([O:12][CH3:13])[CH:14]1[C:15](=[O:16])[CH:17]=[CH:18][C:19]2=[O:20],0
261,[CH:13]1=[CH:14][CH:15]=[CH:16][CH2:17]1.[O:1]=[C:2]1[CH:3]=[CH:4][CH2:5][CH2:6][CH:7]2[CH:8]3[CH2:9][CH:10]([CH:11]12)[CH:12]=[CH:18]3>>[O:1]=[C:2]1[CH:3]=[CH:4][CH2:5][CH2:6][CH:7]2[CH:8]3[CH2:9][CH:10]([CH:11]12)[CH:12]1[CH:13]2[CH:14]=[CH:15][CH:16]([CH2:17]2)[CH:18]31,0
262,[CH:4]1=[CH:8][CH:7]=[CH:6][CH2:5]1.[O:1]=[C:2]1[CH:3]=[CH:9][CH2:10][CH2:11][CH:12]2[CH:13]3[CH:14]=[CH:15][CH:16]([CH2:17]3)[CH:18]12>>[O:1]=[C:2]1[CH:3]2[CH:4]3[CH:5]=[CH:6][CH:7]([CH2:8]3)[CH:9]2[CH2:10][CH2:11][CH:12]2[CH:13]3[CH:14]=[CH:15][CH:16]([CH2:17]3)[CH:18]12,1
263,[CH2:12]=[CH:13][CH:14]=[O:15].[CH3:1][C:2]12[C:3](=[O:4])[CH:5]=[CH:6][N:7]1[CH:8]=[CH:9][CH:10]=[CH:11]2>>[CH3:1][C:2]12[C:3](=[O:4])[CH:5]=[CH:6][N:7]1[CH:8]1[CH:9]=[CH:10][CH:11]2[CH2:12][CH:13]1[CH:14]=[O:15],1
264,[CH:12]([CH:13]=[O:14])=[CH2:15].[CH3:1][C:2]12[C:3](=[O:4])[CH:5]=[CH:6][N:7]1[CH:8]=[CH:9][CH:10]=[CH:11]2>>[CH3:1][C:2]12[C:3](=[O:4])[CH:5]=[CH:6][N:7]1[CH:8]1[CH:9]=[CH:10][CH:11]2[CH:12]([CH:13]=[O:14])[CH2:15]1,0
265,[CH2:1]=[C:2]([CH:3]=[CH2:4])[CH3:15].[CH:5]1=[CH:14][C:12](=[O:13])[C:10]([CH3:11])=[C:8]([CH3:9])[C:6]1=[O:7]>>[CH3:1][C:2]1=[CH:3][CH2:4][CH:5]2[C:6](=[O:7])[C:8]([CH3:9])=[C:10]([CH3:11])[C:12](=[O:13])[CH:14]2[CH2:15]1,1
266,[CH2:1]=[C:2]([CH:3]=[CH2:4])[CH3:15].[C:5]1([CH3:6])=[C:13]([CH3:14])[C:11](=[O:12])[CH:10]=[CH:9][C:7]1=[O:8]>>[CH3:1][C:2]1=[CH:3][CH2:4][C:5]2([CH3:6])[C:7](=[O:8])[CH:9]=[CH:10][C:11](=[O:12])[C:13]2([CH3:14])[CH2:15]1,0
267,[CH2:8]=[CH:9][c:10]1[cH:11][cH:12][cH:13][cH:14][cH:15]1.[CH3:1][C:2]([CH3:3])([CH3:4])[C:5]1=[CH:16][C:17](=[O:18])[C:19](=[O:20])[CH:7]=[CH:6]1>>[CH3:1][C:2]([CH3:3])([CH3:4])[C:5]1=[CH:6][CH:7]2[CH2:8][CH:9]([c:10]3[cH:11][cH:12][cH:13][cH:14][cH:15]3)[CH:16]1[C:17](=[O:18])[C:19]2=[O:20],1
268,[CH2:13]=[CH:14][c:15]1[cH:16][cH:17][cH:18][cH:19][cH:20]1.[CH3:1][C:2]([CH3:3])([CH3:4])[C:5]1=[CH:7][C:8](=[O:9])[C:10](=[O:11])[CH:12]=[CH:6]1>>[CH3:1][C:2]([CH3:3])([CH3:4])[C:5]1=[CH:6][CH:7]2[C:8](=[O:9])[C:10](=[O:11])[CH:12]1[CH2:13][CH:14]2[c:15]1[cH:16][cH:17][cH:18][cH:19][cH:20]1,0
269,[CH:13]1=[CH:14][CH:15]=[CH:16][CH2:17]1.[CH3:1][C:2]1([CH3:3])[CH2:4][CH:5]([OH:6])[C:7]2=[C:8]([S:9]1)[C:10](=[O:11])[CH:12]=[CH:18][C:19]2=[O:20]>>[CH3:1][C:2]1([CH3:3])[CH2:4][CH:5]([OH:6])[C:7]2=[C:8]([S:9]1)[C:10](=[O:11])[CH:12]1[CH:13]3[CH:14]=[CH:15][CH:16]([CH2:17]3)[CH:18]1[C:19]2=[O:20],1
270,[CH:16]1=[CH:17][CH:18]=[CH:19][CH2:20]1.[CH3:1][C:2]1([CH3:3])[CH2:4][CH:5]([OH:6])[C:7]2=[C:14]([C:12](=[O:13])[CH:11]=[CH:10][C:8]2=[O:9])[S:15]1>>[CH3:1][C:2]1([CH3:3])[CH2:4][CH:5]([OH:6])[C:7]23[C:8](=[O:9])[CH:10]=[CH:11][C:12](=[O:13])[C:14]2([S:15]1)[CH:16]1[CH:17]=[CH:18][CH:19]3[CH2:20]1,0
271,[CH:8]1=[CH:9][CH:10]=[CH:11][CH2:12]1.[CH3:1][CH2:2][C:3]1=[CH:4][C:5](=[O:6])[CH:7]=[CH:13][C:14]1=[O:15]>>[CH3:1][CH2:2][C:3]1=[CH:4][C:5](=[O:6])[CH:7]2[CH:8]3[CH:9]=[CH:10][CH:11]([CH2:12]3)[CH:13]2[C:14]1=[O:15],1
272,[CH:11]1=[CH:12][CH:13]=[CH:14][CH2:15]1.[CH3:1][CH2:2][C:3]1=[CH:10][C:8](=[O:9])[CH:7]=[CH:6][C:4]1=[O:5]>>[CH3:1][CH2:2][C:3]12[C:4](=[O:5])[CH:6]=[CH:7][C:8](=[O:9])[CH:10]1[CH:11]1[CH:12]=[CH:13][CH:14]2[CH2:15]1,0
273,[CH3:1][O:2][c:3]1[cH:4][cH:5][c:6]2[c:7]([cH:8]1)[CH2:9][CH2:10][CH:11]=[C:12]2[CH:13]=[CH2:14].[CH:15]1=[C:23]([CH3:24])[C:21](=[O:22])[CH:20]=[C:18]([CH3:19])[C:16]1=[O:17]>>[CH3:1][O:2][c:3]1[cH:4][cH:5][c:6]2[c:7]([cH:8]1)[CH2:9][CH2:10][CH:11]1[C:12]2=[CH:13][CH2:14][CH:15]2[C:16](=[O:17])[C:18]([CH3:19])=[CH:20][C:21](=[O:22])[C:23]12[CH3:24],1
274,[CH3:1][O:2][c:3]1[cH:4][cH:5][c:6]2[c:7]([cH:8]1)[CH2:9][CH2:10][CH:11]=[C:12]2[CH:13]=[CH2:14].[C:15]1([CH3:16])=[CH:24][C:22](=[O:23])[C:20]([CH3:21])=[CH:19][C:17]1=[O:18]>>[CH3:1][O:2][c:3]1[cH:4][cH:5][c:6]2[c:7]([cH:8]1)[CH2:9][CH2:10][CH:11]1[C:12]2=[CH:13][CH2:14][C:15]2([CH3:16])[C:17](=[O:18])[CH:19]=[C:20]([CH3:21])[C:22](=[O:23])[CH:24]12,0
275,[CH:15]([CH:16]=[O:17])=[CH2:18].[CH2:1]=[CH:2][CH2:3][CH2:4][C:5]12[C:6](=[O:7])[CH:8]=[CH:9][N:10]1[CH:11]=[CH:12][CH:13]=[CH:14]2>>[CH2:1]=[CH:2][CH2:3][CH2:4][C:5]12[C:6](=[O:7])[CH:8]=[CH:9][N:10]1[CH:11]1[CH:12]=[CH:13][CH:14]2[CH:15]([CH:16]=[O:17])[CH2:18]1,0
276,[CH2:15]=[CH:16][CH:17]=[O:18].[CH2:1]=[CH:2][CH2:3][CH2:4][C:5]12[C:6](=[O:7])[CH:8]=[CH:9][N:10]1[CH:11]=[CH:12][CH:13]=[CH:14]2>>[CH2:1]=[CH:2][CH2:3][CH2:4][C:5]12[C:6](=[O:7])[CH:8]=[CH:9][N:10]1[CH:11]1[CH:12]=[CH:13][CH:14]2[CH2:15][CH:16]1[CH:17]=[O:18],1
277,[CH2:15]=[C:16]([Cl:17])[C:18]#[N:19].[CH2:1]=[CH:2][CH2:3][CH2:4][C:5]12[C:6](=[O:7])[CH:8]=[CH:9][N:10]1[CH:11]=[CH:12][CH:13]=[CH:14]2>>[CH2:1]=[CH:2][CH2:3][CH2:4][C:5]12[C:6](=[O:7])[CH:8]=[CH:9][N:10]1[CH:11]1[CH:12]=[CH:13][CH:14]2[CH2:15][C:16]1([Cl:17])[C:18]#[N:19],1
278,[C:15]([Cl:16])([C:17]#[N:18])=[CH2:19].[CH2:1]=[CH:2][CH2:3][CH2:4][C:5]12[C:6](=[O:7])[CH:8]=[CH:9][N:10]1[CH:11]=[CH:12][CH:13]=[CH:14]2>>[CH2:1]=[CH:2][CH2:3][CH2:4][C:5]12[C:6](=[O:7])[CH:8]=[CH:9][N:10]1[CH:11]1[CH:12]=[CH:13][CH:14]2[C:15]([Cl:16])([C:17]#[N:18])[CH2:19]1,0
279,[CH3:1][c:2]1[cH:3][cH:4][c:5]([CH:6]=[CH2:7])[cH:20][cH:21]1.[CH:8]1=[C:15]([C:16]([CH3:17])([CH3:18])[CH3:19])[CH:14]=[CH:13][C:11](=[O:12])[C:9]1=[O:10]>>[CH3:1][c:2]1[cH:3][cH:4][c:5]([CH:6]2[CH2:7][CH:8]3[C:9](=[O:10])[C:11](=[O:12])[CH:13]2[CH:14]=[C:15]3[C:16]([CH3:17])([CH3:18])[CH3:19])[cH:20][cH:21]1,0
280,[CH3:1][c:2]1[cH:3][cH:4][c:5]([CH:6]=[CH2:7])[cH:20][cH:21]1.[CH:8]1=[CH:9][C:10]([C:11]([CH3:12])([CH3:13])[CH3:14])=[CH:15][C:16](=[O:17])[C:18]1=[O:19]>>[CH3:1][c:2]1[cH:3][cH:4][c:5]([CH:6]2[CH2:7][CH:8]3[CH:9]=[C:10]([C:11]([CH3:12])([CH3:13])[CH3:14])[CH:15]2[C:16](=[O:17])[C:18]3=[O:19])[cH:20][cH:21]1,1
281,[CH3:1][O:2][CH:3]=[CH:4][CH:5]=[CH2:6].[C:7]1([C:8]#[N:9])=[CH:17][O:16][C:13]([CH3:14])([CH3:15])[CH2:12][C:10]1=[O:11]>>[CH3:1][O:2][CH:3]1[CH:4]=[CH:5][CH2:6][C:7]2([C:8]#[N:9])[C:10](=[O:11])[CH2:12][C:13]([CH3:14])([CH3:15])[O:16][CH:17]12,0
282,[CH3:1][O:2][CH:3]=[CH:4][CH:5]=[CH2:6].[CH:7]1=[C:15]([C:16]#[N:17])[C:13](=[O:14])[CH2:12][C:9]([CH3:10])([CH3:11])[O:8]1>>[CH3:1][O:2][CH:3]1[CH:4]=[CH:5][CH2:6][CH:7]2[O:8][C:9]([CH3:10])([CH3:11])[CH2:12][C:13](=[O:14])[C:15]12[C:16]#[N:17],1
283,[CH:6]1=[CH:7][CH:8]=[C:9]([CH2:10][O:11][CH2:12][c:13]2[cH:14][cH:15][cH:16][cH:17][cH:18]2)[C:19]12[CH2:20][CH2:21]2.[N:1]#[C:2][C:3]([Cl:4])=[CH2:5]>>[N:1]#[C:2][C:3]1([Cl:4])[CH2:5][CH:6]2[CH:7]=[CH:8][C:9]1([CH2:10][O:11][CH2:12][c:13]1[cH:14][cH:15][cH:16][cH:17][cH:18]1)[C:19]21[CH2:20][CH2:21]1,1
284,[C:6]1([CH2:7][O:8][CH2:9][c:10]2[cH:11][cH:12][cH:13][cH:14][cH:15]2)=[CH:16][CH:17]=[CH:18][C:19]12[CH2:20][CH2:21]2.[N:1]#[C:2][C:3]([Cl:4])=[CH2:5]>>[N:1]#[C:2][C:3]1([Cl:4])[CH2:5][C:6]2([CH2:7][O:8][CH2:9][c:10]3[cH:11][cH:12][cH:13][cH:14][cH:15]3)[CH:16]=[CH:17][CH:18]1[C:19]21[CH2:20][CH2:21]1,0
285,[CH:10]1=[CH:14][CH:13]=[CH:12][CH2:11]1.[CH3:1][S:2](=[O:3])(=[O:4])[C:5]1=[CH:6][CH:7]=[C:8]([Cl:9])[S:15]1(=[O:16])=[O:17]>>[CH3:1][S:2](=[O:3])(=[O:4])[C:5]12[CH:6]=[CH:7][C:8]([Cl:9])([CH:10]3[CH2:11][CH:12]=[CH:13][CH:14]13)[S:15]2(=[O:16])=[O:17],0
286,[CH:10]1=[CH:14][CH2:13][CH:12]=[CH:11]1.[CH3:1][S:2](=[O:3])(=[O:4])[C:5]1=[CH:6][CH:7]=[C:8]([Cl:9])[S:15]1(=[O:16])=[O:17]>>[CH3:1][S:2](=[O:3])(=[O:4])[C:5]12[CH:6]=[CH:7][C:8]([Cl:9])([CH:10]3[CH:11]=[CH:12][CH2:13][CH:14]13)[S:15]2(=[O:16])=[O:17],1
287,[CH:6]1=[CH:10][CH:9]=[CH:8][CH2:7]1.[CH3:1][S:2](=[O:3])(=[O:4])[C:5]1=[CH:11][CH:12]=[C:13]([Cl:14])[S:15]1(=[O:16])=[O:17]>>[CH3:1][S:2](=[O:3])(=[O:4])[C:5]12[CH:6]3[CH:7]=[CH:8][CH:9]([CH2:10]3)[CH:11]1[CH:12]=[C:13]([Cl:14])[S:15]2(=[O:16])=[O:17],0
288,[CH:8]1=[CH:9][CH:10]=[CH:11][CH2:12]1.[CH3:1][S:2](=[O:3])(=[O:4])[C:5]1=[CH:6][CH:7]=[C:13]([Cl:14])[S:15]1(=[O:16])=[O:17]>>[CH3:1][S:2](=[O:3])(=[O:4])[C:5]1=[CH:6][CH:7]2[CH:8]3[CH:9]=[CH:10][CH:11]([CH2:12]3)[C:13]2([Cl:14])[S:15]1(=[O:16])=[O:17],0
289,[CH:13]1=[CH:14][CH:15]=[CH:16][CH2:17]1.[CH3:1][C:2](=[O:3])[C:4]1=[C:11]([Cl:12])[C:9](=[O:10])[CH:8]=[CH:7][C:5]1=[O:6]>>[CH3:1][C:2](=[O:3])[C:4]12[C:5](=[O:6])[CH:7]=[CH:8][C:9](=[O:10])[C:11]1([Cl:12])[CH:13]1[CH:14]=[CH:15][CH:16]2[CH2:17]1,0
290,[CH:10]1=[CH:11][CH:12]=[CH:13][CH2:14]1.[CH3:1][C:2](=[O:3])[C:4]1=[C:5]([Cl:6])[C:7](=[O:8])[CH:9]=[CH:15][C:16]1=[O:17]>>[CH3:1][C:2](=[O:3])[C:4]1=[C:5]([Cl:6])[C:7](=[O:8])[CH:9]2[CH:10]3[CH:11]=[CH:12][CH:13]([CH2:14]3)[CH:15]2[C:16]1=[O:17],1
291,[CH3:1][C:2]([CH3:3])=[CH:4][CH:5]=[CH:6][C:7]([CH3:8])=[CH:9][CH3:10].[CH:11]1=[CH:17][C:15](=[O:16])[O:14][C:12]1=[O:13]>>[CH3:1][C:2]([CH3:3])=[CH:4][CH:5]1[CH:6]=[C:7]([CH3:8])[CH:9]([CH3:10])[CH:11]2[C:12](=[O:13])[O:14][C:15](=[O:16])[CH:17]12,1
292,[CH3:1][CH:2]=[C:3]([CH3:4])[CH:5]=[CH:6][CH:7]=[C:8]([CH3:9])[CH3:10].[CH:11]1=[CH:17][C:15](=[O:16])[O:14][C:12]1=[O:13]>>[CH3:1][CH:2]=[C:3]([CH3:4])[CH:5]1[CH:6]=[CH:7][C:8]([CH3:9])([CH3:10])[CH:11]2[C:12](=[O:13])[O:14][C:15](=[O:16])[CH:17]12,0
293,[CH:14]1=[CH:15][CH:16]=[CH:17][CH2:18]1.[CH3:1][O:2][C:3]1([O:4][CH3:5])[CH:6]2[CH:7]=[CH:8][CH:9]1[CH:10]1[C:11](=[O:12])[CH:13]=[CH:19][C:20](=[O:21])[CH:22]21>>[CH3:1][O:2][C:3]1([O:4][CH3:5])[CH:6]2[CH:7]=[CH:8][CH:9]1[CH:10]1[C:11](=[O:12])[CH:13]3[CH:14]4[CH:15]=[CH:16][CH:17]([CH2:18]4)[CH:19]3[C:20](=[O:21])[CH:22]21,1
294,[CH:17]1=[CH:18][CH:19]=[CH:20][CH2:21]1.[CH3:1][O:2][C:3]1([O:4][CH3:5])[CH:6]2[CH:7]=[CH:14][CH:15]1[CH:16]1[C:8](=[O:9])[CH:10]=[CH:11][C:12](=[O:13])[CH:22]21>>[CH3:1][O:2][C:3]1([O:4][CH3:5])[CH:6]2[CH:7]3[C:8](=[O:9])[CH:10]=[CH:11][C:12](=[O:13])[CH:14]3[CH:15]1[CH:16]1[CH:17]3[CH:18]=[CH:19][CH:20]([CH2:21]3)[CH:22]21,0
295,[CH:6]1=[CH:10][CH2:9][CH:8]=[CH:7]1.[O:1]=[P:2]([CH:3]=[C:4]=[CH2:5])([c:11]1[cH:12][cH:13][cH:14][cH:15][cH:16]1)[c:17]1[cH:18][cH:19][cH:20][cH:21][cH:22]1>>[O:1]=[P:2]([CH:3]=[C:4]1[CH2:5][CH:6]2[CH:7]=[CH:8][CH:9]1[CH2:10]2)([c:11]1[cH:12][cH:13][cH:14][cH:15][cH:16]1)[c:17]1[cH:18][cH:19][cH:20][cH:21][cH:22]1,1
296,[CH2:3]1[CH:4]=[CH:5][CH:6]=[CH:7]1.[CH2:1]=[C:2]=[CH:8][P:9](=[O:10])([c:11]1[cH:12][cH:13][cH:14][cH:15][cH:16]1)[c:17]1[cH:18][cH:19][cH:20][cH:21][cH:22]1>>[CH2:1]=[C:2]1[CH:3]2[CH:4]=[CH:5][CH:6]([CH2:7]2)[CH:8]1[P:9](=[O:10])([c:11]1[cH:12][cH:13][cH:14][cH:15][cH:16]1)[c:17]1[cH:18][cH:19][cH:20][cH:21][cH:22]1,0
297,[CH2:8]=[CH:9][CH:10]=[CH:11][O:12][Si:13]([CH3:14])([CH3:15])[C:16]([CH3:17])([CH3:18])[CH3:19].[CH3:1][O:2][CH:3]1[O:4][C:5](=[O:6])[CH:7]=[CH:20]1>>[CH3:1][O:2][CH:3]1[O:4][C:5](=[O:6])[CH:7]2[CH2:8][CH:9]=[CH:10][CH:11]([O:12][Si:13]([CH3:14])([CH3:15])[C:16]([CH3:17])([CH3:18])[CH3:19])[CH:20]12,0
298,[CH:8]([O:9][Si:10]([CH3:11])([CH3:12])[C:13]([CH3:14])([CH3:15])[CH3:16])=[CH:17][CH:18]=[CH2:19].[CH3:1][O:2][CH:3]1[O:4][C:5](=[O:6])[CH:7]=[CH:20]1>>[CH3:1][O:2][CH:3]1[O:4][C:5](=[O:6])[CH:7]2[CH:8]([O:9][Si:10]([CH3:11])([CH3:12])[C:13]([CH3:14])([CH3:15])[CH3:16])[CH:17]=[CH:18][CH2:19][CH:20]12,1
299,[CH:11]1=[C:17]([CH3:18])[C:15](=[O:16])[O:14][C:12]1=[O:13].[CH3:1][CH:2]=[C:3]([CH3:4])[CH:5]=[CH:6][CH:7]=[C:8]([CH3:9])[CH3:10]>>[CH3:1][CH:2]=[C:3]([CH3:4])[CH:5]1[CH:6]=[CH:7][C:8]([CH3:9])([CH3:10])[CH:11]2[C:12](=[O:13])[O:14][C:15](=[O:16])[C:17]12[CH3:18],0
300,[C:11]1([CH3:12])=[CH:18][C:16](=[O:17])[O:15][C:13]1=[O:14].[CH3:1][CH:2]=[C:3]([CH3:4])[CH:5]=[CH:6][CH:7]=[C:8]([CH3:9])[CH3:10]>>[CH3:1][CH:2]=[C:3]([CH3:4])[CH:5]1[CH:6]=[CH:7][C:8]([CH3:9])([CH3:10])[C:11]2([CH3:12])[C:13](=[O:14])[O:15][C:16](=[O:17])[CH:18]12,0
301,[C:11]1([CH3:12])=[CH:18][C:16](=[O:17])[O:15][C:13]1=[O:14].[CH3:1][C:2]([CH3:3])=[CH:4][CH:5]=[CH:6][C:7]([CH3:8])=[CH:9][CH3:10]>>[CH3:1][C:2]([CH3:3])=[CH:4][CH:5]1[CH:6]=[C:7]([CH3:8])[CH:9]([CH3:10])[C:11]2([CH3:12])[C:13](=[O:14])[O:15][C:16](=[O:17])[CH:18]12,0
302,[CH:11]1=[C:17]([CH3:18])[C:15](=[O:16])[O:14][C:12]1=[O:13].[CH3:1][C:2]([CH3:3])=[CH:4][CH:5]=[CH:6][C:7]([CH3:8])=[CH:9][CH3:10]>>[CH3:1][C:2]([CH3:3])=[CH:4][CH:5]1[CH:6]=[C:7]([CH3:8])[CH:9]([CH3:10])[CH:11]2[C:12](=[O:13])[O:14][C:15](=[O:16])[C:17]12[CH3:18],1
303,[CH:13]([C:14](=[O:15])[O:16][CH3:17])=[CH2:18].[CH3:1][CH2:2][C:3](=[O:4])[N:5]([CH:6]([CH3:7])[CH3:8])[CH:9]=[CH:10][CH:11]=[CH2:12]>>[CH3:1][CH2:2][C:3](=[O:4])[N:5]([CH:6]([CH3:7])[CH3:8])[CH:9]1[CH:10]=[CH:11][CH2:12][CH:13]([C:14](=[O:15])[O:16][CH3:17])[CH2:18]1,1
304,[CH2:13]=[CH:14][C:15](=[O:16])[O:17][CH3:18].[CH3:1][CH2:2][C:3](=[O:4])[N:5]([CH:6]([CH3:7])[CH3:8])[CH:9]=[CH:10][CH:11]=[CH2:12]>>[CH3:1][CH2:2][C:3](=[O:4])[N:5]([CH:6]([CH3:7])[CH3:8])[CH:9]1[CH:10]=[CH:11][CH2:12][CH2:13][CH:14]1[C:15](=[O:16])[O:17][CH3:18],0
305,[CH2:6]=[CH:7][C:8]1=[CH:19][CH2:18][CH2:17][c:16]2[c:9]1[cH:10][cH:11][c:12]([O:13][CH3:14])[cH:15]2.[CH3:1][O:2][C:3](=[O:4])[C:5]1=[CH:20][CH2:21][CH2:22][C:23]1=[O:24]>>[CH3:1][O:2][C:3](=[O:4])[C:5]12[CH2:6][CH:7]=[C:8]3[c:9]4[cH:10][cH:11][c:12]([O:13][CH3:14])[cH:15][c:16]4[CH2:17][CH2:18][CH:19]3[CH:20]1[CH2:21][CH2:22][C:23]2=[O:24],0
306,[CH2:11]=[CH:12][C:13]1=[CH:24][CH2:23][CH2:22][c:21]2[c:14]1[cH:15][cH:16][c:17]([O:18][CH3:19])[cH:20]2.[CH3:1][O:2][C:3](=[O:4])[C:5]1=[CH:10][CH2:9][CH2:8][C:6]1=[O:7]>>[CH3:1][O:2][C:3](=[O:4])[C:5]12[C:6](=[O:7])[CH2:8][CH2:9][CH:10]1[CH2:11][CH:12]=[C:13]1[c:14]3[cH:15][cH:16][c:17]([O:18][CH3:19])[cH:20][c:21]3[CH2:22][CH2:23][CH:24]21,1
307,[CH3:1][Si:2]([CH3:3])([CH3:4])[O:5][C:6]([CH:7]=[CH2:8])=[CH2:11].[CH:9]1=[CH:10][c:12]2[cH:13][cH:14][cH:15][cH:16][c:17]2[S:18]1(=[O:19])=[O:20]>>[CH3:1][Si:2]([CH3:3])([CH3:4])[O:5][C:6]1=[CH:7][CH2:8][CH:9]2[CH:10]([CH2:11]1)[c:12]1[cH:13][cH:14][cH:15][cH:16][c:17]1[S:18]2(=[O:19])=[O:20],0
308,[CH3:1][Si:2]([CH3:3])([CH3:4])[O:5][C:6]([CH:7]=[CH2:8])=[CH2:20].[CH:9]1=[CH:19][S:16](=[O:17])(=[O:18])[c:15]2[c:10]1[cH:11][cH:12][cH:13][cH:14]2>>[CH3:1][Si:2]([CH3:3])([CH3:4])[O:5][C:6]1=[CH:7][CH2:8][CH:9]2[c:10]3[cH:11][cH:12][cH:13][cH:14][c:15]3[S:16](=[O:17])(=[O:18])[CH:19]2[CH2:20]1,1
309,[CH3:1][C:2]([CH3:3])([CH3:4])[Si:5]([CH3:6])([CH3:7])[O:8][C:9]([CH:10]=[CH2:11])=[CH2:17].[CH:12]1=[CH:16][C:14](=[O:15])[CH2:13]1>>[CH3:1][C:2]([CH3:3])([CH3:4])[Si:5]([CH3:6])([CH3:7])[O:8][C:9]1=[CH:10][CH2:11][CH:12]2[CH2:13][C:14](=[O:15])[CH:16]2[CH2:17]1,0
310,[CH3:1][C:2]([CH3:3])([CH3:4])[Si:5]([CH3:6])([CH3:7])[O:8][C:9]([CH:10]=[CH2:11])=[CH2:17].[CH:12]1=[CH:16][CH2:15][C:13]1=[O:14]>>[CH3:1][C:2]([CH3:3])([CH3:4])[Si:5]([CH3:6])([CH3:7])[O:8][C:9]1=[CH:10][CH2:11][CH:12]2[C:13](=[O:14])[CH2:15][CH:16]2[CH2:17]1,1
311,[CH:13]1=[CH:14][CH:15]=[CH:16][CH2:17]1.[CH3:1][C:2]([CH2:3][CH2:4][C:5]1=[CH:6][C:7](=[O:8])[O:9][C:10]1=[O:11])=[CH2:12]>>[CH3:1][C:2]1([CH2:3][CH2:4][C:5]2=[CH:6][C:7](=[O:8])[O:9][C:10]2=[O:11])[CH2:12][CH:13]2[CH:14]=[CH:15][CH:16]1[CH2:17]2,0
312,[CH:13]1=[CH:14][CH:15]=[CH:16][CH2:17]1.[CH2:1]=[C:2]([CH3:3])[CH2:4][CH2:5][C:6]1=[CH:12][C:10](=[O:11])[O:9][C:7]1=[O:8]>>[CH2:1]=[C:2]([CH3:3])[CH2:4][CH2:5][C:6]12[C:7](=[O:8])[O:9][C:10](=[O:11])[CH:12]1[CH:13]1[CH:14]=[CH:15][CH:16]2[CH2:17]1,1
313,[CH:13]1=[CH:14][CH:15]=[CH:16][CH2:17]1.[N:1]#[C:2][C:3]1=[C:10]([C:11]#[N:12])[C:8](=[O:9])[CH:7]=[CH:6][C:4]1=[O:5]>>[N:1]#[C:2][C:3]12[C:4](=[O:5])[CH:6]=[CH:7][C:8](=[O:9])[C:10]1([C:11]#[N:12])[CH:13]1[CH:14]=[CH:15][CH:16]2[CH2:17]1,1
314,[CH:10]1=[CH:11][CH:12]=[CH:13][CH2:14]1.[N:1]#[C:2][C:3]1=[C:4]([C:5]#[N:6])[C:7](=[O:8])[CH:9]=[CH:15][C:16]1=[O:17]>>[N:1]#[C:2][C:3]1=[C:4]([C:5]#[N:6])[C:7](=[O:8])[CH:9]2[CH:10]3[CH:11]=[CH:12][CH:13]([CH2:14]3)[CH:15]2[C:16]1=[O:17],0
315,[CH2:6]=[CH:7][C:8](=[CH2:9])[CH3:10].[CH3:1][O:2][C:3](=[O:4])[C:5]1=[CH:11][C:12]([CH3:13])([CH3:14])[CH2:15][CH2:16][C:17]1=[O:18]>>[CH3:1][O:2][C:3](=[O:4])[C:5]12[CH2:6][CH:7]=[C:8]([CH3:9])[CH2:10][CH:11]1[C:12]([CH3:13])([CH3:14])[CH2:15][CH2:16][C:17]2=[O:18],1
316,[CH3:6][C:7](=[CH2:8])[CH:9]=[CH2:10].[CH3:1][O:2][C:3](=[O:4])[C:5]1=[CH:11][C:12]([CH3:13])([CH3:14])[CH2:15][CH2:16][C:17]1=[O:18]>>[CH3:1][O:2][C:3](=[O:4])[C:5]12[CH2:6][C:7]([CH3:8])=[CH:9][CH2:10][CH:11]1[C:12]([CH3:13])([CH3:14])[CH2:15][CH2:16][C:17]2=[O:18],0
317,[CH:1]#[C:2][CH2:3][C:4]1([CH3:5])[C:6](=[O:7])[C:8]([CH3:9])=[CH:10][CH:11]=[CH:12]1.[CH:13]([C:14]#[N:15])=[CH2:16]>>[CH:1]#[C:2][CH2:3][C:4]1([CH3:5])[C:6](=[O:7])[C:8]2([CH3:9])[CH:10]=[CH:11][CH:12]1[CH:13]([C:14]#[N:15])[CH2:16]2,0
318,[CH:1]#[C:2][CH2:3][C:4]1([CH3:5])[C:6](=[O:7])[C:8]([CH3:9])=[CH:10][CH:11]=[CH:12]1.[CH2:13]=[CH:14][C:15]#[N:16]>>[CH:1]#[C:2][CH2:3][C:4]1([CH3:5])[C:6](=[O:7])[C:8]2([CH3:9])[CH:10]=[CH:11][CH:12]1[CH2:13][CH:14]2[C:15]#[N:16],1
