,smiles,energies
0,[CH3:1][C:2](=[O:3])[O:4][CH:5]=[CH:6][CH:7]=[CH2:8].[CH:9]([CH:10]=[O:11])=[CH2:12]>>[CH3:1][C:2](=[O:3])[O:4][CH:5]1[CH:6]=[CH:7][CH2:8][CH:9]([CH:10]=[O:11])[CH2:12]1,0.014908317738999699
1,[CH3:1][C:2](=[O:3])[O:4][CH:5]=[CH:6][CH:7]=[CH2:8].[CH2:9]=[CH:10][CH:11]=[O:12]>>[CH3:1][C:2](=[O:3])[O:4][CH:5]1[CH:6]=[CH:7][CH2:8][CH2:9][CH:10]1[CH:11]=[O:12],0.004717366960001357
2,[CH:11]1=[CH:12][CH:13]=[CH:14][CH2:15]1.[CH3:1][O:2][C:3]1=[C:4]([O:5][CH3:6])[C:7](=[O:8])[C:9]([CH3:10])=[CH:16][C:17]1=[O:18]>>[CH3:1][O:2][C:3]1=[C:4]([O:5][CH3:6])[C:7](=[O:8])[C:9]2([CH3:10])[CH:11]3[CH:12]=[CH:13][CH:14]([CH2:15]3)[CH:16]2[C:17]1=[O:18],0.0063389164839975365
3,[CH:14]1=[CH:15][CH:16]=[CH:17][CH2:18]1.[CH3:1][O:2][C:3]1=[C:11]([O:12][CH3:13])[C:9](=[O:10])[C:7]([CH3:8])=[CH:6][C:4]1=[O:5]>>[CH3:1][O:2][C:3]12[C:4](=[O:5])[CH:6]=[C:7]([CH3:8])[C:9](=[O:10])[C:11]1([O:12][CH3:13])[CH:14]1[CH:15]=[CH:16][CH:17]2[CH2:18]1,0.015117658367998388
4,[CH2:5]=[C:6]([CH3:7])[CH:8]=[O:9].[CH3:1][C:2]([CH:3]=[CH2:4])=[CH2:10]>>[CH3:1][C:2]1=[CH:3][CH2:4][CH2:5][C:6]([CH3:7])([CH:8]=[O:9])[CH2:10]1,0.004576818598000187
5,[CH2:4]=[C:5]([CH3:6])[CH:7]=[O:8].[CH3:1][C:2]([CH:3]=[CH2:9])=[CH2:10]>>[CH3:1][C:2]1=[CH:3][CH2:4][C:5]([CH3:6])([CH:7]=[O:8])[CH2:9][CH2:10]1,0.003190354689998287
6,[CH2:1]=[C:2]([CH:3]=[CH2:4])[CH3:14].[CH:5]1=[C:12]([CH3:13])[C:10](=[O:11])[CH2:9][CH2:8][CH:6]1[CH3:7]>>[CH3:1][C:2]1=[CH:3][CH2:4][CH:5]2[CH:6]([CH3:7])[CH2:8][CH2:9][C:10](=[O:11])[C:12]2([CH3:13])[CH2:14]1,0.015307769088003909
7,[CH2:1]=[C:2]([CH:3]=[CH2:4])[CH3:14].[C:5]1([CH3:6])=[CH:13][CH:11]([CH3:12])[CH2:10][CH2:9][C:7]1=[O:8]>>[CH3:1][C:2]1=[CH:3][CH2:4][C:5]2([CH3:6])[C:7](=[O:8])[CH2:9][CH2:10][CH:11]([CH3:12])[CH:13]2[CH2:14]1,0.01781974419799326
8,[CH3:1][CH2:2][O:3][C:4](=[O:5])[CH2:6][CH:7]=[CH:8][CH:9]=[CH2:10].[C:11]([CH3:12])([CH:13]=[O:14])=[CH:15][CH3:16]>>[CH3:1][CH2:2][O:3][C:4](=[O:5])[CH2:6][CH:7]1[CH:8]=[CH:9][CH2:10][C:11]([CH3:12])([CH:13]=[O:14])[CH:15]1[CH3:16],0.015937579746996278
9,[CH3:1][CH2:2][O:3][C:4](=[O:5])[CH2:6][CH:7]=[CH:8][CH:9]=[CH2:10].[CH:11]([CH3:12])=[C:13]([CH3:14])[CH:15]=[O:16]>>[CH3:1][CH2:2][O:3][C:4](=[O:5])[CH2:6][CH:7]1[CH:8]=[CH:9][CH2:10][CH:11]([CH3:12])[C:13]1([CH3:14])[CH:15]=[O:16],0.011679305668003792
10,[CH2:1]=[C:2]([CH:3]=[CH2:4])[CH3:21].[CH:5]([c:6]1[cH:7][cH:8][cH:9][cH:10][cH:11]1)=[CH:12][C:13](=[O:14])[c:15]1[cH:16][cH:17][cH:18][cH:19][cH:20]1>>[CH3:1][C:2]1=[CH:3][CH2:4][CH:5]([c:6]2[cH:7][cH:8][cH:9][cH:10][cH:11]2)[CH:12]([C:13](=[O:14])[c:15]2[cH:16][cH:17][cH:18][cH:19][cH:20]2)[CH2:21]1,0.009491392385001518
11,[CH2:1]=[C:2]([CH:3]=[CH2:4])[CH3:21].[CH:5]([C:6](=[O:7])[c:8]1[cH:9][cH:10][cH:11][cH:12][cH:13]1)=[CH:14][c:15]1[cH:16][cH:17][cH:18][cH:19][cH:20]1>>[CH3:1][C:2]1=[CH:3][CH2:4][CH:5]([C:6](=[O:7])[c:8]2[cH:9][cH:10][cH:11][cH:12][cH:13]2)[CH:14]([c:15]2[cH:16][cH:17][cH:18][cH:19][cH:20]2)[CH2:21]1,0.021932741066997608
12,[CH2:1]=[C:2]([CH:3]=[CH2:4])[CH3:15].[C:5]1([CH3:6])=[CH:14][CH2:13][CH:11]([CH3:12])[CH:9]([CH3:10])[C:7]1=[O:8]>>[CH3:1][C:2]1=[CH:3][CH2:4][C:5]2([CH3:6])[C:7](=[O:8])[CH:9]([CH3:10])[CH:11]([CH3:12])[CH2:13][CH:14]2[CH2:15]1,0.015620750021000163
13,[CH2:1]=[C:2]([CH:3]=[CH2:6])[CH3:15].[CH2:4]1[CH:5]=[C:13]([CH3:14])[C:11](=[O:12])[CH:9]([CH3:10])[CH:7]1[CH3:8]>>[CH3:1][C:2]1=[CH:3][CH2:4][CH:5]2[CH2:6][CH:7]([CH3:8])[CH:9]([CH3:10])[C:11](=[O:12])[C:13]2([CH3:14])[CH2:15]1,0.016478976213996077
14,[CH3:1][CH:2]([CH3:3])[CH2:4][C:5]([CH:6]=[CH2:7])=[CH2:13].[CH:8]([CH:9]=[O:10])=[CH:11][CH3:12]>>[CH3:1][CH:2]([CH3:3])[CH2:4][C:5]1=[CH:6][CH2:7][CH:8]([CH:9]=[O:10])[CH:11]([CH3:12])[CH2:13]1,0.01966480344099608
15,[CH3:1][CH:2]([CH3:3])[CH2:4][C:5]([CH:6]=[CH2:7])=[CH2:13].[CH:8]([CH3:9])=[CH:10][CH:11]=[O:12]>>[CH3:1][CH:2]([CH3:3])[CH2:4][C:5]1=[CH:6][CH2:7][CH:8]([CH3:9])[CH:10]([CH:11]=[O:12])[CH2:13]1,0.011328976024998383
16,[CH:6]([C:7]([CH3:8])=[CH2:9])=[CH2:10].[CH3:1][C:2](=[O:3])[CH:4]=[CH2:5]>>[CH3:1][C:2](=[O:3])[CH:4]1[CH2:5][CH:6]=[C:7]([CH3:8])[CH2:9][CH2:10]1,0.006358466764002202
17,[CH2:6]=[CH:7][C:8]([CH3:9])=[CH2:10].[CH3:1][C:2](=[O:3])[CH:4]=[CH2:5]>>[CH3:1][C:2](=[O:3])[CH:4]1[CH2:5][CH2:6][CH:7]=[C:8]([CH3:9])[CH2:10]1,0.007420323190999056
18,[CH:11]1=[CH:12][CH:13]=[CH:14][CH2:15]1.[CH3:1][C:2]([CH3:3])=[CH:4][CH2:5][C:6]1=[CH:7][C:8](=[O:9])[CH:10]=[CH:16][C:17]1=[O:18]>>[CH3:1][C:2]([CH3:3])=[CH:4][CH2:5][C:6]1=[CH:7][C:8](=[O:9])[CH:10]2[CH:11]3[CH:12]=[CH:13][CH:14]([CH2:15]3)[CH:16]2[C:17]1=[O:18],0.0030270879350027258
19,[CH:14]1=[CH:15][CH:16]=[CH:17][CH2:18]1.[CH3:1][C:2]([CH3:3])=[CH:4][CH2:5][C:6]1=[CH:13][C:11](=[O:12])[CH:10]=[CH:9][C:7]1=[O:8]>>[CH3:1][C:2]([CH3:3])=[CH:4][CH2:5][C:6]12[C:7](=[O:8])[CH:9]=[CH:10][C:11](=[O:12])[CH:13]1[CH:14]1[CH:15]=[CH:16][CH:17]2[CH2:18]1,0.008511567599995828
20,[CH2:1]=[C:2]([CH:3]=[CH2:4])[CH3:22].[CH:5]([c:6]1[cH:7][cH:8][cH:9][cH:10][cH:11]1)=[CH:12][C:13](=[O:14])[c:15]1[cH:16][cH:17][cH:18][cH:19][c:20]1[OH:21]>>[CH3:1][C:2]1=[CH:3][CH2:4][CH:5]([c:6]2[cH:7][cH:8][cH:9][cH:10][cH:11]2)[CH:12]([C:13](=[O:14])[c:15]2[cH:16][cH:17][cH:18][cH:19][c:20]2[OH:21])[CH2:22]1,0.02352692964200287
21,[CH2:1]=[C:2]([CH:3]=[CH2:4])[CH3:22].[CH:5]([C:6](=[O:7])[c:8]1[cH:9][cH:10][cH:11][cH:12][c:13]1[OH:14])=[CH:15][c:16]1[cH:17][cH:18][cH:19][cH:20][cH:21]1>>[CH3:1][C:2]1=[CH:3][CH2:4][CH:5]([C:6](=[O:7])[c:8]2[cH:9][cH:10][cH:11][cH:12][c:13]2[OH:14])[CH:15]([c:16]2[cH:17][cH:18][cH:19][cH:20][cH:21]2)[CH2:22]1,0.01549578508199545
22,[CH2:6]=[CH:7][C:8]1=[CH:19][CH2:18][CH2:17][c:16]2[c:9]1[cH:10][cH:11][c:12]([O:13][CH3:14])[cH:15]2.[CH3:1][CH2:2][C:3]([CH:4]=[O:5])=[CH:20][C:21](=[O:22])[O:23][CH3:24]>>[CH3:1][CH2:2][C:3]1([CH:4]=[O:5])[CH2:6][CH:7]=[C:8]2[c:9]3[cH:10][cH:11][c:12]([O:13][CH3:14])[cH:15][c:16]3[CH2:17][CH2:18][CH:19]2[CH:20]1[C:21](=[O:22])[O:23][CH3:24],0.01830763758900389
23,[CH2:11]=[CH:12][C:13]1=[CH:24][CH2:23][CH2:22][c:21]2[c:14]1[cH:15][cH:16][c:17]([O:18][CH3:19])[cH:20]2.[CH3:1][CH2:2][C:3]([CH:4]=[O:5])=[CH:6][C:7](=[O:8])[O:9][CH3:10]>>[CH3:1][CH2:2][C:3]1([CH:4]=[O:5])[CH:6]([C:7](=[O:8])[O:9][CH3:10])[CH2:11][CH:12]=[C:13]2[c:14]3[cH:15][cH:16][c:17]([O:18][CH3:19])[cH:20][c:21]3[CH2:22][CH2:23][CH:24]12,0.008587857544995359
24,[CH2:11]=[CH:12][CH:13]=[CH2:14].[CH3:1][O:2][C:3]1=[C:4]([CH:5]([CH3:6])[CH3:7])[C:8](=[O:9])[CH:10]=[C:15]([CH3:16])[C:17]1=[O:18]>>[CH3:1][O:2][C:3]1=[C:4]([CH:5]([CH3:6])[CH3:7])[C:8](=[O:9])[CH:10]2[CH2:11][CH:12]=[CH:13][CH2:14][C:15]2([CH3:16])[C:17]1=[O:18],0.005138260442997478
25,[CH2:4]=[CH:5][CH:6]=[CH2:7].[CH3:1][O:2][C:3]1=[C:8]([CH:9]([CH3:10])[CH3:11])[C:12](=[O:13])[CH:14]=[C:15]([CH3:16])[C:17]1=[O:18]>>[CH3:1][O:2][C:3]12[CH2:4][CH:5]=[CH:6][CH2:7][C:8]1([CH:9]([CH3:10])[CH3:11])[C:12](=[O:13])[CH:14]=[C:15]([CH3:16])[C:17]2=[O:18],0.010615723910994745
26,[CH2:7]=[CH:8][C:9](=[CH2:10])[CH3:11].[CH3:1][CH2:2][O:3][C:4](=[O:5])[CH:6]=[CH:12][CH:13]=[O:14]>>[CH3:1][CH2:2][O:3][C:4](=[O:5])[CH:6]1[CH2:7][CH:8]=[C:9]([CH3:10])[CH2:11][CH:12]1[CH:13]=[O:14],0.00442113592200144
27,[CH3:7][C:8](=[CH2:9])[CH:10]=[CH2:11].[CH3:1][CH2:2][O:3][C:4](=[O:5])[CH:6]=[CH:12][CH:13]=[O:14]>>[CH3:1][CH2:2][O:3][C:4](=[O:5])[CH:6]1[CH2:7][C:8]([CH3:9])=[CH:10][CH2:11][CH:12]1[CH:13]=[O:14],0.001144206798002756
28,[CH3:1][C:2]([CH:3]=[C:4]([CH3:5])[CH3:6])=[CH2:12].[C:7]([CH3:8])([CH:9]=[O:10])=[CH2:11]>>[CH3:1][C:2]1=[CH:3][C:4]([CH3:5])([CH3:6])[C:7]([CH3:8])([CH:9]=[O:10])[CH2:11][CH2:12]1,0.005987557810001931
29,[CH3:1][C:2]([CH:3]=[C:4]([CH3:5])[CH3:6])=[CH2:12].[CH2:7]=[C:8]([CH3:9])[CH:10]=[O:11]>>[CH3:1][C:2]1=[CH:3][C:4]([CH3:5])([CH3:6])[CH2:7][C:8]([CH3:9])([CH:10]=[O:11])[CH2:12]1,0.012932317202000831
30,[CH3:1][CH2:2][CH2:3][CH2:4][C:5](=[O:6])[C:7]([F:8])=[CH2:9].[CH2:10]=[CH:11][C:12]1=[CH:23][CH2:22][CH2:21][c:20]2[c:13]1[cH:14][cH:15][c:16]([O:17][CH3:18])[cH:19]2>>[CH3:1][CH2:2][CH2:3][CH2:4][C:5](=[O:6])[C:7]1([F:8])[CH2:9][CH2:10][CH:11]=[C:12]2[c:13]3[cH:14][cH:15][c:16]([O:17][CH3:18])[cH:19][c:20]3[CH2:21][CH2:22][CH:23]12,0.009574565845994698
31,[CH3:1][CH2:2][CH2:3][CH2:4][C:5](=[O:6])[C:7]([F:8])=[CH2:9].[CH:10]([C:11]1=[CH:22][CH2:21][CH2:20][c:19]2[c:12]1[cH:13][cH:14][c:15]([O:16][CH3:17])[cH:18]2)=[CH2:23]>>[CH3:1][CH2:2][CH2:3][CH2:4][C:5](=[O:6])[C:7]1([F:8])[CH2:9][CH:10]=[C:11]2[c:12]3[cH:13][cH:14][c:15]([O:16][CH3:17])[cH:18][c:19]3[CH2:20][CH2:21][CH:22]2[CH2:23]1,0.010544501907006065
32,[CH:10]1=[C:14]([CH2:15][CH2:16][c:17]2[cH:18][cH:19][cH:20][cH:21][cH:22]2)[CH:13]=[CH:12][CH2:11]1.[CH3:1][CH2:2][CH2:3][CH2:4][C:5](=[O:6])[C:7]([F:8])=[CH2:9]>>[CH3:1][CH2:2][CH2:3][CH2:4][C:5](=[O:6])[C:7]1([F:8])[CH2:9][CH:10]2[CH2:11][CH:12]1[CH:13]=[C:14]2[CH2:15][CH2:16][c:17]1[cH:18][cH:19][cH:20][cH:21][cH:22]1,0.008391711935999524
33,[CH2:10]1[CH:11]=[C:12]([CH2:13][CH2:14][c:15]2[cH:16][cH:17][cH:18][cH:19][cH:20]2)[CH:21]=[CH:22]1.[CH3:1][CH2:2][CH2:3][CH2:4][C:5](=[O:6])[C:7]([F:8])=[CH2:9]>>[CH3:1][CH2:2][CH2:3][CH2:4][C:5](=[O:6])[C:7]1([F:8])[CH2:9][CH:10]2[CH:11]=[C:12]([CH2:13][CH2:14][c:15]3[cH:16][cH:17][cH:18][cH:19][cH:20]3)[CH:21]1[CH2:22]2,0.014738927650000733
34,[CH:10]1=[C:14]([CH2:15][c:16]2[cH:17][cH:18][c:19]([Br:20])[cH:21][cH:22]2)[CH:13]=[CH:12][CH2:11]1.[CH3:1][CH2:2][CH2:3][CH2:4][C:5](=[O:6])[C:7]([F:8])=[CH2:9]>>[CH3:1][CH2:2][CH2:3][CH2:4][C:5](=[O:6])[C:7]1([F:8])[CH2:9][CH:10]2[CH2:11][CH:12]1[CH:13]=[C:14]2[CH2:15][c:16]1[cH:17][cH:18][c:19]([Br:20])[cH:21][cH:22]1,0.004250129246003098
35,[CH:10]1=[CH:11][C:12]([CH2:13][c:14]2[cH:15][cH:16][c:17]([Br:18])[cH:19][cH:20]2)=[CH:21][CH2:22]1.[CH3:1][CH2:2][CH2:3][CH2:4][C:5](=[O:6])[C:7]([F:8])=[CH2:9]>>[CH3:1][CH2:2][CH2:3][CH2:4][C:5](=[O:6])[C:7]1([F:8])[CH2:9][CH:10]2[CH:11]=[C:12]([CH2:13][c:14]3[cH:15][cH:16][c:17]([Br:18])[cH:19][cH:20]3)[CH:21]1[CH2:22]2,0.011435164338990944
36,[CH:6]([C:7]([CH2:8][Si:9]([CH3:10])([CH3:11])[CH3:12])=[CH2:13])=[CH2:14].[CH3:1][C:2](=[O:3])[CH:4]=[CH2:5]>>[CH3:1][C:2](=[O:3])[CH:4]1[CH2:5][CH:6]=[C:7]([CH2:8][Si:9]([CH3:10])([CH3:11])[CH3:12])[CH2:13][CH2:14]1,0.005044379913996977
37,[CH2:6]=[CH:7][C:8]([CH2:9][Si:10]([CH3:11])([CH3:12])[CH3:13])=[CH2:14].[CH3:1][C:2](=[O:3])[CH:4]=[CH2:5]>>[CH3:1][C:2](=[O:3])[CH:4]1[CH2:5][CH2:6][CH:7]=[C:8]([CH2:9][Si:10]([CH3:11])([CH3:12])[CH3:13])[CH2:14]1,0.006919619775999308
38,[CH2:1]=[C:2]([CH:3]=[CH2:4])[CH3:14].[C:5]1([C:6]#[N:7])=[CH:13][CH2:12][CH2:11][CH2:10][C:8]1=[O:9]>>[CH3:1][C:2]1=[CH:3][CH2:4][C:5]2([C:6]#[N:7])[C:8](=[O:9])[CH2:10][CH2:11][CH2:12][CH:13]2[CH2:14]1,0.0061861412179951
39,[CH2:1]=[C:2]([CH:3]=[CH2:4])[CH3:14].[CH:5]1=[C:11]([C:12]#[N:13])[C:9](=[O:10])[CH2:8][CH2:7][CH2:6]1>>[CH3:1][C:2]1=[CH:3][CH2:4][CH:5]2[CH2:6][CH2:7][CH2:8][C:9](=[O:10])[C:11]2([C:12]#[N:13])[CH2:14]1,0.008697780223997142
40,[CH3:1][O:2][c:3]1[cH:4][cH:5][c:6]2[c:7]([cH:8]1)[CH2:9][CH2:10][CH:11]=[C:12]2[CH:13]=[CH2:14].[C:15]1([Br:16])=[CH:21][CH2:20][CH2:19][C:17]1=[O:18]>>[CH3:1][O:2][c:3]1[cH:4][cH:5][c:6]2[c:7]([cH:8]1)[CH2:9][CH2:10][CH:11]1[C:12]2=[CH:13][CH2:14][C:15]2([Br:16])[C:17](=[O:18])[CH2:19][CH2:20][CH:21]12,0.01113776080600104
41,[CH3:1][O:2][c:3]1[cH:4][cH:5][c:6]2[c:7]([cH:8]1)[CH2:9][CH2:10][CH:11]=[C:12]2[CH:13]=[CH2:14].[CH:15]1=[C:20]([Br:21])[C:18](=[O:19])[CH2:17][CH2:16]1>>[CH3:1][O:2][c:3]1[cH:4][cH:5][c:6]2[c:7]([cH:8]1)[CH2:9][CH2:10][CH:11]1[C:12]2=[CH:13][CH2:14][CH:15]2[CH2:16][CH2:17][C:18](=[O:19])[C:20]12[Br:21],0.009156104195000125
42,[CH3:1][O:2][c:3]1[cH:4][cH:5][c:6]2[c:7]([cH:8]1)[CH2:9][CH2:10][CH:11]=[C:12]2[CH:13]=[CH2:14].[C:15]1([Cl:16])=[CH:21][CH2:20][CH2:19][C:17]1=[O:18]>>[CH3:1][O:2][c:3]1[cH:4][cH:5][c:6]2[c:7]([cH:8]1)[CH2:9][CH2:10][CH:11]1[C:12]2=[CH:13][CH2:14][C:15]2([Cl:16])[C:17](=[O:18])[CH2:19][CH2:20][CH:21]12,0.01350390296099846
43,[CH3:1][O:2][c:3]1[cH:4][cH:5][c:6]2[c:7]([cH:8]1)[CH2:9][CH2:10][CH:11]=[C:12]2[CH:13]=[CH2:14].[CH:15]1=[C:20]([Cl:21])[C:18](=[O:19])[CH2:17][CH2:16]1>>[CH3:1][O:2][c:3]1[cH:4][cH:5][c:6]2[c:7]([cH:8]1)[CH2:9][CH2:10][CH:11]1[C:12]2=[CH:13][CH2:14][CH:15]2[CH2:16][CH2:17][C:18](=[O:19])[C:20]12[Cl:21],0.009560472280000454
44,[CH3:1][C:2]([CH:3]=[C:4]([CH3:5])[CH3:6])=[CH2:24].[CH:7]([C:8](=[O:9])[c:10]1[cH:11][cH:12][cH:13][cH:14][c:15]1[OH:16])=[CH:17][c:18]1[cH:19][cH:20][cH:21][cH:22][cH:23]1>>[CH3:1][C:2]1=[CH:3][C:4]([CH3:5])([CH3:6])[CH:7]([C:8](=[O:9])[c:10]2[cH:11][cH:12][cH:13][cH:14][c:15]2[OH:16])[CH:17]([c:18]2[cH:19][cH:20][cH:21][cH:22][cH:23]2)[CH2:24]1,0.022621966532000215
45,[CH3:1][C:2]([CH:3]=[C:4]([CH3:5])[CH3:6])=[CH2:24].[CH:7]([c:8]1[cH:9][cH:10][cH:11][cH:12][cH:13]1)=[CH:14][C:15](=[O:16])[c:17]1[cH:18][cH:19][cH:20][cH:21][c:22]1[OH:23]>>[CH3:1][C:2]1=[CH:3][C:4]([CH3:5])([CH3:6])[CH:7]([c:8]2[cH:9][cH:10][cH:11][cH:12][cH:13]2)[CH:14]([C:15](=[O:16])[c:17]2[cH:18][cH:19][cH:20][cH:21][c:22]2[OH:23])[CH2:24]1,0.027234000426005878
46,[CH3:1][O:2][c:3]1[cH:4][cH:5][c:6]2[c:7]([cH:8]1)[CH2:9][CH2:10][CH:11]=[C:12]2[CH:13]=[CH2:14].[CH:15]1=[C:21]([Br:22])[C:19](=[O:20])[CH2:18][CH2:17][CH2:16]1>>[CH3:1][O:2][c:3]1[cH:4][cH:5][c:6]2[c:7]([cH:8]1)[CH2:9][CH2:10][CH:11]1[C:12]2=[CH:13][CH2:14][CH:15]2[CH2:16][CH2:17][CH2:18][C:19](=[O:20])[C:21]12[Br:22],0.01029365382400016
47,[CH3:1][O:2][c:3]1[cH:4][cH:5][c:6]2[c:7]([cH:8]1)[CH2:9][CH2:10][CH:11]=[C:12]2[CH:13]=[CH2:14].[C:15]1([Br:16])=[CH:22][CH2:21][CH2:20][CH2:19][C:17]1=[O:18]>>[CH3:1][O:2][c:3]1[cH:4][cH:5][c:6]2[c:7]([cH:8]1)[CH2:9][CH2:10][CH:11]1[C:12]2=[CH:13][CH2:14][C:15]2([Br:16])[C:17](=[O:18])[CH2:19][CH2:20][CH2:21][CH:22]12,0.013315377179999643
48,[CH2:1]=[C:2]([Br:3])[CH2:4][C:5]1=[CH:9][CH2:8][CH:7]=[CH:6]1.[CH2:10]=[C:11]([F:12])[C:13](=[O:14])[CH2:15][CH2:16][CH2:17][CH3:18]>>[CH2:1]=[C:2]([Br:3])[CH2:4][C:5]1=[CH:6][CH:7]2[CH2:8][CH:9]1[CH2:10][C:11]2([F:12])[C:13](=[O:14])[CH2:15][CH2:16][CH2:17][CH3:18],0.006843300870002622
49,[CH2:1]=[C:2]([Br:3])[CH2:4][C:5]1=[CH:9][CH2:8][CH:7]=[CH:6]1.[C:10]([F:11])([C:12](=[O:13])[CH2:14][CH2:15][CH2:16][CH3:17])=[CH2:18]>>[CH2:1]=[C:2]([Br:3])[CH2:4][C:5]1=[CH:6][CH:7]2[CH2:8][CH:9]1[C:10]([F:11])([C:12](=[O:13])[CH2:14][CH2:15][CH2:16][CH3:17])[CH2:18]2,0.007655789544998015
50,[CH2:14]=[CH:15][C:16]([CH3:17])=[O:18].[CH3:1][O:2][C:3]1([O:4][CH3:5])[C:6](=[O:7])[CH:8]=[C:9]([CH3:10])[C:11]([Br:12])=[CH:13]1>>[CH3:1][O:2][C:3]1([O:4][CH3:5])[C:6](=[O:7])[CH:8]2[C:9]([CH3:10])=[C:11]([Br:12])[CH:13]1[CH2:14][CH:15]2[C:16]([CH3:17])=[O:18],0.011347780076000902
51,[CH2:9]=[CH:10][C:11]([CH3:12])=[O:13].[CH3:1][O:2][C:3]1([O:4][CH3:5])[C:6](=[O:7])[CH:8]=[C:17]([CH3:18])[C:15]([Br:16])=[CH:14]1>>[CH3:1][O:2][C:3]1([O:4][CH3:5])[C:6](=[O:7])[CH:8]2[CH2:9][CH:10]([C:11]([CH3:12])=[O:13])[CH:14]1[C:15]([Br:16])=[C:17]2[CH3:18],0.013670875016998707
52,[CH2:7]=[CH:8][CH:9]=[CH:10][CH3:11].[CH3:1][C:2]1=[CH:3][C:4](=[O:5])[CH:6]=[CH:12][C:13]12[O:14][CH2:15][CH2:16][O:17]2>>[CH3:1][C:2]1=[CH:3][C:4](=[O:5])[CH:6]2[CH2:7][CH:8]=[CH:9][CH:10]([CH3:11])[CH:12]2[C:13]12[O:14][CH2:15][CH2:16][O:17]2,0.012072036690000232
53,[CH:7]([CH3:8])=[CH:9][CH:10]=[CH2:11].[CH3:1][C:2]1=[CH:3][C:4](=[O:5])[CH:6]=[CH:12][C:13]12[O:14][CH2:15][CH2:16][O:17]2>>[CH3:1][C:2]1=[CH:3][C:4](=[O:5])[CH:6]2[CH:7]([CH3:8])[CH:9]=[CH:10][CH2:11][CH:12]2[C:13]12[O:14][CH2:15][CH2:16][O:17]2,0.0030090177460024847
54,[CH3:1][CH:2]=[CH:3][CH:4]=[CH2:5].[C:6]1([CH3:7])=[CH:8][C:9](=[O:10])[CH:11]=[CH:12][C:13]12[O:14][CH2:15][CH2:16][O:17]2>>[CH3:1][CH:2]1[CH:3]=[CH:4][CH2:5][C:6]2([CH3:7])[CH:8]1[C:9](=[O:10])[CH:11]=[CH:12][C:13]21[O:14][CH2:15][CH2:16][O:17]1,0.00866688980299557
55,[CH3:1][CH:2]=[CH:3][CH:4]=[CH2:5].[CH:6]1=[C:16]([CH3:17])[C:11]2([CH:10]=[CH:9][C:7]1=[O:8])[O:12][CH2:13][CH2:14][O:15]2>>[CH3:1][CH:2]1[CH:3]=[CH:4][CH2:5][CH:6]2[C:7](=[O:8])[CH:9]=[CH:10][C:11]3([O:12][CH2:13][CH2:14][O:15]3)[C:16]12[CH3:17],0.04014742359600376
56,[CH2:10]=[CH:11][CH:12]=[CH:13][CH3:14].[CH3:1][C:2]1=[CH:3][C:4]2([O:5][CH2:6][CH2:7][O:8]2)[CH:9]=[CH:15][C:16]1=[O:17]>>[CH3:1][C:2]1=[CH:3][C:4]2([O:5][CH2:6][CH2:7][O:8]2)[CH:9]2[CH2:10][CH:11]=[CH:12][CH:13]([CH3:14])[CH:15]2[C:16]1=[O:17],0.005627177780993975
57,[CH3:1][CH:2]=[CH:3][CH:4]=[CH2:5].[C:6]1([CH3:7])=[CH:17][C:12]2([CH:11]=[CH:10][C:8]1=[O:9])[O:13][CH2:14][CH2:15][O:16]2>>[CH3:1][CH:2]1[CH:3]=[CH:4][CH2:5][C:6]2([CH3:7])[C:8](=[O:9])[CH:10]=[CH:11][C:12]3([O:13][CH2:14][CH2:15][O:16]3)[CH:17]12,0.013850267340998812
58,[CH3:1][CH:2]=[CH:3][CH:4]=[CH2:5].[CH:6]1=[C:12]([CH3:13])[C:10](=[O:11])[CH:9]=[CH:8][C:7]12[O:14][CH2:15][CH2:16][O:17]2>>[CH3:1][CH:2]1[CH:3]=[CH:4][CH2:5][CH:6]2[C:7]3([CH:8]=[CH:9][C:10](=[O:11])[C:12]12[CH3:13])[O:14][CH2:15][CH2:16][O:17]3,0.004945996758998206
59,[CH:10]([CH3:11])=[CH:12][CH:13]=[CH2:14].[CH3:1][C:2]1=[CH:3][C:4]2([O:5][CH2:6][CH2:7][O:8]2)[CH:9]=[CH:15][C:16]1=[O:17]>>[CH3:1][C:2]1=[CH:3][C:4]2([O:5][CH2:6][CH2:7][O:8]2)[CH:9]2[CH:10]([CH3:11])[CH:12]=[CH:13][CH2:14][CH:15]2[C:16]1=[O:17],0.007956814277996216
60,[CH3:1][CH:2]=[CH:3][CH:4]=[CH2:5].[CH:6]1=[C:12]([CH3:13])[C:10](=[O:11])[CH:9]=[CH:8][C:7]12[O:14][CH2:15][C:16]([CH3:17])([CH3:18])[CH2:19][O:20]2>>[CH3:1][CH:2]1[CH:3]=[CH:4][CH2:5][CH:6]2[C:7]3([CH:8]=[CH:9][C:10](=[O:11])[C:12]12[CH3:13])[O:14][CH2:15][C:16]([CH3:17])([CH3:18])[CH2:19][O:20]3,0.008448425307001628
61,[CH3:1][CH:2]=[CH:3][CH:4]=[CH2:5].[C:6]1([CH3:7])=[CH:20][C:12]2([CH:11]=[CH:10][C:8]1=[O:9])[O:13][CH2:14][C:15]([CH3:16])([CH3:17])[CH2:18][O:19]2>>[CH3:1][CH:2]1[CH:3]=[CH:4][CH2:5][C:6]2([CH3:7])[C:8](=[O:9])[CH:10]=[CH:11][C:12]3([O:13][CH2:14][C:15]([CH3:16])([CH3:17])[CH2:18][O:19]3)[CH:20]12,0.03034004021399994
62,[CH:13]([CH3:14])=[CH:15][CH:16]=[CH2:17].[CH3:1][C:2]1=[CH:3][C:4]2([O:5][CH2:6][C:7]([CH3:8])([CH3:9])[CH2:10][O:11]2)[CH:12]=[CH:18][C:19]1=[O:20]>>[CH3:1][C:2]1=[CH:3][C:4]2([O:5][CH2:6][C:7]([CH3:8])([CH3:9])[CH2:10][O:11]2)[CH:12]2[CH:13]([CH3:14])[CH:15]=[CH:16][CH2:17][CH:18]2[C:19]1=[O:20],0.010866727839996315
63,[CH:8]([CH3:9])=[CH:10][CH:11]=[CH2:12].[CH3:1][O:2][C:3]1=[CH:4][C:5](=[O:6])[CH:7]=[CH:13][C:14]12[O:15][CH2:16][C:17]([CH3:18])([CH3:19])[CH2:20][O:21]2>>[CH3:1][O:2][C:3]1=[CH:4][C:5](=[O:6])[CH:7]2[CH:8]([CH3:9])[CH:10]=[CH:11][CH2:12][CH:13]2[C:14]12[O:15][CH2:16][C:17]([CH3:18])([CH3:19])[CH2:20][O:21]2,0.003995798148011431
64,[CH2:4]=[CH:5][CH:6]=[CH:7][CH3:8].[CH3:1][O:2][C:3]1=[CH:9][C:10](=[O:11])[CH:12]=[CH:13][C:14]12[O:15][CH2:16][C:17]([CH3:18])([CH3:19])[CH2:20][O:21]2>>[CH3:1][O:2][C:3]12[CH2:4][CH:5]=[CH:6][CH:7]([CH3:8])[CH:9]1[C:10](=[O:11])[CH:12]=[CH:13][C:14]21[O:15][CH2:16][C:17]([CH3:18])([CH3:19])[CH2:20][O:21]1,0.01997233454800096
65,[CH2:18]=[CH:19][CH:20]=[CH:21][CH3:22].[CH3:1][CH2:2][O:3][P:4](=[O:5])([O:6][CH2:7][CH3:8])[C:9]1=[CH:17][C:14]([CH3:15])([CH3:16])[CH:13]=[CH:12][C:10]1=[O:11]>>[CH3:1][CH2:2][O:3][P:4](=[O:5])([O:6][CH2:7][CH3:8])[C:9]12[C:10](=[O:11])[CH:12]=[CH:13][C:14]([CH3:15])([CH3:16])[CH:17]1[CH2:18][CH:19]=[CH:20][CH:21]2[CH3:22],0.013627246101009405
66,[CH2:10]=[CH:11][CH:12]=[CH:13][CH3:14].[CH3:1][CH2:2][O:3][P:4](=[O:5])([O:6][CH2:7][CH3:8])[C:9]1=[CH:15][C:16]([CH3:17])([CH3:18])[CH:19]=[CH:20][C:21]1=[O:22]>>[CH3:1][CH2:2][O:3][P:4](=[O:5])([O:6][CH2:7][CH3:8])[C:9]12[CH2:10][CH:11]=[CH:12][CH:13]([CH3:14])[CH:15]1[C:16]([CH3:17])([CH3:18])[CH:19]=[CH:20][C:21]2=[O:22],0.033204583498999796
67,[CH:15](=[CH2:16])[C:17]([CH3:18])=[CH:19][CH3:20].[CH3:1][CH2:2][O:3][P:4](=[O:5])([O:6][CH2:7][CH3:8])[C:9]1=[CH:10][C:11]([CH3:12])([CH3:13])[CH:14]=[CH:21][C:22]1=[O:23]>>[CH3:1][CH2:2][O:3][P:4](=[O:5])([O:6][CH2:7][CH3:8])[C:9]1=[CH:10][C:11]([CH3:12])([CH3:13])[CH:14]2[CH:15]([CH3:16])[C:17]([CH3:18])=[CH:19][CH2:20][CH:21]2[C:22]1=[O:23],0.023300660374005133
68,[CH2:18]=[CH:19][C:20]([CH3:21])=[CH:22][CH3:23].[CH3:1][CH2:2][O:3][P:4](=[O:5])([O:6][CH2:7][CH3:8])[C:9]1=[CH:17][C:14]([CH3:15])([CH3:16])[CH:13]=[CH:12][C:10]1=[O:11]>>[CH3:1][CH2:2][O:3][P:4](=[O:5])([O:6][CH2:7][CH3:8])[C:9]12[C:10](=[O:11])[CH:12]=[CH:13][C:14]([CH3:15])([CH3:16])[CH:17]1[CH2:18][CH:19]=[C:20]([CH3:21])[CH:22]2[CH3:23],0.019351457896007673
69,[CH2:10]=[CH:11][C:12]([CH3:13])=[CH:14][CH3:15].[CH3:1][CH2:2][O:3][P:4](=[O:5])([O:6][CH2:7][CH3:8])[C:9]1=[CH:16][C:17]([CH3:18])([CH3:19])[CH:20]=[CH:21][C:22]1=[O:23]>>[CH3:1][CH2:2][O:3][P:4](=[O:5])([O:6][CH2:7][CH3:8])[C:9]12[CH2:10][CH:11]=[C:12]([CH3:13])[CH:14]([CH3:15])[CH:16]1[C:17]([CH3:18])([CH3:19])[CH:20]=[CH:21][C:22]2=[O:23],0.0226227069440057
70,[CH:18]1=[CH:19][CH:20]=[CH:21][CH2:22]1.[CH3:1][CH2:2][O:3][P:4](=[O:5])([O:6][CH2:7][CH3:8])[C:9]1=[CH:17][C:14]([CH3:15])([CH3:16])[CH:13]=[CH:12][C:10]1=[O:11]>>[CH3:1][CH2:2][O:3][P:4](=[O:5])([O:6][CH2:7][CH3:8])[C:9]12[C:10](=[O:11])[CH:12]=[CH:13][C:14]([CH3:15])([CH3:16])[CH:17]1[CH:18]1[CH:19]=[CH:20][CH:21]2[CH2:22]1,0.014775375256988355
71,[CH:15]1=[CH:16][CH:17]=[CH:18][CH2:19]1.[CH3:1][CH2:2][O:3][P:4](=[O:5])([O:6][CH2:7][CH3:8])[C:9]1=[CH:10][C:11]([CH3:12])([CH3:13])[CH:14]=[CH:20][C:21]1=[O:22]>>[CH3:1][CH2:2][O:3][P:4](=[O:5])([O:6][CH2:7][CH3:8])[C:9]1=[CH:10][C:11]([CH3:12])([CH3:13])[CH:14]2[CH:15]3[CH:16]=[CH:17][CH:18]([CH2:19]3)[CH:20]2[C:21]1=[O:22],0.022857213887007788
72,[CH3:1][O:2][C:3]([CH:4]=[CH2:5])=[CH2:17].[CH2:6]=[CH:7][C:8](=[O:9])[n:10]1[n:11][c:12]([CH3:13])[cH:14][c:15]1[CH3:16]>>[CH3:1][O:2][C:3]1=[CH:4][CH2:5][CH2:6][CH:7]([C:8](=[O:9])[n:10]2[n:11][c:12]([CH3:13])[cH:14][c:15]2[CH3:16])[CH2:17]1,0.009340087281998422
73,[CH3:1][O:2][C:3](=[CH2:4])[CH:17]=[CH2:16].[CH2:5]=[CH:6][C:7](=[O:8])[n:9]1[n:10][c:11]([CH3:12])[cH:13][c:14]1[CH3:15]>>[CH3:1][O:2][C:3]1=[CH:4][CH2:5][CH:6]([C:7](=[O:8])[n:9]2[n:10][c:11]([CH3:12])[cH:13][c:14]2[CH3:15])[CH2:16][CH2:17]1,0.008265007444002492
74,[CH2:11]=[C:12]([c:13]1[cH:14][cH:15][cH:16][cH:17][cH:18]1)[CH:19]=[CH2:20].[CH3:1][c:2]1[cH:3][c:4]([CH3:5])[n:6]([C:7](=[O:8])[CH:9]=[CH2:10])[n:21]1>>[CH3:1][c:2]1[cH:3][c:4]([CH3:5])[n:6]([C:7](=[O:8])[CH:9]2[CH2:10][CH:11]=[C:12]([c:13]3[cH:14][cH:15][cH:16][cH:17][cH:18]3)[CH2:19][CH2:20]2)[n:21]1,0.0047761102280006185
75,[CH2:11]=[CH:12][C:13]([c:14]1[cH:15][cH:16][cH:17][cH:18][cH:19]1)=[CH2:20].[CH3:1][c:2]1[cH:3][c:4]([CH3:5])[n:6]([C:7](=[O:8])[CH:9]=[CH2:10])[n:21]1>>[CH3:1][c:2]1[cH:3][c:4]([CH3:5])[n:6]([C:7](=[O:8])[CH:9]2[CH2:10][CH2:11][CH:12]=[C:13]([c:14]3[cH:15][cH:16][cH:17][cH:18][cH:19]3)[CH2:20]2)[n:21]1,0.007069618264999633
76,[CH:7]1=[CH:8][C:9]([CH3:10])=[CH:11][CH2:12]1.[CH3:1][CH2:2][O:3][C:4](=[O:5])[CH:6]=[CH:13][B:14]1[O:15][C:16]([CH3:17])([CH3:18])[C:19]([CH3:20])([CH3:21])[O:22]1>>[CH3:1][CH2:2][O:3][C:4](=[O:5])[CH:6]1[CH:7]2[CH:8]=[C:9]([CH3:10])[CH:11]([CH2:12]2)[CH:13]1[B:14]1[O:15][C:16]([CH3:17])([CH3:18])[C:19]([CH3:20])([CH3:21])[O:22]1,0.014483191544996998
77,[CH:7]1=[C:11]([CH3:12])[CH:10]=[CH:9][CH2:8]1.[CH3:1][CH2:2][O:3][C:4](=[O:5])[CH:6]=[CH:13][B:14]1[O:15][C:16]([CH3:17])([CH3:18])[C:19]([CH3:20])([CH3:21])[O:22]1>>[CH3:1][CH2:2][O:3][C:4](=[O:5])[CH:6]1[CH:7]2[CH2:8][CH:9]([CH:10]=[C:11]2[CH3:12])[CH:13]1[B:14]1[O:15][C:16]([CH3:17])([CH3:18])[C:19]([CH3:20])([CH3:21])[O:22]1,0.016527931707997823
78,[CH3:1][Si:2]([CH3:3])([CH3:4])[O:5][C:6]([CH:7]=[CH2:12])=[CH2:13].[CH2:8]=[CH:9][CH:10]=[O:11]>>[CH3:1][Si:2]([CH3:3])([CH3:4])[O:5][C:6]1=[CH:7][CH2:8][CH:9]([CH:10]=[O:11])[CH2:12][CH2:13]1,0.00266938487299484
79,[CH3:1][Si:2]([CH3:3])([CH3:4])[O:5][C:6]([CH:8]=[CH2:7])=[CH2:13].[CH2:9]=[CH:10][CH:11]=[O:12]>>[CH3:1][Si:2]([CH3:3])([CH3:4])[O:5][C:6]1=[CH:7][CH2:8][CH2:9][CH:10]([CH:11]=[O:12])[CH2:13]1,0.004822791763999135
80,[CH2:14]=[CH:15][C:16]([CH3:17])=[O:18].[CH3:1][O:2][C:3]1([O:4][CH3:5])[C:6](=[O:7])[C:8]([CH3:9])=[CH:10][C:11]([Br:12])=[CH:13]1>>[CH3:1][O:2][C:3]1([O:4][CH3:5])[C:6](=[O:7])[C:8]2([CH3:9])[CH:10]=[C:11]([Br:12])[CH:13]1[CH2:14][CH:15]2[C:16]([CH3:17])=[O:18],0.007495474664999335
81,[CH:14]([C:15]([CH3:16])=[O:17])=[CH2:18].[CH3:1][O:2][C:3]1([O:4][CH3:5])[C:6](=[O:7])[C:8]([CH3:9])=[CH:10][C:11]([Br:12])=[CH:13]1>>[CH3:1][O:2][C:3]1([O:4][CH3:5])[C:6](=[O:7])[C:8]2([CH3:9])[CH:10]=[C:11]([Br:12])[CH:13]1[CH:14]([C:15]([CH3:16])=[O:17])[CH2:18]2,0.02033913921199826
82,[CH3:1][O:2][C:3](=[O:4])[CH:5]=[CH2:6].[CH:7]1=[C:8]([Br:9])[CH:10]=[C:11]([CH3:12])[C:13](=[O:14])[C:15]1([O:16][CH3:17])[O:18][CH3:19]>>[CH3:1][O:2][C:3](=[O:4])[CH:5]1[CH2:6][CH:7]2[C:8]([Br:9])=[CH:10][C:11]1([CH3:12])[C:13](=[O:14])[C:15]2([O:16][CH3:17])[O:18][CH3:19],0.013032603365999762
83,[CH3:1][O:2][C:3](=[O:4])[CH:5]=[CH2:6].[C:7]1([CH3:8])=[CH:9][C:10]([Br:11])=[CH:12][C:13]([O:14][CH3:15])([O:16][CH3:17])[C:18]1=[O:19]>>[CH3:1][O:2][C:3](=[O:4])[CH:5]1[CH2:6][C:7]2([CH3:8])[CH:9]=[C:10]([Br:11])[CH:12]1[C:13]([O:14][CH3:15])([O:16][CH3:17])[C:18]2=[O:19],0.013241712959001006
84,[CH2:6]=[CH:7][C:8](=[CH2:9])[CH3:10].[CH3:1][CH2:2][C:3]1([CH:4]=[CH2:5])[O:11][CH2:12][CH2:13][O:14]1>>[CH3:1][CH2:2][C:3]1([CH:4]2[CH2:5][CH2:6][CH:7]=[C:8]([CH3:9])[CH2:10]2)[O:11][CH2:12][CH2:13][O:14]1,0.02200547827600019
85,[CH2:5]=[CH:6][C:9](=[CH2:7])[CH3:8].[CH3:1][CH2:2][C:3]1([CH:4]=[CH2:10])[O:11][CH2:12][CH2:13][O:14]1>>[CH3:1][CH2:2][C:3]1([CH:4]2[CH2:5][CH:6]=[C:7]([CH3:8])[CH2:9][CH2:10]2)[O:11][CH2:12][CH2:13][O:14]1,0.017333828095999593
86,[CH2:10]=[CH:11][C:12](=[O:13])[O:14][CH3:15].[CH3:1][O:2][CH:3]=[CH:4][C:5]([CH3:6])=[CH:7][O:8][CH:9]=[C:20]([CH:19]=[CH:16][O:17][CH3:18])[CH3:21]>>[CH3:1][O:2][CH:3]=[CH:4][C:5]([CH3:6])=[CH:7][O:8][CH:9]1[CH2:10][CH:11]([C:12](=[O:13])[O:14][CH3:15])[CH:16]([O:17][CH3:18])[CH:19]=[C:20]1[CH3:21],0.016042265791000432
87,[CH2:16]=[CH:17][C:18](=[O:19])[O:20][CH3:21].[CH3:1][O:2][CH:3]=[CH:4][C:5]([CH3:6])=[CH:7][O:8][CH:9]=[C:10]([CH3:11])[CH:12]=[CH:13][O:14][CH3:15]>>[CH3:1][O:2][CH:3]=[CH:4][C:5]([CH3:6])=[CH:7][O:8][CH:9]1[C:10]([CH3:11])=[CH:12][CH:13]([O:14][CH3:15])[CH2:16][CH:17]1[C:18](=[O:19])[O:20][CH3:21],0.011249169388008795
88,[CH2:1]=[C:2]([CH:3]=[CH2:4])[CH3:13].[CH:5]1=[C:10]([C:11]#[N:12])[C:8](=[O:9])[CH2:7][CH2:6]1>>[CH3:1][C:2]1=[CH:3][CH2:4][CH:5]2[CH2:6][CH2:7][C:8](=[O:9])[C:10]2([C:11]#[N:12])[CH2:13]1,0.0059221052750046965
89,[CH2:1]=[C:2]([CH:3]=[CH2:4])[CH3:13].[C:5]1([C:6]#[N:7])=[CH:12][CH2:11][CH2:10][C:8]1=[O:9]>>[CH3:1][C:2]1=[CH:3][CH2:4][C:5]2([C:6]#[N:7])[C:8](=[O:9])[CH2:10][CH2:11][CH:12]2[CH2:13]1,0.004305319978001876
90,[CH2:1]=[C:2]([CH:3]=[CH2:4])[CH3:15].[C:5]1([C:6]#[N:7])=[CH:14][CH2:13][CH2:12][CH2:11][CH2:10][C:8]1=[O:9]>>[CH3:1][C:2]1=[CH:3][CH2:4][C:5]2([C:6]#[N:7])[C:8](=[O:9])[CH2:10][CH2:11][CH2:12][CH2:13][CH:14]2[CH2:15]1,0.005251562862000014
91,[CH2:1]=[C:2]([CH:3]=[CH2:4])[CH3:15].[CH:5]1=[C:12]([C:13]#[N:14])[C:10](=[O:11])[CH2:9][CH2:8][CH2:7][CH2:6]1>>[CH3:1][C:2]1=[CH:3][CH2:4][CH:5]2[CH2:6][CH2:7][CH2:8][CH2:9][C:10](=[O:11])[C:12]2([C:13]#[N:14])[CH2:15]1,0.013199866150998218
92,[CH2:10]=[CH:11][CH:12]=[CH:13][CH3:14].[CH3:1][CH2:2][O:3][P:4](=[O:5])([O:6][CH2:7][CH3:8])[C:9]1=[CH:15][CH2:16][CH2:17][CH2:18][C:19]1=[O:20]>>[CH3:1][CH2:2][O:3][P:4](=[O:5])([O:6][CH2:7][CH3:8])[C:9]12[CH2:10][CH:11]=[CH:12][CH:13]([CH3:14])[CH:15]1[CH2:16][CH2:17][CH2:18][C:19]2=[O:20],0.020997805004995485
93,[CH2:16]=[CH:17][CH:18]=[CH:19][CH3:20].[CH3:1][CH2:2][O:3][P:4](=[O:5])([O:6][CH2:7][CH3:8])[C:9]1=[CH:15][CH2:14][CH2:13][CH2:12][C:10]1=[O:11]>>[CH3:1][CH2:2][O:3][P:4](=[O:5])([O:6][CH2:7][CH3:8])[C:9]12[C:10](=[O:11])[CH2:12][CH2:13][CH2:14][CH:15]1[CH2:16][CH:17]=[CH:18][CH:19]2[CH3:20],0.008568684964004092
94,[CH2:18]=[C:19]([CH3:20])[CH:21]=[CH:22][CH3:23].[CH3:1][CH2:2][O:3][P:4](=[O:5])([O:6][CH2:7][CH3:8])[C:9]1=[CH:17][C:14]([CH3:15])([CH3:16])[CH:13]=[CH:12][C:10]1=[O:11]>>[CH3:1][CH2:2][O:3][P:4](=[O:5])([O:6][CH2:7][CH3:8])[C:9]12[C:10](=[O:11])[CH:12]=[CH:13][C:14]([CH3:15])([CH3:16])[CH:17]1[CH2:18][C:19]([CH3:20])=[CH:21][CH:22]2[CH3:23],0.00953553645300076
95,[CH2:10]=[C:11]([CH3:12])[CH:13]=[CH:14][CH3:15].[CH3:1][CH2:2][O:3][P:4](=[O:5])([O:6][CH2:7][CH3:8])[C:9]1=[CH:16][C:17]([CH3:18])([CH3:19])[CH:20]=[CH:21][C:22]1=[O:23]>>[CH3:1][CH2:2][O:3][P:4](=[O:5])([O:6][CH2:7][CH3:8])[C:9]12[CH2:10][C:11]([CH3:12])=[CH:13][CH:14]([CH3:15])[CH:16]1[C:17]([CH3:18])([CH3:19])[CH:20]=[CH:21][C:22]2=[O:23],0.030496650355999577
96,[CH2:10]=[CH:11][C:12](=[CH2:13])[CH3:14].[CH3:1][CH2:2][O:3][P:4](=[O:5])([O:6][CH2:7][CH3:8])[C:9]1=[CH:15][CH2:16][CH2:17][CH2:18][C:19]1=[O:20]>>[CH3:1][CH2:2][O:3][P:4](=[O:5])([O:6][CH2:7][CH3:8])[C:9]12[CH2:10][CH:11]=[C:12]([CH3:13])[CH2:14][CH:15]1[CH2:16][CH2:17][CH2:18][C:19]2=[O:20],0.0103320982109949
97,[CH3:10][C:11](=[CH2:12])[CH:13]=[CH2:14].[CH3:1][CH2:2][O:3][P:4](=[O:5])([O:6][CH2:7][CH3:8])[C:9]1=[CH:15][CH2:16][CH2:17][CH2:18][C:19]1=[O:20]>>[CH3:1][CH2:2][O:3][P:4](=[O:5])([O:6][CH2:7][CH3:8])[C:9]12[CH2:10][C:11]([CH3:12])=[CH:13][CH2:14][CH:15]1[CH2:16][CH2:17][CH2:18][C:19]2=[O:20],0.011883200330998989
98,[CH2:15]=[C:16]([CH3:17])[CH:18]=[O:19].[CH3:1][O:2][c:3]1[cH:4][cH:5][c:6]2[c:7]([cH:8]1)[CH2:9][CH2:10][CH:13]=[C:12]2[CH:11]=[CH2:14]>>[CH3:1][O:2][c:3]1[cH:4][cH:5][c:6]2[c:7]([cH:8]1)[CH2:9][CH2:10][CH:11]1[C:12]2=[CH:13][CH2:14][CH2:15][C:16]1([CH3:17])[CH:18]=[O:19],0.0035143725619946053
99,[CH2:12]=[C:13]([CH3:14])[CH:15]=[O:16].[CH3:1][O:2][c:3]1[cH:4][cH:5][c:6]2[c:7]([cH:8]1)[CH2:9][CH2:10][CH:11]=[C:19]2[CH:18]=[CH2:17]>>[CH3:1][O:2][c:3]1[cH:4][cH:5][c:6]2[c:7]([cH:8]1)[CH2:9][CH2:10][CH:11]1[CH2:12][C:13]([CH3:14])([CH:15]=[O:16])[CH2:17][CH:18]=[C:19]21,0.005647334477998811
100,[CH2:7]=[C:8]([CH2:9][CH2:10][O:11][CH2:12][c:13]1[cH:14][cH:15][cH:16][cH:17][cH:18]1)[CH:19]=[CH2:20].[CH3:1][CH2:2][O:3][C:4](=[O:5])[CH:6]=[CH:21][C:22]([CH3:23])=[O:24]>>[CH3:1][CH2:2][O:3][C:4](=[O:5])[CH:6]1[CH2:7][C:8]([CH2:9][CH2:10][O:11][CH2:12][c:13]2[cH:14][cH:15][cH:16][cH:17][cH:18]2)=[CH:19][CH2:20][CH:21]1[C:22]([CH3:23])=[O:24],0.007962498959997788
101,[CH2:7]=[CH:8][C:9]([CH2:10][CH2:11][O:12][CH2:13][c:14]1[cH:15][cH:16][cH:17][cH:18][cH:19]1)=[CH2:20].[CH3:1][CH2:2][O:3][C:4](=[O:5])[CH:6]=[CH:21][C:22]([CH3:23])=[O:24]>>[CH3:1][CH2:2][O:3][C:4](=[O:5])[CH:6]1[CH2:7][CH:8]=[C:9]([CH2:10][CH2:11][O:12][CH2:13][c:14]2[cH:15][cH:16][cH:17][cH:18][cH:19]2)[CH2:20][CH:21]1[C:22]([CH3:23])=[O:24],0.006872622195999156
102,[CH3:1][O:2][CH:3]=[CH:4][CH:5]=[CH2:6].[CH:7]([CH:8]=[O:9])=[CH2:10]>>[CH3:1][O:2][CH:3]1[CH:4]=[CH:5][CH2:6][CH:7]([CH:8]=[O:9])[CH2:10]1,0.007605538851002791
103,[CH3:1][O:2][CH:3]=[CH:4][CH:5]=[CH2:6].[CH2:7]=[CH:8][CH:9]=[O:10]>>[CH3:1][O:2][CH:3]1[CH:4]=[CH:5][CH2:6][CH2:7][CH:8]1[CH:9]=[O:10],0.00043162127400009354
104,[CH3:1][O:2][C:3](=[O:4])[C:5]([CH3:6])=[CH2:7].[CH:8]1=[C:9]([Br:10])[CH:11]=[C:12]([CH3:13])[C:14](=[O:15])[C:16]1([O:17][CH3:18])[O:19][CH3:20]>>[CH3:1][O:2][C:3](=[O:4])[C:5]1([CH3:6])[CH2:7][CH:8]2[C:9]([Br:10])=[CH:11][C:12]1([CH3:13])[C:14](=[O:15])[C:16]2([O:17][CH3:18])[O:19][CH3:20],0.01173828263600285
105,[CH3:1][O:2][C:3](=[O:4])[C:5]([CH3:6])=[CH2:7].[C:8]1([CH3:9])=[CH:10][C:11]([Br:12])=[CH:13][C:14]([O:15][CH3:16])([O:17][CH3:18])[C:19]1=[O:20]>>[CH3:1][O:2][C:3](=[O:4])[C:5]1([CH3:6])[CH2:7][C:8]2([CH3:9])[CH:10]=[C:11]([Br:12])[CH:13]1[C:14]([O:15][CH3:16])([O:17][CH3:18])[C:19]2=[O:20],0.016476332167997043
106,[CH3:1][CH:2]([O:3][CH2:4][c:5]1[cH:6][cH:7][cH:8][cH:9][cH:10]1)[CH:11]1[O:12][CH2:13][CH:14]=[C:15]1[CH:16]=[CH2:17].[CH:18]1=[CH:24][C:22](=[O:23])[CH2:21][CH2:20][CH2:19]1>>[CH3:1][CH:2]([O:3][CH2:4][c:5]1[cH:6][cH:7][cH:8][cH:9][cH:10]1)[CH:11]1[O:12][CH2:13][CH:14]2[C:15]1=[CH:16][CH2:17][CH:18]1[CH2:19][CH2:20][CH2:21][C:22](=[O:23])[CH:24]21,0.011286044306999088
107,[CH3:1][CH:2]([O:3][CH2:4][c:5]1[cH:6][cH:7][cH:8][cH:9][cH:10]1)[CH:11]1[O:12][CH2:13][CH:14]=[C:15]1[CH:16]=[CH2:17].[CH:18]1=[CH:24][CH2:23][CH2:22][CH2:21][C:19]1=[O:20]>>[CH3:1][CH:2]([O:3][CH2:4][c:5]1[cH:6][cH:7][cH:8][cH:9][cH:10]1)[CH:11]1[O:12][CH2:13][CH:14]2[C:15]1=[CH:16][CH2:17][CH:18]1[C:19](=[O:20])[CH2:21][CH2:22][CH2:23][CH:24]21,0.016214302859992813
108,[CH3:1][CH:2]([O:3][CH2:4][c:5]1[cH:6][cH:7][cH:8][cH:9][cH:10]1)[CH:11]1[O:12][CH2:13][CH:14]=[C:15]1[CH:16]=[CH2:17].[CH:18]1=[CH:23][CH2:22][CH2:21][C:19]1=[O:20]>>[CH3:1][CH:2]([O:3][CH2:4][c:5]1[cH:6][cH:7][cH:8][cH:9][cH:10]1)[CH:11]1[O:12][CH2:13][CH:14]2[C:15]1=[CH:16][CH2:17][CH:18]1[C:19](=[O:20])[CH2:21][CH2:22][CH:23]21,0.020433853718003547
109,[CH3:1][CH:2]([O:3][CH2:4][c:5]1[cH:6][cH:7][cH:8][cH:9][cH:10]1)[CH:11]1[O:12][CH2:13][CH:14]=[C:15]1[CH:16]=[CH2:17].[CH:18]1=[CH:23][C:21](=[O:22])[CH2:20][CH2:19]1>>[CH3:1][CH:2]([O:3][CH2:4][c:5]1[cH:6][cH:7][cH:8][cH:9][cH:10]1)[CH:11]1[O:12][CH2:13][CH:14]2[C:15]1=[CH:16][CH2:17][CH:18]1[CH2:19][CH2:20][C:21](=[O:22])[CH:23]21,0.015013013065001246
110,[CH:13]([C:14]([CH3:15])=[O:16])=[CH2:17].[CH3:1][O:2][C:3]1([O:4][CH3:5])[C:6](=[O:7])[CH:8]=[CH:9][C:10]([Br:11])=[CH:12]1>>[CH3:1][O:2][C:3]1([O:4][CH3:5])[C:6](=[O:7])[CH:8]2[CH:9]=[C:10]([Br:11])[CH:12]1[CH:13]([C:14]([CH3:15])=[O:16])[CH2:17]2,0.012991518650999012
111,[CH2:13]=[CH:14][C:15]([CH3:16])=[O:17].[CH3:1][O:2][C:3]1([O:4][CH3:5])[C:6](=[O:7])[CH:8]=[CH:9][C:10]([Br:11])=[CH:12]1>>[CH3:1][O:2][C:3]1([O:4][CH3:5])[C:6](=[O:7])[CH:8]2[CH:9]=[C:10]([Br:11])[CH:12]1[CH2:13][CH:14]2[C:15]([CH3:16])=[O:17],0.010688697052003704
112,[CH2:9]=[CH:10][C:11]([CH3:12])=[O:13].[CH3:1][O:2][C:3]1([O:4][CH3:5])[C:6](=[O:7])[CH:8]=[C:21]([Br:22])[C:15]([CH:16]2[O:17][CH2:18][CH2:19][O:20]2)=[CH:14]1>>[CH3:1][O:2][C:3]1([O:4][CH3:5])[C:6](=[O:7])[CH:8]2[CH2:9][CH:10]([C:11]([CH3:12])=[O:13])[CH:14]1[C:15]([CH:16]1[O:17][CH2:18][CH2:19][O:20]1)=[C:21]2[Br:22],0.013531432362000828
113,[CH2:18]=[CH:19][C:20]([CH3:21])=[O:22].[CH3:1][O:2][C:3]1([O:4][CH3:5])[C:6](=[O:7])[CH:8]=[C:9]([Br:10])[C:11]([CH:12]2[O:13][CH2:14][CH2:15][O:16]2)=[CH:17]1>>[CH3:1][O:2][C:3]1([O:4][CH3:5])[C:6](=[O:7])[CH:8]2[C:9]([Br:10])=[C:11]([CH:12]3[O:13][CH2:14][CH2:15][O:16]3)[CH:17]1[CH2:18][CH:19]2[C:20]([CH3:21])=[O:22],0.015082436995001558
114,[CH3:1][O:2][C:3](=[O:4])[CH:5]=[CH2:6].[CH:7]1=[C:8]([CH:9]2[O:10][CH2:11][CH2:12][O:13]2)[C:14]([Br:15])=[CH:16][C:17](=[O:18])[C:19]1([O:20][CH3:21])[O:22][CH3:23]>>[CH3:1][O:2][C:3](=[O:4])[CH:5]1[CH2:6][CH:7]2[C:8]([CH:9]3[O:10][CH2:11][CH2:12][O:13]3)=[C:14]([Br:15])[CH:16]1[C:17](=[O:18])[C:19]2([O:20][CH3:21])[O:22][CH3:23],0.01163805781899896
115,[CH3:1][O:2][C:3](=[O:4])[CH:5]=[CH2:6].[CH:7]1=[C:22]([Br:23])[C:16]([CH:17]2[O:18][CH2:19][CH2:20][O:21]2)=[CH:15][C:10]([O:11][CH3:12])([O:13][CH3:14])[C:8]1=[O:9]>>[CH3:1][O:2][C:3](=[O:4])[CH:5]1[CH2:6][CH:7]2[C:8](=[O:9])[C:10]([O:11][CH3:12])([O:13][CH3:14])[CH:15]1[C:16]([CH:17]1[O:18][CH2:19][CH2:20][O:21]1)=[C:22]2[Br:23],0.020247356887011847
116,[CH3:1][O:2][C:3](=[O:4])[C:5]([CH3:6])=[CH2:7].[CH:8]1=[C:9]([CH:10]2[O:11][CH2:12][CH2:13][O:14]2)[C:15]([Br:16])=[CH:17][C:18](=[O:19])[C:20]1([O:21][CH3:22])[O:23][CH3:24]>>[CH3:1][O:2][C:3](=[O:4])[C:5]1([CH3:6])[CH2:7][CH:8]2[C:9]([CH:10]3[O:11][CH2:12][CH2:13][O:14]3)=[C:15]([Br:16])[CH:17]1[C:18](=[O:19])[C:20]2([O:21][CH3:22])[O:23][CH3:24],0.009179954855000005
117,[CH3:1][O:2][C:3](=[O:4])[C:5]([CH3:6])=[CH2:7].[CH:8]1=[C:23]([Br:24])[C:17]([CH:18]2[O:19][CH2:20][CH2:21][O:22]2)=[CH:16][C:11]([O:12][CH3:13])([O:14][CH3:15])[C:9]1=[O:10]>>[CH3:1][O:2][C:3](=[O:4])[C:5]1([CH3:6])[CH2:7][CH:8]2[C:9](=[O:10])[C:11]([O:12][CH3:13])([O:14][CH3:15])[CH:16]1[C:17]([CH:18]1[O:19][CH2:20][CH2:21][O:22]1)=[C:23]2[Br:24],0.014193999720987449
118,[CH3:1][C:2]([CH:3]=[O:4])=[CH2:5].[CH2:6]=[CH:7][C:8]1=[CH:16][CH2:15][c:14]2[c:9]1[cH:10][cH:11][cH:12][cH:13]2>>[CH3:1][C:2]1([CH:3]=[O:4])[CH2:5][CH2:6][CH:7]=[C:8]2[c:9]3[cH:10][cH:11][cH:12][cH:13][c:14]3[CH2:15][CH:16]12,0.004763927463002915
119,[CH3:1][C:2]([CH:3]=[O:4])=[CH2:5].[CH:6]([C:7]1=[CH:15][CH2:14][c:13]2[c:8]1[cH:9][cH:10][cH:11][cH:12]2)=[CH2:16]>>[CH3:1][C:2]1([CH:3]=[O:4])[CH2:5][CH:6]=[C:7]2[c:8]3[cH:9][cH:10][cH:11][cH:12][c:13]3[CH2:14][CH:15]2[CH2:16]1,0.005987154160997932
120,[CH2:9]=[CH:10][CH:11]=[CH:12][O:13][Si:14]([CH3:15])([CH3:16])[C:17]([CH3:18])([CH3:19])[CH3:20].[CH3:1][O:2][CH:3]1[O:4][C:5](=[O:6])[C:7]([Br:8])=[CH:21]1>>[CH3:1][O:2][CH:3]1[O:4][C:5](=[O:6])[C:7]2([Br:8])[CH2:9][CH:10]=[CH:11][CH:12]([O:13][Si:14]([CH3:15])([CH3:16])[C:17]([CH3:18])([CH3:19])[CH3:20])[CH:21]12,0.021554263511006866
121,[CH:9]([O:10][Si:11]([CH3:12])([CH3:13])[C:14]([CH3:15])([CH3:16])[CH3:17])=[CH:18][CH:19]=[CH2:20].[CH3:1][O:2][CH:3]1[O:4][C:5](=[O:6])[C:7]([Br:8])=[CH:21]1>>[CH3:1][O:2][CH:3]1[O:4][C:5](=[O:6])[C:7]2([Br:8])[CH:9]([O:10][Si:11]([CH3:12])([CH3:13])[C:14]([CH3:15])([CH3:16])[CH3:17])[CH:18]=[CH:19][CH2:20][CH:21]12,0.00759510230500382
122,[CH2:7]=[CH:8][C:9](=[CH2:10])[CH3:11].[CH3:1][CH2:2][C:3](=[O:4])[CH:5]=[CH2:6]>>[CH3:1][CH2:2][C:3](=[O:4])[CH:5]1[CH2:6][CH2:7][CH:8]=[C:9]([CH3:10])[CH2:11]1,0.0067319246140016276
123,[CH2:6]=[CH:7][C:8]([CH3:9])=[CH2:10].[CH3:1][CH2:2][C:3](=[O:4])[CH:5]=[CH2:11]>>[CH3:1][CH2:2][C:3](=[O:4])[CH:5]1[CH2:6][CH:7]=[C:8]([CH3:9])[CH2:10][CH2:11]1,0.007911718757000585
124,[CH:11]1=[CH:12][CH:13]=[CH:14][CH2:15]1.[CH2:1]=[CH:2][CH2:3][O:4][CH:5]1[CH:6]([C:7](=[O:8])[CH:9]=[CH2:10])[O:16][CH:17]2[O:18][C:19]([CH3:20])([CH3:21])[O:22][CH:23]12>>[CH2:1]=[CH:2][CH2:3][O:4][CH:5]1[CH:6]([C:7](=[O:8])[CH:9]2[CH2:10][CH:11]3[CH:12]=[CH:13][CH:14]2[CH2:15]3)[O:16][CH:17]2[O:18][C:19]([CH3:20])([CH3:21])[O:22][CH:23]12,0.011033499927989965
125,[CH:19]1=[CH:20][CH:21]=[CH:22][CH2:23]1.[CH2:1]=[CH:2][C:3](=[O:4])[CH:5]1[O:6][CH:7]2[O:8][C:9]([CH3:10])([CH3:11])[O:12][CH:13]2[CH:14]1[O:15][CH2:16][CH:17]=[CH2:18]>>[CH2:1]=[CH:2][C:3](=[O:4])[CH:5]1[O:6][CH:7]2[O:8][C:9]([CH3:10])([CH3:11])[O:12][CH:13]2[CH:14]1[O:15][CH2:16][CH:17]1[CH2:18][CH:19]2[CH:20]=[CH:21][CH:22]1[CH2:23]2,0.024649358155002687
126,[CH3:1][CH2:2][O:3][C:4](=[O:5])[C:6]([Br:7])=[CH2:8].[CH2:9]=[CH:10][C:11](=[CH2:12])[CH3:13]>>[CH3:1][CH2:2][O:3][C:4](=[O:5])[C:6]1([Br:7])[CH2:8][CH2:9][CH:10]=[C:11]([CH3:12])[CH2:13]1,0.006598184554000852
127,[CH3:1][CH2:2][O:3][C:4](=[O:5])[C:6]([Br:7])=[CH2:8].[CH2:9]=[C:10]([CH3:11])[CH:12]=[CH2:13]>>[CH3:1][CH2:2][O:3][C:4](=[O:5])[C:6]1([Br:7])[CH2:8][CH:9]=[C:10]([CH3:11])[CH2:12][CH2:13]1,0.002623415747997626
128,[CH2:7]=[CH:8][C:9](=[CH2:10])[CH3:11].[CH3:1][O:2][C:3](=[O:4])[CH:5]=[CH2:6]>>[CH3:1][O:2][C:3](=[O:4])[CH:5]1[CH2:6][CH2:7][CH:8]=[C:9]([CH3:10])[CH2:11]1,0.008072012790002248
129,[CH:7]([C:8]([CH3:9])=[CH2:10])=[CH2:11].[CH3:1][O:2][C:3](=[O:4])[CH:5]=[CH2:6]>>[CH3:1][O:2][C:3](=[O:4])[CH:5]1[CH2:6][CH:7]=[C:8]([CH3:9])[CH2:10][CH2:11]1,0.005128505588999133
130,[CH3:1][O:2][C:3](=[O:4])[C:5]([CH3:6])=[CH2:7].[CH2:8]=[C:9]([O:10][Si:11]([CH3:12])([CH3:13])[CH3:14])[CH:15]=[CH:16][O:17][CH3:18]>>[CH3:1][O:2][C:3](=[O:4])[C:5]1([CH3:6])[CH2:7][CH2:8][C:9]([O:10][Si:11]([CH3:12])([CH3:13])[CH3:14])=[CH:15][CH:16]1[O:17][CH3:18],0.007066383328002246
131,[CH3:1][O:2][C:3](=[O:4])[C:5]([CH3:6])=[CH2:18].[CH2:7]=[C:8]([O:9][Si:10]([CH3:11])([CH3:12])[CH3:13])[CH:14]=[CH:15][O:16][CH3:17]>>[CH3:1][O:2][C:3](=[O:4])[C:5]1([CH3:6])[CH2:7][C:8]([O:9][Si:10]([CH3:11])([CH3:12])[CH3:13])=[CH:14][CH:15]([O:16][CH3:17])[CH2:18]1,0.017439680431003524
132,[CH3:1][CH:3]=[CH:2][CH:11]=[CH2:10].[CH:4]1=[CH:9][C:7](=[O:8])[CH2:6][CH2:5]1>>[CH3:1][CH:2]1[CH:3]=[CH:4][CH2:5][CH:6]2[C:7](=[O:8])[CH2:9][CH2:10][CH:11]12,0.022184152293995396
133,[CH3:1][CH:2]=[CH:3][CH:4]=[CH2:5].[CH2:6]1[CH:7]=[CH:8][C:9](=[O:10])[CH2:11]1>>[CH3:1][CH:2]1[CH:3]=[CH:4][CH2:5][CH:6]2[CH2:7][CH2:8][C:9](=[O:10])[CH:11]12,0.011001262134001877
134,[CH3:1][C:2](=[O:3])[C:4]([O:5][C:6](=[O:7])[c:8]1[cH:9][cH:10][c:11]([N+:12](=[O:13])[O-:14])[cH:15][cH:16]1)=[CH2:17].[CH3:18][CH:19]=[CH:20][CH:21]=[CH2:22]>>[CH3:1][C:2](=[O:3])[C:4]1([O:5][C:6](=[O:7])[c:8]2[cH:9][cH:10][c:11]([N+:12](=[O:13])[O-:14])[cH:15][cH:16]2)[CH2:17][CH2:18][CH:19]=[CH:20][CH:21]1[CH3:22],0.005161796620996029
135,[CH3:1][C:2](=[O:3])[C:4]([O:5][C:6](=[O:7])[c:8]1[cH:9][cH:10][c:11]([N+:12](=[O:13])[O-:14])[cH:15][cH:16]1)=[CH2:17].[CH:18]([CH:19]=[CH:20][CH3:21])=[CH2:22]>>[CH3:1][C:2](=[O:3])[C:4]1([O:5][C:6](=[O:7])[c:8]2[cH:9][cH:10][c:11]([N+:12](=[O:13])[O-:14])[cH:15][cH:16]2)[CH2:17][CH:18]=[CH:19][CH:20]([CH3:21])[CH2:22]1,0.011922774051996043
136,[CH:7]([C:8](=[O:9])[N:10]([OH:11])[CH:12]([CH3:13])[CH3:14])=[CH2:15].[CH3:1][O:2][CH:3]=[CH:4][CH:5]=[CH2:6]>>[CH3:1][O:2][CH:3]1[CH:4]=[CH:5][CH2:6][CH:7]([C:8](=[O:9])[N:10]([OH:11])[CH:12]([CH3:13])[CH3:14])[CH2:15]1,0.018984522922004032
137,[CH2:7]=[CH:8][C:9](=[O:10])[N:11]([OH:12])[CH:13]([CH3:14])[CH3:15].[CH3:1][O:2][CH:3]=[CH:4][CH:5]=[CH2:6]>>[CH3:1][O:2][CH:3]1[CH:4]=[CH:5][CH2:6][CH2:7][CH:8]1[C:9](=[O:10])[N:11]([OH:12])[CH:13]([CH3:14])[CH3:15],0.009529991762001089
138,[CH3:1][CH:2]=[CH:3][CH:4]=[CH2:5].[CH:6]1=[C:14]([C:15]#[N:16])[C:12](=[O:13])[CH:11]=[CH:10][C:7]1([CH3:8])[CH3:9]>>[CH3:1][CH:2]1[CH:3]=[CH:4][CH2:5][CH:6]2[C:7]([CH3:8])([CH3:9])[CH:10]=[CH:11][C:12](=[O:13])[C:14]12[C:15]#[N:16],0.005920483513001784
139,[CH3:1][CH:2]=[CH:3][CH:4]=[CH2:5].[CH:6]1=[CH:16][C:13]([CH3:14])([CH3:15])[CH:12]=[C:9]([C:10]#[N:11])[C:7]1=[O:8]>>[CH3:1][CH:2]1[CH:3]=[CH:4][CH2:5][CH:6]2[C:7](=[O:8])[C:9]([C:10]#[N:11])=[CH:12][C:13]([CH3:14])([CH3:15])[CH:16]12,0.022002563368999972
140,[CH3:1][CH:2]=[CH:3][CH:4]=[CH2:5].[C:6]1([C:7]#[N:8])=[CH:16][C:13]([CH3:14])([CH3:15])[CH:12]=[CH:11][C:9]1=[O:10]>>[CH3:1][CH:2]1[CH:3]=[CH:4][CH2:5][C:6]2([C:7]#[N:8])[C:9](=[O:10])[CH:11]=[CH:12][C:13]([CH3:14])([CH3:15])[CH:16]12,0.027417513179997854
141,[CH3:1][CH:2]=[CH:3][CH:4]=[CH2:5].[CH:6]1=[CH:7][C:8](=[O:9])[C:10]([C:11]#[N:12])=[CH:13][C:14]1([CH3:15])[CH3:16]>>[CH3:1][CH:2]1[CH:3]=[CH:4][CH2:5][CH:6]2[CH:7]1[C:8](=[O:9])[C:10]([C:11]#[N:12])=[CH:13][C:14]2([CH3:15])[CH3:16],0.009832085550002034
142,[CH3:1][C:2]([CH:3]=[CH2:4])=[CH:16][CH3:17].[C:5]1([C:6]#[N:7])=[CH:15][C:12]([CH3:13])([CH3:14])[CH:11]=[CH:10][C:8]1=[O:9]>>[CH3:1][C:2]1=[CH:3][CH2:4][C:5]2([C:6]#[N:7])[C:8](=[O:9])[CH:10]=[CH:11][C:12]([CH3:13])([CH3:14])[CH:15]2[CH:16]1[CH3:17],0.011299588405002225
143,[CH3:1][C:2]([CH:3]=[CH2:4])=[CH:16][CH3:17].[CH:5]1=[CH:15][C:12]([CH3:13])([CH3:14])[CH:11]=[C:8]([C:9]#[N:10])[C:6]1=[O:7]>>[CH3:1][C:2]1=[CH:3][CH2:4][CH:5]2[C:6](=[O:7])[C:8]([C:9]#[N:10])=[CH:11][C:12]([CH3:13])([CH3:14])[CH:15]2[CH:16]1[CH3:17],0.02227831470700181
144,[CH3:1][C:2]([CH:3]=[CH2:4])=[CH:16][CH3:17].[CH:5]1=[C:13]([C:14]#[N:15])[C:11](=[O:12])[CH:10]=[CH:9][C:6]1([CH3:7])[CH3:8]>>[CH3:1][C:2]1=[CH:3][CH2:4][CH:5]2[C:6]([CH3:7])([CH3:8])[CH:9]=[CH:10][C:11](=[O:12])[C:13]2([C:14]#[N:15])[CH:16]1[CH3:17],0.0035974816489954264
145,[CH3:1][C:2]([CH:3]=[CH2:4])=[CH:16][CH3:17].[CH:5]1=[CH:6][C:7](=[O:8])[C:9]([C:10]#[N:11])=[CH:12][C:13]1([CH3:14])[CH3:15]>>[CH3:1][C:2]1=[CH:3][CH2:4][CH:5]2[CH:6]([C:7](=[O:8])[C:9]([C:10]#[N:11])=[CH:12][C:13]2([CH3:14])[CH3:15])[CH:16]1[CH3:17],0.007817604167996706
146,[CH2:1]=[C:2]([C:3]([CH3:4])=[CH2:5])[CH3:8].[CH:6]1=[CH:7][C:9](=[O:10])[C:11]([C:12]#[N:13])=[CH:14][C:15]1([CH3:16])[CH3:17]>>[CH3:1][C:2]1=[C:3]([CH3:4])[CH2:5][CH:6]2[CH:7]([CH2:8]1)[C:9](=[O:10])[C:11]([C:12]#[N:13])=[CH:14][C:15]2([CH3:16])[CH3:17],0.01297696777699997
147,[CH2:1]=[C:2]([C:3]([CH3:4])=[CH2:5])[CH3:17].[C:6]1([C:7]#[N:8])=[CH:16][C:13]([CH3:14])([CH3:15])[CH:12]=[CH:11][C:9]1=[O:10]>>[CH3:1][C:2]1=[C:3]([CH3:4])[CH2:5][C:6]2([C:7]#[N:8])[C:9](=[O:10])[CH:11]=[CH:12][C:13]([CH3:14])([CH3:15])[CH:16]2[CH2:17]1,0.007889693668005293
148,[CH3:1][O:2][C:3](=[O:4])[CH:5]=[CH2:6].[CH:7]1=[CH:8][C:9]([Br:10])=[CH:11][C:12]([O:13][CH3:14])([O:15][CH3:16])[C:17]1=[O:18]>>[CH3:1][O:2][C:3](=[O:4])[CH:5]1[CH2:6][CH:7]2[CH:8]=[C:9]([Br:10])[CH:11]1[C:12]([O:13][CH3:14])([O:15][CH3:16])[C:17]2=[O:18],0.012396660980996899
149,[CH3:1][O:2][C:3](=[O:4])[CH:5]=[CH2:6].[CH:7]1=[C:8]([Br:9])[CH:10]=[CH:11][C:12](=[O:13])[C:14]1([O:15][CH3:16])[O:17][CH3:18]>>[CH3:1][O:2][C:3](=[O:4])[CH:5]1[CH2:6][CH:7]2[C:8]([Br:9])=[CH:10][CH:11]1[C:12](=[O:13])[C:14]2([O:15][CH3:16])[O:17][CH3:18],0.007001049174000684
150,[CH3:1][O:2][C:3](=[O:4])[C:5]([CH3:6])=[CH2:7].[CH:8]1=[C:9]([Br:10])[CH:11]=[CH:12][C:13](=[O:14])[C:15]1([O:16][CH3:17])[O:18][CH3:19]>>[CH3:1][O:2][C:3](=[O:4])[C:5]1([CH3:6])[CH2:7][CH:8]2[C:9]([Br:10])=[CH:11][CH:12]1[C:13](=[O:14])[C:15]2([O:16][CH3:17])[O:18][CH3:19],0.014076016380997203
151,[CH3:1][O:2][C:3](=[O:4])[C:5]([CH3:6])=[CH2:7].[CH:8]1=[CH:9][C:10]([Br:11])=[CH:12][C:13]([O:14][CH3:15])([O:16][CH3:17])[C:18]1=[O:19]>>[CH3:1][O:2][C:3](=[O:4])[C:5]1([CH3:6])[CH2:7][CH:8]2[CH:9]=[C:10]([Br:11])[CH:12]1[C:13]([O:14][CH3:15])([O:16][CH3:17])[C:18]2=[O:19],0.015739875072000586
152,[CH2:16]=[CH:17][C:18](=[CH2:19])[CH3:20].[CH3:1][O:2][CH2:3][CH2:4][N:5]1[CH2:6][C:7]([CH3:8])([CH3:9])[CH:10]([O:11][C:12](=[O:13])[CH:14]=[CH2:15])[C:21]1=[O:22]>>[CH3:1][O:2][CH2:3][CH2:4][N:5]1[CH2:6][C:7]([CH3:8])([CH3:9])[CH:10]([O:11][C:12](=[O:13])[CH:14]2[CH2:15][CH2:16][CH:17]=[C:18]([CH3:19])[CH2:20]2)[C:21]1=[O:22],0.006355322657000784
153,[CH:16]([C:17]([CH3:18])=[CH2:19])=[CH2:20].[CH3:1][O:2][CH2:3][CH2:4][N:5]1[CH2:6][C:7]([CH3:8])([CH3:9])[CH:10]([O:11][C:12](=[O:13])[CH:14]=[CH2:15])[C:21]1=[O:22]>>[CH3:1][O:2][CH2:3][CH2:4][N:5]1[CH2:6][C:7]([CH3:8])([CH3:9])[CH:10]([O:11][C:12](=[O:13])[CH:14]2[CH2:15][CH:16]=[C:17]([CH3:18])[CH2:19][CH2:20]2)[C:21]1=[O:22],0.006910358570010544
154,[CH3:1][C:2]1=[C:3]([CH3:4])[C:5](=[O:6])[CH:7]=[CH:8][C:9]1=[O:10].[CH:11]1=[CH:12][CH:13]=[CH:14][C:15]12[CH2:16][CH:17]2[CH3:18]>>[CH3:1][C:2]1=[C:3]([CH3:4])[C:5](=[O:6])[CH:7]2[CH:8]([C:9]1=[O:10])[CH:11]1[CH:12]=[CH:13][CH:14]2[C:15]12[CH2:16][CH:17]2[CH3:18],0.0027758195369997907
155,[C:9]1([CH3:10])=[C:17]([CH3:18])[C:15](=[O:16])[CH:14]=[CH:13][C:11]1=[O:12].[CH3:1][CH:2]1[CH2:3][C:4]12[CH:5]=[CH:6][CH:7]=[CH:8]2>>[CH3:1][CH:2]1[CH2:3][C:4]12[CH:5]1[CH:6]=[CH:7][CH:8]2[C:9]2([CH3:10])[C:11](=[O:12])[CH:13]=[CH:14][C:15](=[O:16])[C:17]12[CH3:18],0.020226217153002324
156,[CH3:1][CH2:2][O:3][CH:4]=[CH:5][C:6]([CH:7]([NH:8][C:9]([CH3:10])=[O:11])[c:12]1[cH:13][cH:14][cH:15][cH:16][cH:17]1)=[CH2:18].[CH2:19]=[CH:20][CH:21]=[O:22]>>[CH3:1][CH2:2][O:3][CH:4]1[CH:5]=[C:6]([CH:7]([NH:8][C:9]([CH3:10])=[O:11])[c:12]2[cH:13][cH:14][cH:15][cH:16][cH:17]2)[CH2:18][CH2:19][CH:20]1[CH:21]=[O:22],0.008554320077010402
157,[CH3:1][CH2:2][O:3][CH:4]=[CH:5][C:6]([CH:7]([NH:8][C:9]([CH3:10])=[O:11])[c:12]1[cH:13][cH:14][cH:15][cH:16][cH:17]1)=[CH2:18].[CH:19]([CH:20]=[O:21])=[CH2:22]>>[CH3:1][CH2:2][O:3][CH:4]1[CH:5]=[C:6]([CH:7]([NH:8][C:9]([CH3:10])=[O:11])[c:12]2[cH:13][cH:14][cH:15][cH:16][cH:17]2)[CH2:18][CH:19]([CH:20]=[O:21])[CH2:22]1,0.012472431806003215
158,[CH3:1][CH2:2][O:3][CH:4]=[CH:5][C:6]([CH:7]([NH:8][C:9]([CH3:10])=[O:11])[c:12]1[cH:13][cH:14][cH:15][cH:16][cH:17]1)=[CH2:18].[CH:19]([C:20]([CH3:21])=[O:22])=[CH2:23]>>[CH3:1][CH2:2][O:3][CH:4]1[CH:5]=[C:6]([CH:7]([NH:8][C:9]([CH3:10])=[O:11])[c:12]2[cH:13][cH:14][cH:15][cH:16][cH:17]2)[CH2:18][CH:19]([C:20]([CH3:21])=[O:22])[CH2:23]1,0.019084570411990853
159,[CH3:1][CH2:2][O:3][CH:4]=[CH:5][C:6]([CH:7]([NH:8][C:9]([CH3:10])=[O:11])[c:12]1[cH:13][cH:14][cH:15][cH:16][cH:17]1)=[CH2:18].[CH2:19]=[CH:20][C:21]([CH3:22])=[O:23]>>[CH3:1][CH2:2][O:3][CH:4]1[CH:5]=[C:6]([CH:7]([NH:8][C:9]([CH3:10])=[O:11])[c:12]2[cH:13][cH:14][cH:15][cH:16][cH:17]2)[CH2:18][CH2:19][CH:20]1[C:21]([CH3:22])=[O:23],0.01212521338300121
160,[CH2:1]=[C:2]([CH:3]=[CH2:4])[CH3:14].[CH:5]1=[C:11]([C:12]#[N:13])[C:9](=[O:10])[CH:8]2[CH2:7][CH:6]1[C:15]2([CH3:16])[CH3:17]>>[CH3:1][C:2]1=[CH:3][CH2:4][CH:5]2[CH:6]3[CH2:7][CH:8]([C:9](=[O:10])[C:11]2([C:12]#[N:13])[CH2:14]1)[C:15]3([CH3:16])[CH3:17],0.008713807321001354
161,[CH2:1]=[C:2]([CH:3]=[CH2:4])[CH3:14].[C:5]1([C:6]#[N:7])=[CH:13][CH:12]2[CH2:11][CH:10]([C:8]1=[O:9])[C:15]2([CH3:16])[CH3:17]>>[CH3:1][C:2]1=[CH:3][CH2:4][C:5]2([C:6]#[N:7])[C:8](=[O:9])[CH:10]3[CH2:11][CH:12]([CH:13]2[CH2:14]1)[C:15]3([CH3:16])[CH3:17],0.006835018029995865
162,[CH2:5]=[C:6]([F:7])[C:8]([S:9][c:10]1[cH:11][cH:12][cH:13][cH:14][cH:15]1)=[CH2:16].[O:1]=[CH:2][CH:3]=[CH2:4]>>[O:1]=[CH:2][CH:3]1[CH2:4][CH2:5][C:6]([F:7])=[C:8]([S:9][c:10]2[cH:11][cH:12][cH:13][cH:14][cH:15]2)[CH2:16]1,0.008677109292001717
163,[CH2:5]=[C:6]([S:7][c:8]1[cH:9][cH:10][cH:11][cH:12][cH:13]1)[C:14]([F:15])=[CH2:16].[O:1]=[CH:2][CH:3]=[CH2:4]>>[O:1]=[CH:2][CH:3]1[CH2:4][CH2:5][C:6]([S:7][c:8]2[cH:9][cH:10][cH:11][cH:12][cH:13]2)=[C:14]([F:15])[CH2:16]1,0.007529216090993884
164,[CH:6]1=[CH:7][CH:8]=[CH:9][CH2:10]1.[CH2:1]=[CH:2][C:3]#[C:4][C:5]1=[CH:11][C:12](=[O:13])[CH:14]=[CH:15][C:16]1([O:17][CH3:18])[O:19][CH3:20]>>[CH2:1]=[CH:2][C:3]#[C:4][C:5]12[CH:6]3[CH:7]=[CH:8][CH:9]([CH2:10]3)[CH:11]1[C:12](=[O:13])[CH:14]=[CH:15][C:16]2([O:17][CH3:18])[O:19][CH3:20],0.01048868276299686
165,[CH:16]1=[CH:17][CH:18]=[CH:19][CH2:20]1.[CH3:1][O:2][C:3]1([O:4][CH3:5])[CH:6]=[CH:7][C:8](=[O:9])[CH:10]=[C:11]1[C:12]#[C:13][CH:14]=[CH2:15]>>[CH3:1][O:2][C:3]1([O:4][CH3:5])[CH:6]=[CH:7][C:8](=[O:9])[CH:10]=[C:11]1[C:12]#[C:13][CH:14]1[CH2:15][CH:16]2[CH:17]=[CH:18][CH:19]1[CH2:20]2,0.010390881039000988
166,[CH:10]1=[CH:11][CH:12]=[CH:13][CH2:14]1.[CH2:1]=[CH:2][C:3]#[C:4][C:5]1=[CH:6][C:7](=[O:8])[CH:9]=[CH:15][C:16]1([O:17][CH3:18])[O:19][CH3:20]>>[CH2:1]=[CH:2][C:3]#[C:4][C:5]1=[CH:6][C:7](=[O:8])[CH:9]2[CH:10]3[CH:11]=[CH:12][CH:13]([CH2:14]3)[CH:15]2[C:16]1([O:17][CH3:18])[O:19][CH3:20],0.006419053611004699
167,[CH:16]([C:17]#[N:18])=[CH2:19].[CH3:1][CH2:2][O:3][P:4](=[O:5])([O:6][CH2:7][CH3:8])[O:9][C:10]([C:11]1=[CH:15][CH2:14][CH2:13][CH2:12]1)=[CH:20][S:21][C:22]([CH3:23])=[O:24]>>[CH3:1][CH2:2][O:3][P:4](=[O:5])([O:6][CH2:7][CH3:8])[O:9][C:10]1=[C:11]2[CH2:12][CH2:13][CH2:14][CH:15]2[CH:16]([C:17]#[N:18])[CH2:19][CH:20]1[S:21][C:22]([CH3:23])=[O:24],0.016426289435997887
168,[CH2:16]=[CH:17][C:18]#[N:19].[CH3:1][CH2:2][O:3][P:4](=[O:5])([O:6][CH2:7][CH3:8])[O:9][C:10]([C:11]1=[CH:15][CH2:14][CH2:13][CH2:12]1)=[CH:20][S:21][C:22]([CH3:23])=[O:24]>>[CH3:1][CH2:2][O:3][P:4](=[O:5])([O:6][CH2:7][CH3:8])[O:9][C:10]1=[C:11]2[CH2:12][CH2:13][CH2:14][CH:15]2[CH2:16][CH:17]([C:18]#[N:19])[CH:20]1[S:21][C:22]([CH3:23])=[O:24],0.022279499484000098
169,[CH2:1]=[C:2]([CH:3]=[CH2:19])[CH3:20].[CH2:4]=[CH:5][C:6](=[O:7])[O:8][CH:9]1[CH2:10][CH:11]([CH3:12])[CH2:13][CH2:14][CH:15]1[CH:16]([CH3:17])[CH3:18]>>[CH3:1][C:2]1=[CH:3][CH2:4][CH:5]([C:6](=[O:7])[O:8][CH:9]2[CH2:10][CH:11]([CH3:12])[CH2:13][CH2:14][CH:15]2[CH:16]([CH3:17])[CH3:18])[CH2:19][CH2:20]1,0.006303515580000862
170,[CH2:1]=[C:2]([CH:3]=[CH2:4])[CH3:20].[CH2:5]=[CH:6][C:7](=[O:8])[O:9][CH:10]1[CH2:11][CH:12]([CH3:13])[CH2:14][CH2:15][CH:16]1[CH:17]([CH3:18])[CH3:19]>>[CH3:1][C:2]1=[CH:3][CH2:4][CH2:5][CH:6]([C:7](=[O:8])[O:9][CH:10]2[CH2:11][CH:12]([CH3:13])[CH2:14][CH2:15][CH:16]2[CH:17]([CH3:18])[CH3:19])[CH2:20]1,0.0052805681890006895
171,[CH2:1]=[C:2]([CH3:3])[CH2:4][CH2:5][CH2:6][C:7]1([CH3:8])[CH2:9][CH2:10][CH2:11][CH:12]=[C:13]1[CH:14]=[CH2:15].[CH:16]([CH3:17])=[CH:18][CH:19]=[O:20]>>[CH2:1]=[C:2]([CH3:3])[CH2:4][CH2:5][CH2:6][C:7]1([CH3:8])[CH2:9][CH2:10][CH2:11][CH:12]2[C:13]1=[CH:14][CH2:15][CH:16]([CH3:17])[CH:18]2[CH:19]=[O:20],0.01951950731299945
172,[CH2:1]=[C:2]([CH3:3])[CH2:4][CH2:5][CH2:6][C:7]1([CH3:8])[CH2:9][CH2:10][CH2:11][CH:12]=[C:13]1[CH:14]=[CH2:15].[CH:16]([CH:17]=[O:18])=[CH:19][CH3:20]>>[CH2:1]=[C:2]([CH3:3])[CH2:4][CH2:5][CH2:6][C:7]1([CH3:8])[CH2:9][CH2:10][CH2:11][CH:12]2[C:13]1=[CH:14][CH2:15][CH:16]([CH:17]=[O:18])[CH:19]2[CH3:20],0.020380940761000943
173,[CH2:1]=[C:2]([CH:3]=[CH2:4])[CH3:19].[CH2:5]=[CH:6][C:7](=[O:8])[O:9][CH:10]1[C:11](=[O:12])[N:13]([CH3:14])[CH2:15][C:16]1([CH3:17])[CH3:18]>>[CH3:1][C:2]1=[CH:3][CH2:4][CH2:5][CH:6]([C:7](=[O:8])[O:9][CH:10]2[C:11](=[O:12])[N:13]([CH3:14])[CH2:15][C:16]2([CH3:17])[CH3:18])[CH2:19]1,0.009730682229999843
174,[CH3:1][C:2](=[CH2:3])[CH:19]=[CH2:18].[CH2:4]=[CH:5][C:6](=[O:7])[O:8][CH:9]1[C:10](=[O:11])[N:12]([CH3:13])[CH2:14][C:15]1([CH3:16])[CH3:17]>>[CH3:1][C:2]1=[CH:3][CH2:4][CH:5]([C:6](=[O:7])[O:8][CH:9]2[C:10](=[O:11])[N:12]([CH3:13])[CH2:14][C:15]2([CH3:16])[CH3:17])[CH2:18][CH2:19]1,0.007999352728994324
175,[CH3:1][C:2]([CH:3]=[CH2:4])=[CH2:11].[CH:5]1=[CH:10][CH2:9][O:8][C:6]1=[O:7]>>[CH3:1][C:2]1=[CH:3][CH2:4][CH:5]2[C:6](=[O:7])[O:8][CH2:9][CH:10]2[CH2:11]1,0.012627364868997404
176,[CH3:1][C:2]([CH:3]=[CH2:4])=[CH2:11].[CH:5]1=[CH:10][C:8](=[O:9])[O:7][CH2:6]1>>[CH3:1][C:2]1=[CH:3][CH2:4][CH:5]2[CH2:6][O:7][C:8](=[O:9])[CH:10]2[CH2:11]1,0.011338385077003466
177,[CH:6]1=[CH:14][CH:13]=[CH:12][CH2:11]1.[O:1]=[C:2]1[CH:3]2[CH:4]=[CH:5][CH:10]([O:7]2)[C:8]([Br:9])=[C:15]1[Br:16]>>[O:1]=[C:2]1[CH:3]2[CH:4]=[CH:5][CH:6]([O:7]2)[C:8]2([Br:9])[CH:10]3[CH:11]=[CH:12][CH:13]([CH2:14]3)[C:15]12[Br:16],0.00738102301400545
178,[CH:11]1=[CH:12][CH:13]=[CH:14][CH2:15]1.[O:1]=[C:2]1[C:3]([Br:4])=[C:5]([Br:6])[CH:7]2[O:8][CH:9]1[CH:10]=[CH:16]2>>[O:1]=[C:2]1[C:3]([Br:4])=[C:5]([Br:6])[CH:7]2[O:8][CH:9]1[CH:10]1[CH:11]3[CH:12]=[CH:13][CH:14]([CH2:15]3)[CH:16]21,0.020896591846003787
179,[CH2:6]1[CH2:12][CH:11]=[CH:15][CH:14]=[CH:13]1.[O:1]=[C:2]1[CH:3]2[CH:4]=[CH:5][CH:10]([O:7]2)[C:8]([Br:9])=[C:16]1[Br:17]>>[O:1]=[C:2]1[CH:3]2[CH:4]=[CH:5][CH:6]([O:7]2)[C:8]2([Br:9])[CH:10]3[CH:11]=[CH:12][CH:13]([CH2:14][CH2:15]3)[C:16]12[Br:17],0.02191981159899825
180,[CH:11]1=[CH:16][CH2:15][CH2:14][CH:13]=[CH:12]1.[O:1]=[C:2]1[C:3]([Br:4])=[C:5]([Br:6])[CH:7]2[O:8][CH:9]1[CH:10]=[CH:17]2>>[O:1]=[C:2]1[C:3]([Br:4])=[C:5]([Br:6])[CH:7]2[O:8][CH:9]1[CH:10]1[CH:11]3[CH:12]=[CH:13][CH:14]([CH2:15][CH2:16]3)[CH:17]21,0.0029406111340009033
181,[CH3:1][O:2][c:3]1[cH:4][cH:5][c:6]([O:7][CH3:8])[c:9]([CH2:10][CH:11]=[C:18]([CH:17]=[CH2:16])[CH3:19])[cH:20]1.[CH2:12]=[CH:13][CH:14]=[O:15]>>[CH3:1][O:2][c:3]1[cH:4][cH:5][c:6]([O:7][CH3:8])[c:9]([CH2:10][CH:11]2[CH2:12][CH:13]([CH:14]=[O:15])[CH2:16][CH:17]=[C:18]2[CH3:19])[cH:20]1,0.004756426516998147
182,[CH3:1][O:2][c:3]1[cH:4][cH:5][c:6]([O:7][CH3:8])[c:9]([CH2:10][CH:11]=[C:12]([CH3:13])[CH:14]=[CH2:15])[cH:20]1.[CH2:16]=[CH:17][CH:18]=[O:19]>>[CH3:1][O:2][c:3]1[cH:4][cH:5][c:6]([O:7][CH3:8])[c:9]([CH2:10][CH:11]2[C:12]([CH3:13])=[CH:14][CH2:15][CH2:16][CH:17]2[CH:18]=[O:19])[cH:20]1,0.0003590664450001668
183,[CH3:1][O:2][CH2:3][O:4][c:5]1[cH:6][cH:7][c:8]([O:9][CH3:10])[cH:11][c:12]1[CH2:13][CH:14]=[C:15]([CH3:16])[CH:17]=[CH2:18].[CH2:19]=[CH:20][CH:21]=[O:22]>>[CH3:1][O:2][CH2:3][O:4][c:5]1[cH:6][cH:7][c:8]([O:9][CH3:10])[cH:11][c:12]1[CH2:13][CH:14]1[C:15]([CH3:16])=[CH:17][CH2:18][CH2:19][CH:20]1[CH:21]=[O:22],0.018146636577995423
184,[CH3:1][O:2][CH2:3][O:4][c:5]1[cH:6][cH:7][c:8]([O:9][CH3:10])[cH:11][c:12]1[CH2:13][CH:14]=[C:21]([CH:20]=[CH2:19])[CH3:22].[CH2:15]=[CH:16][CH:17]=[O:18]>>[CH3:1][O:2][CH2:3][O:4][c:5]1[cH:6][cH:7][c:8]([O:9][CH3:10])[cH:11][c:12]1[CH2:13][CH:14]1[CH2:15][CH:16]([CH:17]=[O:18])[CH2:19][CH:20]=[C:21]1[CH3:22],0.0026922272890033128
185,[CH3:1][C:2](=[O:3])[C:4]([CH2:5][CH2:6][C:7]#[N:8])=[CH2:9].[CH2:10]=[C:11]([CH3:12])[CH:13]=[CH2:14]>>[CH3:1][C:2](=[O:3])[C:4]1([CH2:5][CH2:6][C:7]#[N:8])[CH2:9][CH:10]=[C:11]([CH3:12])[CH2:13][CH2:14]1,0.013897883982998849
186,[CH3:1][C:2](=[O:3])[C:4]([CH2:5][CH2:6][C:7]#[N:8])=[CH2:9].[CH2:10]=[CH:11][C:12](=[CH2:13])[CH3:14]>>[CH3:1][C:2](=[O:3])[C:4]1([CH2:5][CH2:6][C:7]#[N:8])[CH2:9][CH2:10][CH:11]=[C:12]([CH3:13])[CH2:14]1,0.008723803286002862
187,[CH:19]([CH3:20])=[CH:21][CH:22]=[CH2:23].[CH3:1][O:2][C:3]1([O:4][CH3:5])[CH:6]=[CH:7][C:8](=[N:9][C:10](=[O:11])[c:12]2[cH:13][cH:14][cH:15][cH:16][cH:17]2)[CH:18]=[CH:24]1>>[CH3:1][O:2][C:3]1([O:4][CH3:5])[CH:6]=[CH:7][C:8](=[N:9][C:10](=[O:11])[c:12]2[cH:13][cH:14][cH:15][cH:16][cH:17]2)[CH:18]2[CH:19]([CH3:20])[CH:21]=[CH:22][CH2:23][CH:24]12,0.019422116982994453
188,[CH2:19]=[CH:20][CH:21]=[CH:22][CH3:23].[CH3:1][O:2][C:3]1([O:4][CH3:5])[CH:6]=[CH:7][C:8](=[N:9][C:10](=[O:11])[c:12]2[cH:13][cH:14][cH:15][cH:16][cH:17]2)[CH:18]=[CH:24]1>>[CH3:1][O:2][C:3]1([O:4][CH3:5])[CH:6]=[CH:7][C:8](=[N:9][C:10](=[O:11])[c:12]2[cH:13][cH:14][cH:15][cH:16][cH:17]2)[CH:18]2[CH2:19][CH:20]=[CH:21][CH:22]([CH3:23])[CH:24]12,0.02496992788400121
189,[O:1]=[CH:2][CH:3]=[CH2:19].[CH2:4]=[c:7]1[c:6](=[CH2:5])[n:11](-[c:12]2[cH:13][cH:14][cH:15][cH:16][c:17]2[Br:18])[c:9](=[O:10])[o:8]1>>[O:1]=[CH:2][CH:3]1[CH2:4][CH2:5][c:6]2[c:7]([o:8][c:9](=[O:10])[n:11]2-[c:12]2[cH:13][cH:14][cH:15][cH:16][c:17]2[Br:18])[CH2:19]1,0.0066160581899978865
190,[O:1]=[CH:2][CH:3]=[CH2:4].[CH2:5]=[c:6]1[o:7][c:8](=[O:9])[n:10](-[c:11]2[cH:12][cH:13][cH:14][cH:15][c:16]2[Br:17])[c:18]1=[CH2:19]>>[O:1]=[CH:2][CH:3]1[CH2:4][CH2:5][c:6]2[o:7][c:8](=[O:9])[n:10](-[c:11]3[cH:12][cH:13][cH:14][cH:15][c:16]3[Br:17])[c:18]2[CH2:19]1,0.00933471255000029
191,[CH2:1]=[C:2]([CH:3]=[CH2:4])[CH3:15].[CH2:5]=[CH:6][C:7](=[O:8])[c:9]1[cH:10][cH:11][cH:12][cH:13][cH:14]1>>[CH3:1][C:2]1=[CH:3][CH2:4][CH2:5][CH:6]([C:7](=[O:8])[c:9]2[cH:10][cH:11][cH:12][cH:13][cH:14]2)[CH2:15]1,0.006497566122995124
192,[CH3:1][C:2](=[CH2:3])[CH:15]=[CH2:14].[CH2:4]=[CH:5][C:6](=[O:7])[c:8]1[cH:9][cH:10][cH:11][cH:12][cH:13]1>>[CH3:1][C:2]1=[CH:3][CH2:4][CH:5]([C:6](=[O:7])[c:8]2[cH:9][cH:10][cH:11][cH:12][cH:13]2)[CH2:14][CH2:15]1,0.005337801077004656
193,[CH3:1][CH2:2][O:3][C:4](=[O:5])[C:6]([Br:7])=[CH2:8].[CH2:9]=[C:10]([CH2:11][CH2:12][CH:13]=[C:14]([CH3:15])[CH3:16])[CH:17]=[CH2:18]>>[CH3:1][CH2:2][O:3][C:4](=[O:5])[C:6]1([Br:7])[CH2:8][CH:9]=[C:10]([CH2:11][CH2:12][CH:13]=[C:14]([CH3:15])[CH3:16])[CH2:17][CH2:18]1,0.005730993817998353
194,[CH3:1][CH2:2][O:3][C:4](=[O:5])[C:6]([Br:7])=[CH2:8].[CH2:9]=[CH:10][C:11]([CH2:12][CH2:13][CH:14]=[C:15]([CH3:16])[CH3:17])=[CH2:18]>>[CH3:1][CH2:2][O:3][C:4](=[O:5])[C:6]1([Br:7])[CH2:8][CH2:9][CH:10]=[C:11]([CH2:12][CH2:13][CH:14]=[C:15]([CH3:16])[CH3:17])[CH2:18]1,0.003498971428001596
195,[CH:12]1=[CH:13][CH:14]=[CH:15][CH2:16]1.[CH3:1][O:2][C:3]1=[CH:11][C:9](=[O:10])[C:7]([CH3:8])=[CH:6][C:4]1=[O:5]>>[CH3:1][O:2][C:3]12[C:4](=[O:5])[CH:6]=[C:7]([CH3:8])[C:9](=[O:10])[CH:11]1[CH:12]1[CH:13]=[CH:14][CH:15]2[CH2:16]1,0.015413541227999872
196,[CH:9]1=[CH:10][CH:11]=[CH:12][CH2:13]1.[CH3:1][O:2][C:3]1=[CH:4][C:5](=[O:6])[C:7]([CH3:8])=[CH:14][C:15]1=[O:16]>>[CH3:1][O:2][C:3]1=[CH:4][C:5](=[O:6])[C:7]2([CH3:8])[CH:9]3[CH:10]=[CH:11][CH:12]([CH2:13]3)[CH:14]2[C:15]1=[O:16],0.006584672554005522
197,[CH2:1]=[C:2]([CH:3]=[CH2:4])[CH3:19].[C:5]1(=[CH:17][Cl:18])[N:6]=[C:7]([c:8]2[cH:9][cH:10][cH:11][cH:12][cH:13]2)[O:14][C:15]1=[O:16]>>[CH3:1][C:2]1=[CH:3][CH2:4][C:5]2([N:6]=[C:7]([c:8]3[cH:9][cH:10][cH:11][cH:12][cH:13]3)[O:14][C:15]2=[O:16])[CH:17]([Cl:18])[CH2:19]1,0.0018028894560018216
198,[CH2:1]=[C:2]([CH:3]=[CH2:4])[CH3:8].[CH:5]([Cl:6])=[C:7]1[N:9]=[C:10]([c:11]2[cH:12][cH:13][cH:14][cH:15][cH:16]2)[O:17][C:18]1=[O:19]>>[CH3:1][C:2]1=[CH:3][CH2:4][CH:5]([Cl:6])[C:7]2([CH2:8]1)[N:9]=[C:10]([c:11]1[cH:12][cH:13][cH:14][cH:15][cH:16]1)[O:17][C:18]2=[O:19],0.002906298153995124
199,[CH3:1][C:2](=[CH2:3])[CH:24]=[CH2:23].[CH2:4]=[CH:5][C:6](=[O:7])[O:8][CH:9]1[C:10](=[O:11])[N:12]([c:13]2[cH:14][cH:15][cH:16][cH:17][cH:18]2)[CH2:19][C:20]1([CH3:21])[CH3:22]>>[CH3:1][C:2]1=[CH:3][CH2:4][CH:5]([C:6](=[O:7])[O:8][CH:9]2[C:10](=[O:11])[N:12]([c:13]3[cH:14][cH:15][cH:16][cH:17][cH:18]3)[CH2:19][C:20]2([CH3:21])[CH3:22])[CH2:23][CH2:24]1,0.005801666523993276
200,[CH2:1]=[C:2]([CH:3]=[CH2:4])[CH3:24].[CH2:5]=[CH:6][C:7](=[O:8])[O:9][CH:10]1[C:11](=[O:12])[N:13]([c:14]2[cH:15][cH:16][cH:17][cH:18][cH:19]2)[CH2:20][C:21]1([CH3:22])[CH3:23]>>[CH3:1][C:2]1=[CH:3][CH2:4][CH2:5][CH:6]([C:7](=[O:8])[O:9][CH:10]2[C:11](=[O:12])[N:13]([c:14]3[cH:15][cH:16][cH:17][cH:18][cH:19]3)[CH2:20][C:21]2([CH3:22])[CH3:23])[CH2:24]1,0.005521781697012784
201,[CH2:1]=[C:2]([CH:3]=[CH2:4])[CH3:13].[CH:5]([CH3:6])=[CH:7][CH:8]1[O:9][CH2:10][CH2:11][O:12]1>>[CH3:1][C:2]1=[CH:3][CH2:4][CH:5]([CH3:6])[CH:7]([CH:8]2[O:9][CH2:10][CH2:11][O:12]2)[CH2:13]1,0.02050407433899437
202,[CH3:1][C:2]([CH:3]=[CH2:4])=[CH2:13].[CH:5]([CH:6]1[O:7][CH2:8][CH2:9][O:10]1)=[CH:11][CH3:12]>>[CH3:1][C:2]1=[CH:3][CH2:4][CH:5]([CH:6]2[O:7][CH2:8][CH2:9][O:10]2)[CH:11]([CH3:12])[CH2:13]1,0.020226834455996823
203,[CH2:1]=[C:2]([CH:3]=[CH2:19])[CH3:20].[CH2:4]=[CH:5][C:6](=[O:7])[C:8]1([OH:9])[CH2:10][CH:11]2[CH2:12][CH2:13][C:14]1([CH3:15])[C:16]2([CH3:17])[CH3:18]>>[CH3:1][C:2]1=[CH:3][CH2:4][CH:5]([C:6](=[O:7])[C:8]2([OH:9])[CH2:10][CH:11]3[CH2:12][CH2:13][C:14]2([CH3:15])[C:16]3([CH3:17])[CH3:18])[CH2:19][CH2:20]1,0.006574121608004191
204,[CH2:1]=[C:2]([CH:3]=[CH2:4])[CH3:20].[CH2:5]=[CH:6][C:7](=[O:8])[C:9]1([OH:10])[CH2:11][CH:12]2[CH2:13][CH2:14][C:15]1([CH3:16])[C:17]2([CH3:18])[CH3:19]>>[CH3:1][C:2]1=[CH:3][CH2:4][CH2:5][CH:6]([C:7](=[O:8])[C:9]2([OH:10])[CH2:11][CH:12]3[CH2:13][CH2:14][C:15]2([CH3:16])[C:17]3([CH3:18])[CH3:19])[CH2:20]1,0.007235146135997184
205,[CH3:1][C:2]1([CH3:3])[O:4][CH:5]2[CH:6]=[CH:7][CH:8]=[C:9]([CH3:10])[CH:11]2[O:12]1.[CH:13]1=[CH:18][CH2:17][CH2:16][C:14]1=[O:15]>>[CH3:1][C:2]1([CH3:3])[O:4][CH:5]2[CH:6]3[CH:7]=[CH:8][C:9]([CH3:10])([CH:11]2[O:12]1)[CH:13]1[C:14](=[O:15])[CH2:16][CH2:17][CH:18]31,0.01303476085200117
206,[CH3:1][C:2]1([CH3:3])[O:4][CH:5]2[CH:6]=[CH:7][CH:8]=[C:9]([CH3:10])[CH:17]2[O:18]1.[CH:11]1=[CH:16][C:14](=[O:15])[CH2:13][CH2:12]1>>[CH3:1][C:2]1([CH3:3])[O:4][CH:5]2[CH:6]3[CH:7]=[CH:8][C:9]([CH3:10])([CH:11]4[CH2:12][CH2:13][C:14](=[O:15])[CH:16]34)[CH:17]2[O:18]1,0.019525058318002664
207,[CH:16]([CH:17]=[O:18])=[CH2:19].[CH3:1][CH2:2][O:3][P:4](=[O:5])([O:6][CH2:7][CH3:8])[O:9][C:10]([C:11]1=[CH:15][CH2:14][CH2:13][CH2:12]1)=[CH:20][S:21][CH2:22][CH3:23]>>[CH3:1][CH2:2][O:3][P:4](=[O:5])([O:6][CH2:7][CH3:8])[O:9][C:10]1=[C:11]2[CH2:12][CH2:13][CH2:14][CH:15]2[CH:16]([CH:17]=[O:18])[CH2:19][CH:20]1[S:21][CH2:22][CH3:23],0.018672872157011966
208,[CH2:16]=[CH:17][CH:18]=[O:19].[CH3:1][CH2:2][O:3][P:4](=[O:5])([O:6][CH2:7][CH3:8])[O:9][C:10]([C:11]1=[CH:15][CH2:14][CH2:13][CH2:12]1)=[CH:20][S:21][CH2:22][CH3:23]>>[CH3:1][CH2:2][O:3][P:4](=[O:5])([O:6][CH2:7][CH3:8])[O:9][C:10]1=[C:11]2[CH2:12][CH2:13][CH2:14][CH:15]2[CH2:16][CH:17]([CH:18]=[O:19])[CH:20]1[S:21][CH2:22][CH3:23],0.009038573941992922
209,[CH:5]1=[CH:6][CH:7]=[CH:8][CH2:9]1.[O:1]=[C:2]([CH:3]=[CH2:4])[CH:10]1[CH2:11][CH:12]2[CH:13]=[CH:14][CH:15]1[CH2:16]2>>[O:1]=[C:2]([CH:3]1[CH2:4][CH:5]2[CH:6]=[CH:7][CH:8]1[CH2:9]2)[CH:10]1[CH2:11][CH:12]2[CH:13]=[CH:14][CH:15]1[CH2:16]2,0.011064993825002034
210,[CH:11]1=[CH:12][CH:13]=[CH:14][CH2:15]1.[CH2:1]=[CH:2][C:3](=[O:4])[CH:5]1[CH2:6][CH:7]2[CH2:8][CH:9]1[CH:10]=[CH:16]2>>[CH2:1]=[CH:2][C:3](=[O:4])[CH:5]1[CH2:6][CH:7]2[CH2:8][CH:9]1[CH:10]1[CH:11]3[CH:12]=[CH:13][CH:14]([CH2:15]3)[CH:16]21,0.02323760754299542
211,[CH:12]1=[CH:13][CH:14]=[CH:15][CH2:16]1.[CH2:1]=[CH:2][CH2:3][C:4]1=[C:5]([CH2:6][CH:7]=[CH2:8])[C:9](=[O:10])[CH:11]=[CH:17][C:18]1=[O:19]>>[CH2:1]=[CH:2][CH2:3][C:4]1=[C:5]([CH2:6][CH:7]=[CH2:8])[C:9](=[O:10])[CH:11]2[CH:12]3[CH:13]=[CH:14][CH:15]([CH2:16]3)[CH:17]2[C:18]1=[O:19],0.004970033134000573
212,[CH:15]1=[CH:16][CH:17]=[CH:18][CH2:19]1.[CH2:1]=[CH:2][CH2:3][C:4]1=[C:11]([CH2:12][CH:13]=[CH2:14])[C:9](=[O:10])[CH:8]=[CH:7][C:5]1=[O:6]>>[CH2:1]=[CH:2][CH2:3][C:4]12[C:5](=[O:6])[CH:7]=[CH:8][C:9](=[O:10])[C:11]1([CH2:12][CH:13]=[CH2:14])[CH:15]1[CH:16]=[CH:17][CH:18]2[CH2:19]1,0.012270354356999746
213,[CH:9]1=[CH:10][CH:11]=[CH:12][CH2:13]1.[CH2:1]=[CH:2][CH2:3][C:4]1=[C:5]([CH2:6][CH:7]=[CH2:8])[C:14](=[O:15])[CH:16]=[CH:17][C:18]1=[O:19]>>[CH2:1]=[CH:2][CH2:3][C:4]1=[C:5]([CH2:6][CH:7]2[CH2:8][CH:9]3[CH:10]=[CH:11][CH:12]2[CH2:13]3)[C:14](=[O:15])[CH:16]=[CH:17][C:18]1=[O:19],0.019507376098999885
214,[CH2:1]=[C:2]([CH:3]=[CH2:4])[CH3:13].[CH2:5]=[CH:6][C:7](=[O:8])[C:9]([CH3:10])([CH3:11])[OH:12]>>[CH3:1][C:2]1=[CH:3][CH2:4][CH2:5][CH:6]([C:7](=[O:8])[C:9]([CH3:10])([CH3:11])[OH:12])[CH2:13]1,0.0091976281290016
215,[CH3:1][C:2]([CH:3]=[CH2:12])=[CH2:13].[CH2:4]=[CH:5][C:6](=[O:7])[C:8]([CH3:9])([CH3:10])[OH:11]>>[CH3:1][C:2]1=[CH:3][CH2:4][CH:5]([C:6](=[O:7])[C:8]([CH3:9])([CH3:10])[OH:11])[CH2:12][CH2:13]1,0.005626344832997177
216,[CH3:1][C:2](=[O:3])[O:4][CH2:5][C:6]([C:7]([CH3:8])=[CH2:9])=[C:14]([CH3:15])[CH3:16].[CH2:10]=[CH:11][CH:12]=[O:13]>>[CH3:1][C:2](=[O:3])[O:4][CH2:5][C:6]1=[C:7]([CH3:8])[CH2:9][CH2:10][CH:11]([CH:12]=[O:13])[C:14]1([CH3:15])[CH3:16],0.01000329216200413
217,[CH3:1][C:2](=[O:3])[O:4][CH2:5][C:6]([C:7]([CH3:8])=[CH2:13])=[C:14]([CH3:15])[CH3:16].[CH2:9]=[CH:10][CH:11]=[O:12]>>[CH3:1][C:2](=[O:3])[O:4][CH2:5][C:6]1=[C:7]([CH3:8])[CH2:9][CH:10]([CH:11]=[O:12])[CH2:13][C:14]1([CH3:15])[CH3:16],0.015768061399001
218,[CH:7]1=[CH:8][CH:9]=[CH:10][CH2:11]1.[CH3:1][C:2]1=[CH:3][C:4](=[O:5])[CH:6]=[CH:12][C:13]1=[O:14]>>[CH3:1][C:2]1=[CH:3][C:4](=[O:5])[CH:6]2[CH:7]3[CH:8]=[CH:9][CH:10]([CH2:11]3)[CH:12]2[C:13]1=[O:14],0.0020054092579968597
219,[CH:10]1=[CH:11][CH:12]=[CH:13][CH2:14]1.[CH3:1][C:2]1=[CH:9][C:7](=[O:8])[CH:6]=[CH:5][C:3]1=[O:4]>>[CH3:1][C:2]12[C:3](=[O:4])[CH:5]=[CH:6][C:7](=[O:8])[CH:9]1[CH:10]1[CH:11]=[CH:12][CH:13]2[CH2:14]1,0.0069806570720061245
220,[C:16]([CH3:17])([CH:18]=[O:19])=[CH2:20].[CH3:1][CH2:2][O:3][P:4](=[O:5])([O:6][CH2:7][CH3:8])[O:9][C:10]([C:11]1=[CH:15][CH2:14][CH2:13][CH2:12]1)=[CH:21][S:22][CH2:23][CH3:24]>>[CH3:1][CH2:2][O:3][P:4](=[O:5])([O:6][CH2:7][CH3:8])[O:9][C:10]1=[C:11]2[CH2:12][CH2:13][CH2:14][CH:15]2[C:16]([CH3:17])([CH:18]=[O:19])[CH2:20][CH:21]1[S:22][CH2:23][CH3:24],0.019631740606996573
221,[CH2:16]=[C:17]([CH3:18])[CH:19]=[O:20].[CH3:1][CH2:2][O:3][P:4](=[O:5])([O:6][CH2:7][CH3:8])[O:9][C:10]([C:11]1=[CH:15][CH2:14][CH2:13][CH2:12]1)=[CH:21][S:22][CH2:23][CH3:24]>>[CH3:1][CH2:2][O:3][P:4](=[O:5])([O:6][CH2:7][CH3:8])[O:9][C:10]1=[C:11]2[CH2:12][CH2:13][CH2:14][CH:15]2[CH2:16][C:17]([CH3:18])([CH:19]=[O:20])[CH:21]1[S:22][CH2:23][CH3:24],0.01342332739299934
222,[CH:16]([C:17]([CH3:18])=[O:19])=[CH2:20].[CH3:1][CH2:2][O:3][P:4](=[O:5])([O:6][CH2:7][CH3:8])[O:9][C:10]([C:11]1=[CH:15][CH2:14][CH2:13][CH2:12]1)=[CH:21][S:22][CH2:23][CH3:24]>>[CH3:1][CH2:2][O:3][P:4](=[O:5])([O:6][CH2:7][CH3:8])[O:9][C:10]1=[C:11]2[CH2:12][CH2:13][CH2:14][CH:15]2[CH:16]([C:17]([CH3:18])=[O:19])[CH2:20][CH:21]1[S:22][CH2:23][CH3:24],0.025796271534005655
223,[CH2:16]=[CH:17][C:18]([CH3:19])=[O:20].[CH3:1][CH2:2][O:3][P:4](=[O:5])([O:6][CH2:7][CH3:8])[O:9][C:10]([C:11]1=[CH:15][CH2:14][CH2:13][CH2:12]1)=[CH:21][S:22][CH2:23][CH3:24]>>[CH3:1][CH2:2][O:3][P:4](=[O:5])([O:6][CH2:7][CH3:8])[O:9][C:10]1=[C:11]2[CH2:12][CH2:13][CH2:14][CH:15]2[CH2:16][CH:17]([C:18]([CH3:19])=[O:20])[CH:21]1[S:22][CH2:23][CH3:24],0.008276193034006951
224,[CH3:1][C:2]([CH:3]=[O:4])=[CH2:5].[CH:6]([C:7]1=[CH:13][CH2:12][CH2:11][CH2:10][CH:8]1[OH:9])=[CH2:14]>>[CH3:1][C:2]1([CH:3]=[O:4])[CH2:5][CH:6]=[C:7]2[CH:8]([OH:9])[CH2:10][CH2:11][CH2:12][CH:13]2[CH2:14]1,0.013602072127000042
225,[CH3:1][C:2]([CH:3]=[O:4])=[CH2:5].[CH2:6]=[CH:7][C:8]1=[CH:14][CH2:13][CH2:12][CH2:11][CH:9]1[OH:10]>>[CH3:1][C:2]1([CH:3]=[O:4])[CH2:5][CH2:6][CH:7]=[C:8]2[CH:9]([OH:10])[CH2:11][CH2:12][CH2:13][CH:14]12,0.002488745067999787
226,[CH3:1][O:2][C:3](=[O:4])[CH:5]=[CH2:6].[CH:7]([C:8]1=[CH:14][CH2:13][CH2:12][CH2:11][CH:9]1[OH:10])=[CH2:15]>>[CH3:1][O:2][C:3](=[O:4])[CH:5]1[CH2:6][CH:7]=[C:8]2[CH:9]([OH:10])[CH2:11][CH2:12][CH2:13][CH:14]2[CH2:15]1,0.01254789719600069
227,[CH3:1][O:2][C:3](=[O:4])[CH:5]=[CH2:6].[CH2:7]=[CH:8][C:9]1=[CH:15][CH2:14][CH2:13][CH2:12][CH:10]1[OH:11]>>[CH3:1][O:2][C:3](=[O:4])[CH:5]1[CH2:6][CH2:7][CH:8]=[C:9]2[CH:10]([OH:11])[CH2:12][CH2:13][CH2:14][CH:15]12,0.0036657134230040356
228,[CH2:5]=[CH:6][C:7]1=[CH:13][CH2:12][CH2:11][CH2:10][CH:8]1[OH:9].[O:1]=[CH:2][CH:3]=[CH2:4]>>[O:1]=[CH:2][CH:3]1[CH2:4][CH2:5][CH:6]=[C:7]2[CH:8]([OH:9])[CH2:10][CH2:11][CH2:12][CH:13]12,0.007051471963997358
229,[CH:5]([C:6]1=[CH:12][CH2:11][CH2:10][CH2:9][CH:7]1[OH:8])=[CH2:13].[O:1]=[CH:2][CH:3]=[CH2:4]>>[O:1]=[CH:2][CH:3]1[CH2:4][CH:5]=[C:6]2[CH:7]([OH:8])[CH2:9][CH2:10][CH2:11][CH:12]2[CH2:13]1,0.010228202272003273
230,[CH3:1][C:2]1([OH:3])[CH2:4][CH:5]([O:6][Si:7]([CH3:8])([CH3:9])[C:10]([CH3:11])([CH3:12])[CH3:13])[CH:14]=[C:21]1[CH:20]=[CH2:15].[CH:16]([CH:17]=[O:18])=[CH2:19]>>[CH3:1][C:2]1([OH:3])[CH2:4][CH:5]([O:6][Si:7]([CH3:8])([CH3:9])[C:10]([CH3:11])([CH3:12])[CH3:13])[CH:14]2[CH2:15][CH:16]([CH:17]=[O:18])[CH2:19][CH:20]=[C:21]12,0.005427926019990537
231,[CH3:1][C:2]1([OH:3])[CH2:4][CH:5]([O:6][Si:7]([CH3:8])([CH3:9])[C:10]([CH3:11])([CH3:12])[CH3:13])[CH:14]=[C:15]1[CH:16]=[CH2:17].[CH2:18]=[CH:19][CH:20]=[O:21]>>[CH3:1][C:2]1([OH:3])[CH2:4][CH:5]([O:6][Si:7]([CH3:8])([CH3:9])[C:10]([CH3:11])([CH3:12])[CH3:13])[CH:14]2[C:15]1=[CH:16][CH2:17][CH2:18][CH:19]2[CH:20]=[O:21],0.004487534016988093
232,[CH:3]1=[CH:4][CH:5]=[CH:6][CH2:7]1.[CH2:1]=[C:2]=[CH:8][O:9][CH:10]1[CH2:11][CH:12]([CH3:13])[CH2:14][CH2:15][CH:16]1[CH:17]([CH3:18])[CH3:19]>>[CH2:1]=[C:2]1[CH:3]2[CH:4]=[CH:5][CH:6]([CH2:7]2)[CH:8]1[O:9][CH:10]1[CH2:11][CH:12]([CH3:13])[CH2:14][CH2:15][CH:16]1[CH:17]([CH3:18])[CH3:19],0.03250323790999943
233,[CH:14]1=[CH:15][CH:16]=[CH:17][CH2:18]1.[CH3:1][CH:2]1[CH2:3][CH2:4][CH:5]([CH:6]([CH3:7])[CH3:8])[CH:9]([O:10][CH:11]=[C:12]=[CH2:13])[CH2:19]1>>[CH3:1][CH:2]1[CH2:3][CH2:4][CH:5]([CH:6]([CH3:7])[CH3:8])[CH:9]([O:10][CH:11]=[C:12]2[CH2:13][CH:14]3[CH:15]=[CH:16][CH:17]2[CH2:18]3)[CH2:19]1,0.0245059316109959
234,[CH3:1][C:2]([CH3:3])([CH3:4])[O:5][C:6](=[O:7])[CH:8]=[CH2:9].[CH:10]1=[CH:11][CH:12]=[CH:13][N:14]2[CH:15]=[CH:16][C:17](=[O:18])[C:19]12[CH3:20]>>[CH3:1][C:2]([CH3:3])([CH3:4])[O:5][C:6](=[O:7])[CH:8]1[CH2:9][CH:10]2[CH:11]=[CH:12][CH:13]1[N:14]1[CH:15]=[CH:16][C:17](=[O:18])[C:19]21[CH3:20],0.011324345790001189
235,[CH3:1][C:2]([CH3:3])([CH3:4])[O:5][C:6](=[O:7])[CH:8]=[CH2:9].[CH:10]1=[CH:11][CH:12]=[CH:13][C:14]2([CH3:15])[C:16](=[O:17])[CH:18]=[CH:19][N:20]12>>[CH3:1][C:2]([CH3:3])([CH3:4])[O:5][C:6](=[O:7])[CH:8]1[CH2:9][CH:10]2[CH:11]=[CH:12][CH:13]1[C:14]1([CH3:15])[C:16](=[O:17])[CH:18]=[CH:19][N:20]21,0.01702896750000349
236,[CH3:1][O:2][C:3](=[O:4])[CH:5]=[CH2:6].[CH:7]1=[CH:8][CH:9]=[CH:10][N:11]2[CH:12]=[CH:13][C:14](=[O:15])[C:16]12[CH3:17]>>[CH3:1][O:2][C:3](=[O:4])[CH:5]1[CH2:6][CH:7]2[CH:8]=[CH:9][CH:10]1[N:11]1[CH:12]=[CH:13][C:14](=[O:15])[C:16]21[CH3:17],0.018117584352999927
237,[CH3:1][O:2][C:3](=[O:4])[CH:5]=[CH2:6].[CH:7]1=[CH:8][CH:9]=[CH:10][C:11]2([CH3:12])[C:13](=[O:14])[CH:15]=[CH:16][N:17]12>>[CH3:1][O:2][C:3](=[O:4])[CH:5]1[CH2:6][CH:7]2[CH:8]=[CH:9][CH:10]1[C:11]1([CH3:12])[C:13](=[O:14])[CH:15]=[CH:16][N:17]21,0.01551011863899987
238,[CH2:12]=[C:13]([Cl:14])[C:15]#[N:16].[CH3:1][C:2]12[C:3](=[O:4])[CH:5]=[CH:6][N:7]1[CH:8]=[CH:9][CH:10]=[CH:11]2>>[CH3:1][C:2]12[C:3](=[O:4])[CH:5]=[CH:6][N:7]1[CH:8]1[CH:9]=[CH:10][CH:11]2[CH2:12][C:13]1([Cl:14])[C:15]#[N:16],0.005871701194998025
239,[C:12]([Cl:13])([C:14]#[N:15])=[CH2:16].[CH3:1][C:2]12[C:3](=[O:4])[CH:5]=[CH:6][N:7]1[CH:8]=[CH:9][CH:10]=[CH:11]2>>[CH3:1][C:2]12[C:3](=[O:4])[CH:5]=[CH:6][N:7]1[CH:8]1[CH:9]=[CH:10][CH:11]2[C:12]([Cl:13])([C:14]#[N:15])[CH2:16]1,0.022237553783000408
240,[CH3:1][C:2]([C:3]1=[CH:9][CH2:8][CH2:7][CH2:6][CH:4]1[OH:5])=[CH2:15].[C:10]([CH3:11])([CH:12]=[O:13])=[CH2:14]>>[CH3:1][C:2]1=[C:3]2[CH:4]([OH:5])[CH2:6][CH2:7][CH2:8][CH:9]2[C:10]([CH3:11])([CH:12]=[O:13])[CH2:14][CH2:15]1,0.012947350085994458
241,[CH3:1][C:2]([C:3]1=[CH:9][CH2:8][CH2:7][CH2:6][CH:4]1[OH:5])=[CH2:15].[CH2:10]=[C:11]([CH3:12])[CH:13]=[O:14]>>[CH3:1][C:2]1=[C:3]2[CH:4]([OH:5])[CH2:6][CH2:7][CH2:8][CH:9]2[CH2:10][C:11]([CH3:12])([CH:13]=[O:14])[CH2:15]1,0.01242507145899907
242,[CH2:9]=[C:10]([CH3:11])[CH:12]=[O:13].[CH2:1]=[CH:2][C:3]1([OH:4])[CH2:5][CH2:6][CH2:7][CH:8]=[C:16]1[CH:15]=[CH2:14]>>[CH2:1]=[CH:2][C:3]1([OH:4])[CH2:5][CH2:6][CH2:7][CH:8]2[CH2:9][C:10]([CH3:11])([CH:12]=[O:13])[CH2:14][CH:15]=[C:16]12,0.01390280733700422
243,[CH2:12]=[C:13]([CH3:14])[CH:15]=[O:16].[CH2:1]=[CH:2][C:3]1([OH:4])[CH2:5][CH2:6][CH2:7][CH:8]=[C:9]1[CH:10]=[CH2:11]>>[CH2:1]=[CH:2][C:3]1([OH:4])[CH2:5][CH2:6][CH2:7][CH:8]2[C:9]1=[CH:10][CH2:11][CH2:12][C:13]2([CH3:14])[CH:15]=[O:16],0.008915938207998408
244,[CH2:10]=[C:11]([CH3:12])[CH:13]=[O:14].[CH2:1]=[C:2]([CH3:3])[C:4]1([OH:5])[CH2:6][CH2:7][CH2:8][CH:9]=[C:17]1[CH:16]=[CH2:15]>>[CH2:1]=[C:2]([CH3:3])[C:4]1([OH:5])[CH2:6][CH2:7][CH2:8][CH:9]2[CH2:10][C:11]([CH3:12])([CH:13]=[O:14])[CH2:15][CH:16]=[C:17]12,0.013186739412006432
245,[CH2:13]=[C:14]([CH3:15])[CH:16]=[O:17].[CH2:1]=[C:2]([CH3:3])[C:4]1([OH:5])[CH2:6][CH2:7][CH2:8][CH:9]=[C:10]1[CH:11]=[CH2:12]>>[CH2:1]=[C:2]([CH3:3])[C:4]1([OH:5])[CH2:6][CH2:7][CH2:8][CH:9]2[C:10]1=[CH:11][CH2:12][CH2:13][C:14]2([CH3:15])[CH:16]=[O:17],0.012244304616004342
246,[C:7]([CH3:8])([C:9]1=[CH:15][CH2:14][CH2:13][CH2:12][CH:10]1[OH:11])=[CH2:16].[CH3:1][O:2][C:3](=[O:4])[CH:5]=[CH2:6]>>[CH3:1][O:2][C:3](=[O:4])[CH:5]1[CH2:6][C:7]([CH3:8])=[C:9]2[CH:10]([OH:11])[CH2:12][CH2:13][CH2:14][CH:15]2[CH2:16]1,0.017471043657998564
247,[CH2:7]=[C:8]([CH3:9])[C:10]1=[CH:16][CH2:15][CH2:14][CH2:13][CH:11]1[OH:12].[CH3:1][O:2][C:3](=[O:4])[CH:5]=[CH2:6]>>[CH3:1][O:2][C:3](=[O:4])[CH:5]1[CH2:6][CH2:7][C:8]([CH3:9])=[C:10]2[CH:11]([OH:12])[CH2:13][CH2:14][CH2:15][CH:16]12,0.016014443145003554
248,[CH2:5]=[CH:6][C:7]1=[CH:8][CH2:9][CH2:10][CH2:11][C:12]1([OH:13])[c:14]1[cH:15][cH:16][cH:17][cH:18][cH:19]1.[O:1]=[CH:2][CH:3]=[CH2:4]>>[O:1]=[CH:2][CH:3]1[CH2:4][CH2:5][CH:6]=[C:7]2[CH:8]1[CH2:9][CH2:10][CH2:11][C:12]2([OH:13])[c:14]1[cH:15][cH:16][cH:17][cH:18][cH:19]1,0.008016825353998058
249,[CH2:4]=[CH:5][C:6]1=[CH:7][CH2:8][CH2:9][CH2:10][C:11]1([OH:12])[c:13]1[cH:14][cH:15][cH:16][cH:17][cH:18]1.[O:1]=[CH:2][CH:3]=[CH2:19]>>[O:1]=[CH:2][CH:3]1[CH2:4][CH:5]=[C:6]2[CH:7]([CH2:8][CH2:9][CH2:10][C:11]2([OH:12])[c:13]2[cH:14][cH:15][cH:16][cH:17][cH:18]2)[CH2:19]1,0.010907243124002264
250,[CH:14]1=[CH:15][CH:16]=[CH:17][CH2:18]1.[O:1]=[C:2]([OH:3])[CH2:4][CH2:5][C:6]1=[CH:13][C:11](=[O:12])[CH:10]=[CH:9][C:7]1=[O:8]>>[O:1]=[C:2]([OH:3])[CH2:4][CH2:5][C:6]12[C:7](=[O:8])[CH:9]=[CH:10][C:11](=[O:12])[CH:13]1[CH:14]1[CH:15]=[CH:16][CH:17]2[CH2:18]1,0.008011316881002983
251,[CH:11]1=[CH:12][CH:13]=[CH:14][CH2:15]1.[O:1]=[C:2]([OH:3])[CH2:4][CH2:5][C:6]1=[CH:7][C:8](=[O:9])[CH:10]=[CH:16][C:17]1=[O:18]>>[O:1]=[C:2]([OH:3])[CH2:4][CH2:5][C:6]1=[CH:7][C:8](=[O:9])[CH:10]2[CH:11]3[CH:12]=[CH:13][CH:14]([CH2:15]3)[CH:16]2[C:17]1=[O:18],0.005213784763000717
252,[CH2:1]=[C:2]([CH3:3])[C:4]([CH3:5])=[CH2:6].[C:7]1([S:8]([CH3:9])(=[O:10])=[O:11])=[CH:12][CH:13]=[C:14]([S:15]([CH3:16])(=[O:17])=[O:18])[S:19]1(=[O:20])=[O:21]>>[CH2:1]=[C:2]([CH3:3])[C:4]1([CH3:5])[CH2:6][C:7]2([S:8]([CH3:9])(=[O:10])=[O:11])[CH:12]=[CH:13][C:14]1([S:15]([CH3:16])(=[O:17])=[O:18])[S:19]2(=[O:20])=[O:21],0.0002516375719920916
253,[CH2:1]=[C:2]([C:3]([CH3:4])=[CH2:5])[CH3:21].[C:6]1([S:7]([CH3:8])(=[O:9])=[O:10])=[CH:11][CH:12]=[C:13]([S:14]([CH3:15])(=[O:16])=[O:17])[S:18]1(=[O:19])=[O:20]>>[CH3:1][C:2]1=[C:3]([CH3:4])[CH2:5][C:6]2([S:7]([CH3:8])(=[O:9])=[O:10])[CH:11]([CH:12]=[C:13]([S:14]([CH3:15])(=[O:16])=[O:17])[S:18]2(=[O:19])=[O:20])[CH2:21]1,0.0012001175559959165
254,[CH2:1]=[C:2]([CH3:3])[C:4]([CH3:5])=[CH2:6].[C:7]1([S:8]([CH3:9])(=[O:10])=[O:11])=[CH:12][CH:13]=[C:14]([Cl:15])[S:16]1(=[O:17])=[O:18]>>[CH2:1]=[C:2]([CH3:3])[C:4]1([CH3:5])[CH2:6][C:7]2([S:8]([CH3:9])(=[O:10])=[O:11])[CH:12]=[CH:13][C:14]1([Cl:15])[S:16]2(=[O:17])=[O:18],0.005539982430001089
255,[CH2:1]=[C:2]([C:3]([CH3:4])=[CH2:5])[CH3:18].[C:6]1([S:7]([CH3:8])(=[O:9])=[O:10])=[CH:11][CH:12]=[C:13]([Cl:14])[S:15]1(=[O:16])=[O:17]>>[CH3:1][C:2]1=[C:3]([CH3:4])[CH2:5][C:6]2([S:7]([CH3:8])(=[O:9])=[O:10])[CH:11]([CH:12]=[C:13]([Cl:14])[S:15]2(=[O:16])=[O:17])[CH2:18]1,0.0031804106150019607
256,[CH2:1]=[C:2]([CH3:3])[C:4]([CH3:5])=[CH2:6].[C:7]1([Cl:8])=[CH:9][CH:10]=[C:11]([S:12]([CH3:13])(=[O:14])=[O:15])[S:16]1(=[O:17])=[O:18]>>[CH2:1]=[C:2]([CH3:3])[C:4]1([CH3:5])[CH2:6][C:7]2([Cl:8])[CH:9]=[CH:10][C:11]1([S:12]([CH3:13])(=[O:14])=[O:15])[S:16]2(=[O:17])=[O:18],0.005237062153000238
257,[CH2:1]=[C:2]([C:3]([CH3:4])=[CH2:5])[CH3:18].[C:6]1([Cl:7])=[CH:8][CH:9]=[C:10]([S:11]([CH3:12])(=[O:13])=[O:14])[S:15]1(=[O:16])=[O:17]>>[CH3:1][C:2]1=[C:3]([CH3:4])[CH2:5][C:6]2([Cl:7])[CH:8]([CH:9]=[C:10]([S:11]([CH3:12])(=[O:13])=[O:14])[S:15]2(=[O:16])=[O:17])[CH2:18]1,0.0010374032089970342
258,[CH:10]([O:11][CH3:12])=[CH:13][C:14]([O:15][CH3:16])=[CH2:17].[CH3:1][O:2][C:3](=[O:4])[C:5]1=[CH:6][C:7](=[O:8])[CH:9]=[CH:18][C:19]1=[O:20]>>[CH3:1][O:2][C:3](=[O:4])[C:5]1=[CH:6][C:7](=[O:8])[CH:9]2[CH:10]([O:11][CH3:12])[CH:13]=[C:14]([O:15][CH3:16])[CH2:17][CH:18]2[C:19]1=[O:20],0.006801209087001325
259,[CH2:10]=[C:11]([O:12][CH3:13])[CH:14]=[CH:15][O:16][CH3:17].[CH3:1][O:2][C:3](=[O:4])[C:5]1=[CH:6][C:7](=[O:8])[CH:9]=[CH:18][C:19]1=[O:20]>>[CH3:1][O:2][C:3](=[O:4])[C:5]1=[CH:6][C:7](=[O:8])[CH:9]2[CH2:10][C:11]([O:12][CH3:13])=[CH:14][CH:15]([O:16][CH3:17])[CH:18]2[C:19]1=[O:20],0.0027114910780028367
260,[CH2:6]=[C:7]([O:8][CH3:9])[CH:10]=[CH:11][O:12][CH3:13].[CH3:1][O:2][C:3](=[O:4])[C:5]1=[CH:14][C:15](=[O:16])[CH:17]=[CH:18][C:19]1=[O:20]>>[CH3:1][O:2][C:3](=[O:4])[C:5]12[CH2:6][C:7]([O:8][CH3:9])=[CH:10][CH:11]([O:12][CH3:13])[CH:14]1[C:15](=[O:16])[CH:17]=[CH:18][C:19]2=[O:20],0.0034279266270047515
261,[CH:13]1=[CH:14][CH:15]=[CH:16][CH2:17]1.[O:1]=[C:2]1[CH:3]=[CH:4][CH2:5][CH2:6][CH:7]2[CH:8]3[CH2:9][CH:10]([CH:11]12)[CH:12]=[CH:18]3>>[O:1]=[C:2]1[CH:3]=[CH:4][CH2:5][CH2:6][CH:7]2[CH:8]3[CH2:9][CH:10]([CH:11]12)[CH:12]1[CH:13]2[CH:14]=[CH:15][CH:16]([CH2:17]2)[CH:18]31,0.02750394569600445
262,[CH:4]1=[CH:8][CH:7]=[CH:6][CH2:5]1.[O:1]=[C:2]1[CH:3]=[CH:9][CH2:10][CH2:11][CH:12]2[CH:13]3[CH:14]=[CH:15][CH:16]([CH2:17]3)[CH:18]12>>[O:1]=[C:2]1[CH:3]2[CH:4]3[CH:5]=[CH:6][CH:7]([CH2:8]3)[CH:9]2[CH2:10][CH2:11][CH:12]2[CH:13]3[CH:14]=[CH:15][CH:16]([CH2:17]3)[CH:18]12,0.01824381111300255
263,[CH2:12]=[CH:13][CH:14]=[O:15].[CH3:1][C:2]12[C:3](=[O:4])[CH:5]=[CH:6][N:7]1[CH:8]=[CH:9][CH:10]=[CH:11]2>>[CH3:1][C:2]12[C:3](=[O:4])[CH:5]=[CH:6][N:7]1[CH:8]1[CH:9]=[CH:10][CH:11]2[CH2:12][CH:13]1[CH:14]=[O:15],0.007252625101003218
264,[CH:12]([CH:13]=[O:14])=[CH2:15].[CH3:1][C:2]12[C:3](=[O:4])[CH:5]=[CH:6][N:7]1[CH:8]=[CH:9][CH:10]=[CH:11]2>>[CH3:1][C:2]12[C:3](=[O:4])[CH:5]=[CH:6][N:7]1[CH:8]1[CH:9]=[CH:10][CH:11]2[CH:12]([CH:13]=[O:14])[CH2:15]1,0.012262683165999988
265,[CH2:1]=[C:2]([CH:3]=[CH2:4])[CH3:15].[CH:5]1=[CH:14][C:12](=[O:13])[C:10]([CH3:11])=[C:8]([CH3:9])[C:6]1=[O:7]>>[CH3:1][C:2]1=[CH:3][CH2:4][CH:5]2[C:6](=[O:7])[C:8]([CH3:9])=[C:10]([CH3:11])[C:12](=[O:13])[CH:14]2[CH2:15]1,0.0011469777410013648
266,[CH2:1]=[C:2]([CH:3]=[CH2:4])[CH3:15].[C:5]1([CH3:6])=[C:13]([CH3:14])[C:11](=[O:12])[CH:10]=[CH:9][C:7]1=[O:8]>>[CH3:1][C:2]1=[CH:3][CH2:4][C:5]2([CH3:6])[C:7](=[O:8])[CH:9]=[CH:10][C:11](=[O:12])[C:13]2([CH3:14])[CH2:15]1,0.008786779720999505
267,[CH2:8]=[CH:9][c:10]1[cH:11][cH:12][cH:13][cH:14][cH:15]1.[CH3:1][C:2]([CH3:3])([CH3:4])[C:5]1=[CH:16][C:17](=[O:18])[C:19](=[O:20])[CH:7]=[CH:6]1>>[CH3:1][C:2]([CH3:3])([CH3:4])[C:5]1=[CH:6][CH:7]2[CH2:8][CH:9]([c:10]3[cH:11][cH:12][cH:13][cH:14][cH:15]3)[CH:16]1[C:17](=[O:18])[C:19]2=[O:20],0.00670446889299825
268,[CH2:13]=[CH:14][c:15]1[cH:16][cH:17][cH:18][cH:19][cH:20]1.[CH3:1][C:2]([CH3:3])([CH3:4])[C:5]1=[CH:7][C:8](=[O:9])[C:10](=[O:11])[CH:12]=[CH:6]1>>[CH3:1][C:2]([CH3:3])([CH3:4])[C:5]1=[CH:6][CH:7]2[C:8](=[O:9])[C:10](=[O:11])[CH:12]1[CH2:13][CH:14]2[c:15]1[cH:16][cH:17][cH:18][cH:19][cH:20]1,0.007534025796999799
269,[CH:13]1=[CH:14][CH:15]=[CH:16][CH2:17]1.[CH3:1][C:2]1([CH3:3])[CH2:4][CH:5]([OH:6])[C:7]2=[C:8]([S:9]1)[C:10](=[O:11])[CH:12]=[CH:18][C:19]2=[O:20]>>[CH3:1][C:2]1([CH3:3])[CH2:4][CH:5]([OH:6])[C:7]2=[C:8]([S:9]1)[C:10](=[O:11])[CH:12]1[CH:13]3[CH:14]=[CH:15][CH:16]([CH2:17]3)[CH:18]1[C:19]2=[O:20],0.0025322726310008647
270,[CH:16]1=[CH:17][CH:18]=[CH:19][CH2:20]1.[CH3:1][C:2]1([CH3:3])[CH2:4][CH:5]([OH:6])[C:7]2=[C:14]([C:12](=[O:13])[CH:11]=[CH:10][C:8]2=[O:9])[S:15]1>>[CH3:1][C:2]1([CH3:3])[CH2:4][CH:5]([OH:6])[C:7]23[C:8](=[O:9])[CH:10]=[CH:11][C:12](=[O:13])[C:14]2([S:15]1)[CH:16]1[CH:17]=[CH:18][CH:19]3[CH2:20]1,0.019134667418001072
271,[CH:8]1=[CH:9][CH:10]=[CH:11][CH2:12]1.[CH3:1][CH2:2][C:3]1=[CH:4][C:5](=[O:6])[CH:7]=[CH:13][C:14]1=[O:15]>>[CH3:1][CH2:2][C:3]1=[CH:4][C:5](=[O:6])[CH:7]2[CH:8]3[CH:9]=[CH:10][CH:11]([CH2:12]3)[CH:13]2[C:14]1=[O:15],0.0025958531830028164
272,[CH:11]1=[CH:12][CH:13]=[CH:14][CH2:15]1.[CH3:1][CH2:2][C:3]1=[CH:10][C:8](=[O:9])[CH:7]=[CH:6][C:4]1=[O:5]>>[CH3:1][CH2:2][C:3]12[C:4](=[O:5])[CH:6]=[CH:7][C:8](=[O:9])[CH:10]1[CH:11]1[CH:12]=[CH:13][CH:14]2[CH2:15]1,0.0063743503040001315
273,[CH3:1][O:2][c:3]1[cH:4][cH:5][c:6]2[c:7]([cH:8]1)[CH2:9][CH2:10][CH:11]=[C:12]2[CH:13]=[CH2:14].[CH:15]1=[C:23]([CH3:24])[C:21](=[O:22])[CH:20]=[C:18]([CH3:19])[C:16]1=[O:17]>>[CH3:1][O:2][c:3]1[cH:4][cH:5][c:6]2[c:7]([cH:8]1)[CH2:9][CH2:10][CH:11]1[C:12]2=[CH:13][CH2:14][CH:15]2[C:16](=[O:17])[C:18]([CH3:19])=[CH:20][C:21](=[O:22])[C:23]12[CH3:24],0.0030402997559946243
274,[CH3:1][O:2][c:3]1[cH:4][cH:5][c:6]2[c:7]([cH:8]1)[CH2:9][CH2:10][CH:11]=[C:12]2[CH:13]=[CH2:14].[C:15]1([CH3:16])=[CH:24][C:22](=[O:23])[C:20]([CH3:21])=[CH:19][C:17]1=[O:18]>>[CH3:1][O:2][c:3]1[cH:4][cH:5][c:6]2[c:7]([cH:8]1)[CH2:9][CH2:10][CH:11]1[C:12]2=[CH:13][CH2:14][C:15]2([CH3:16])[C:17](=[O:18])[CH:19]=[C:20]([CH3:21])[C:22](=[O:23])[CH:24]12,0.0046655149210010904
275,[CH:15]([CH:16]=[O:17])=[CH2:18].[CH2:1]=[CH:2][CH2:3][CH2:4][C:5]12[C:6](=[O:7])[CH:8]=[CH:9][N:10]1[CH:11]=[CH:12][CH:13]=[CH:14]2>>[CH2:1]=[CH:2][CH2:3][CH2:4][C:5]12[C:6](=[O:7])[CH:8]=[CH:9][N:10]1[CH:11]1[CH:12]=[CH:13][CH:14]2[CH:15]([CH:16]=[O:17])[CH2:18]1,0.01346870451599358
276,[CH2:15]=[CH:16][CH:17]=[O:18].[CH2:1]=[CH:2][CH2:3][CH2:4][C:5]12[C:6](=[O:7])[CH:8]=[CH:9][N:10]1[CH:11]=[CH:12][CH:13]=[CH:14]2>>[CH2:1]=[CH:2][CH2:3][CH2:4][C:5]12[C:6](=[O:7])[CH:8]=[CH:9][N:10]1[CH:11]1[CH:12]=[CH:13][CH:14]2[CH2:15][CH:16]1[CH:17]=[O:18],0.008702658714000222
277,[CH2:15]=[C:16]([Cl:17])[C:18]#[N:19].[CH2:1]=[CH:2][CH2:3][CH2:4][C:5]12[C:6](=[O:7])[CH:8]=[CH:9][N:10]1[CH:11]=[CH:12][CH:13]=[CH:14]2>>[CH2:1]=[CH:2][CH2:3][CH2:4][C:5]12[C:6](=[O:7])[CH:8]=[CH:9][N:10]1[CH:11]1[CH:12]=[CH:13][CH:14]2[CH2:15][C:16]1([Cl:17])[C:18]#[N:19],0.010141610217999641
278,[C:15]([Cl:16])([C:17]#[N:18])=[CH2:19].[CH2:1]=[CH:2][CH2:3][CH2:4][C:5]12[C:6](=[O:7])[CH:8]=[CH:9][N:10]1[CH:11]=[CH:12][CH:13]=[CH:14]2>>[CH2:1]=[CH:2][CH2:3][CH2:4][C:5]12[C:6](=[O:7])[CH:8]=[CH:9][N:10]1[CH:11]1[CH:12]=[CH:13][CH:14]2[C:15]([Cl:16])([C:17]#[N:18])[CH2:19]1,0.01767821574600248
279,[CH3:1][c:2]1[cH:3][cH:4][c:5]([CH:6]=[CH2:7])[cH:20][cH:21]1.[CH:8]1=[C:15]([C:16]([CH3:17])([CH3:18])[CH3:19])[CH:14]=[CH:13][C:11](=[O:12])[C:9]1=[O:10]>>[CH3:1][c:2]1[cH:3][cH:4][c:5]([CH:6]2[CH2:7][CH:8]3[C:9](=[O:10])[C:11](=[O:12])[CH:13]2[CH:14]=[C:15]3[C:16]([CH3:17])([CH3:18])[CH3:19])[cH:20][cH:21]1,0.00799985914500212
280,[CH3:1][c:2]1[cH:3][cH:4][c:5]([CH:6]=[CH2:7])[cH:20][cH:21]1.[CH:8]1=[CH:9][C:10]([C:11]([CH3:12])([CH3:13])[CH3:14])=[CH:15][C:16](=[O:17])[C:18]1=[O:19]>>[CH3:1][c:2]1[cH:3][cH:4][c:5]([CH:6]2[CH2:7][CH:8]3[CH:9]=[C:10]([C:11]([CH3:12])([CH3:13])[CH3:14])[CH:15]2[C:16](=[O:17])[C:18]3=[O:19])[cH:20][cH:21]1,0.00728425314500214
281,[CH3:1][O:2][CH:3]=[CH:4][CH:5]=[CH2:6].[C:7]1([C:8]#[N:9])=[CH:17][O:16][C:13]([CH3:14])([CH3:15])[CH2:12][C:10]1=[O:11]>>[CH3:1][O:2][CH:3]1[CH:4]=[CH:5][CH2:6][C:7]2([C:8]#[N:9])[C:10](=[O:11])[CH2:12][C:13]([CH3:14])([CH3:15])[O:16][CH:17]12,0.025171137258006127
282,[CH3:1][O:2][CH:3]=[CH:4][CH:5]=[CH2:6].[CH:7]1=[C:15]([C:16]#[N:17])[C:13](=[O:14])[CH2:12][C:9]([CH3:10])([CH3:11])[O:8]1>>[CH3:1][O:2][CH:3]1[CH:4]=[CH:5][CH2:6][CH:7]2[O:8][C:9]([CH3:10])([CH3:11])[CH2:12][C:13](=[O:14])[C:15]12[C:16]#[N:17],0.006010036442994249
283,[CH:6]1=[CH:7][CH:8]=[C:9]([CH2:10][O:11][CH2:12][c:13]2[cH:14][cH:15][cH:16][cH:17][cH:18]2)[C:19]12[CH2:20][CH2:21]2.[N:1]#[C:2][C:3]([Cl:4])=[CH2:5]>>[N:1]#[C:2][C:3]1([Cl:4])[CH2:5][CH:6]2[CH:7]=[CH:8][C:9]1([CH2:10][O:11][CH2:12][c:13]1[cH:14][cH:15][cH:16][cH:17][cH:18]1)[C:19]21[CH2:20][CH2:21]1,0.0052915442609986485
284,[C:6]1([CH2:7][O:8][CH2:9][c:10]2[cH:11][cH:12][cH:13][cH:14][cH:15]2)=[CH:16][CH:17]=[CH:18][C:19]12[CH2:20][CH2:21]2.[N:1]#[C:2][C:3]([Cl:4])=[CH2:5]>>[N:1]#[C:2][C:3]1([Cl:4])[CH2:5][C:6]2([CH2:7][O:8][CH2:9][c:10]3[cH:11][cH:12][cH:13][cH:14][cH:15]3)[CH:16]=[CH:17][CH:18]1[C:19]21[CH2:20][CH2:21]1,0.012380590745003417
285,[CH:10]1=[CH:14][CH:13]=[CH:12][CH2:11]1.[CH3:1][S:2](=[O:3])(=[O:4])[C:5]1=[CH:6][CH:7]=[C:8]([Cl:9])[S:15]1(=[O:16])=[O:17]>>[CH3:1][S:2](=[O:3])(=[O:4])[C:5]12[CH:6]=[CH:7][C:8]([Cl:9])([CH:10]3[CH2:11][CH:12]=[CH:13][CH:14]13)[S:15]2(=[O:16])=[O:17],0.009641567687999952
286,[CH:10]1=[CH:14][CH2:13][CH:12]=[CH:11]1.[CH3:1][S:2](=[O:3])(=[O:4])[C:5]1=[CH:6][CH:7]=[C:8]([Cl:9])[S:15]1(=[O:16])=[O:17]>>[CH3:1][S:2](=[O:3])(=[O:4])[C:5]12[CH:6]=[CH:7][C:8]([Cl:9])([CH:10]3[CH:11]=[CH:12][CH2:13][CH:14]13)[S:15]2(=[O:16])=[O:17],0.0031646035600019218
287,[CH:6]1=[CH:10][CH:9]=[CH:8][CH2:7]1.[CH3:1][S:2](=[O:3])(=[O:4])[C:5]1=[CH:11][CH:12]=[C:13]([Cl:14])[S:15]1(=[O:16])=[O:17]>>[CH3:1][S:2](=[O:3])(=[O:4])[C:5]12[CH:6]3[CH:7]=[CH:8][CH:9]([CH2:10]3)[CH:11]1[CH:12]=[C:13]([Cl:14])[S:15]2(=[O:16])=[O:17],0.003966028010005118
288,[CH:8]1=[CH:9][CH:10]=[CH:11][CH2:12]1.[CH3:1][S:2](=[O:3])(=[O:4])[C:5]1=[CH:6][CH:7]=[C:13]([Cl:14])[S:15]1(=[O:16])=[O:17]>>[CH3:1][S:2](=[O:3])(=[O:4])[C:5]1=[CH:6][CH:7]2[CH:8]3[CH:9]=[CH:10][CH:11]([CH2:12]3)[C:13]2([Cl:14])[S:15]1(=[O:16])=[O:17],0.006109724400999994
289,[CH:13]1=[CH:14][CH:15]=[CH:16][CH2:17]1.[CH3:1][C:2](=[O:3])[C:4]1=[C:11]([Cl:12])[C:9](=[O:10])[CH:8]=[CH:7][C:5]1=[O:6]>>[CH3:1][C:2](=[O:3])[C:4]12[C:5](=[O:6])[CH:7]=[CH:8][C:9](=[O:10])[C:11]1([Cl:12])[CH:13]1[CH:14]=[CH:15][CH:16]2[CH2:17]1,0.010075250300999983
290,[CH:10]1=[CH:11][CH:12]=[CH:13][CH2:14]1.[CH3:1][C:2](=[O:3])[C:4]1=[C:5]([Cl:6])[C:7](=[O:8])[CH:9]=[CH:15][C:16]1=[O:17]>>[CH3:1][C:2](=[O:3])[C:4]1=[C:5]([Cl:6])[C:7](=[O:8])[CH:9]2[CH:10]3[CH:11]=[CH:12][CH:13]([CH2:14]3)[CH:15]2[C:16]1=[O:17],0.007428267720996473
291,[CH3:1][C:2]([CH3:3])=[CH:4][CH:5]=[CH:6][C:7]([CH3:8])=[CH:9][CH3:10].[CH:11]1=[CH:17][C:15](=[O:16])[O:14][C:12]1=[O:13]>>[CH3:1][C:2]([CH3:3])=[CH:4][CH:5]1[CH:6]=[C:7]([CH3:8])[CH:9]([CH3:10])[CH:11]2[C:12](=[O:13])[O:14][C:15](=[O:16])[CH:17]12,0.01034325733600383
292,[CH3:1][CH:2]=[C:3]([CH3:4])[CH:5]=[CH:6][CH:7]=[C:8]([CH3:9])[CH3:10].[CH:11]1=[CH:17][C:15](=[O:16])[O:14][C:12]1=[O:13]>>[CH3:1][CH:2]=[C:3]([CH3:4])[CH:5]1[CH:6]=[CH:7][C:8]([CH3:9])([CH3:10])[CH:11]2[C:12](=[O:13])[O:14][C:15](=[O:16])[CH:17]12,0.015252956524001604
293,[CH:14]1=[CH:15][CH:16]=[CH:17][CH2:18]1.[CH3:1][O:2][C:3]1([O:4][CH3:5])[CH:6]2[CH:7]=[CH:8][CH:9]1[CH:10]1[C:11](=[O:12])[CH:13]=[CH:19][C:20](=[O:21])[CH:22]21>>[CH3:1][O:2][C:3]1([O:4][CH3:5])[CH:6]2[CH:7]=[CH:8][CH:9]1[CH:10]1[C:11](=[O:12])[CH:13]3[CH:14]4[CH:15]=[CH:16][CH:17]([CH2:18]4)[CH:19]3[C:20](=[O:21])[CH:22]21,0.002079090429006669
294,[CH:17]1=[CH:18][CH:19]=[CH:20][CH2:21]1.[CH3:1][O:2][C:3]1([O:4][CH3:5])[CH:6]2[CH:7]=[CH:14][CH:15]1[CH:16]1[C:8](=[O:9])[CH:10]=[CH:11][C:12](=[O:13])[CH:22]21>>[CH3:1][O:2][C:3]1([O:4][CH3:5])[CH:6]2[CH:7]3[C:8](=[O:9])[CH:10]=[CH:11][C:12](=[O:13])[CH:14]3[CH:15]1[CH:16]1[CH:17]3[CH:18]=[CH:19][CH:20]([CH2:21]3)[CH:22]21,0.03632081019499367
295,[CH:6]1=[CH:10][CH2:9][CH:8]=[CH:7]1.[O:1]=[P:2]([CH:3]=[C:4]=[CH2:5])([c:11]1[cH:12][cH:13][cH:14][cH:15][cH:16]1)[c:17]1[cH:18][cH:19][cH:20][cH:21][cH:22]1>>[O:1]=[P:2]([CH:3]=[C:4]1[CH2:5][CH:6]2[CH:7]=[CH:8][CH:9]1[CH2:10]2)([c:11]1[cH:12][cH:13][cH:14][cH:15][cH:16]1)[c:17]1[cH:18][cH:19][cH:20][cH:21][cH:22]1,0.02111266973099646
296,[CH2:3]1[CH:4]=[CH:5][CH:6]=[CH:7]1.[CH2:1]=[C:2]=[CH:8][P:9](=[O:10])([c:11]1[cH:12][cH:13][cH:14][cH:15][cH:16]1)[c:17]1[cH:18][cH:19][cH:20][cH:21][cH:22]1>>[CH2:1]=[C:2]1[CH:3]2[CH:4]=[CH:5][CH:6]([CH2:7]2)[CH:8]1[P:9](=[O:10])([c:11]1[cH:12][cH:13][cH:14][cH:15][cH:16]1)[c:17]1[cH:18][cH:19][cH:20][cH:21][cH:22]1,0.023587615435999965
297,[CH2:8]=[CH:9][CH:10]=[CH:11][O:12][Si:13]([CH3:14])([CH3:15])[C:16]([CH3:17])([CH3:18])[CH3:19].[CH3:1][O:2][CH:3]1[O:4][C:5](=[O:6])[CH:7]=[CH:20]1>>[CH3:1][O:2][CH:3]1[O:4][C:5](=[O:6])[CH:7]2[CH2:8][CH:9]=[CH:10][CH:11]([O:12][Si:13]([CH3:14])([CH3:15])[C:16]([CH3:17])([CH3:18])[CH3:19])[CH:20]12,0.012889973466997162
298,[CH:8]([O:9][Si:10]([CH3:11])([CH3:12])[C:13]([CH3:14])([CH3:15])[CH3:16])=[CH:17][CH:18]=[CH2:19].[CH3:1][O:2][CH:3]1[O:4][C:5](=[O:6])[CH:7]=[CH:20]1>>[CH3:1][O:2][CH:3]1[O:4][C:5](=[O:6])[CH:7]2[CH:8]([O:9][Si:10]([CH3:11])([CH3:12])[C:13]([CH3:14])([CH3:15])[CH3:16])[CH:17]=[CH:18][CH2:19][CH:20]12,0.011851073624001174
299,[CH:11]1=[C:17]([CH3:18])[C:15](=[O:16])[O:14][C:12]1=[O:13].[CH3:1][CH:2]=[C:3]([CH3:4])[CH:5]=[CH:6][CH:7]=[C:8]([CH3:9])[CH3:10]>>[CH3:1][CH:2]=[C:3]([CH3:4])[CH:5]1[CH:6]=[CH:7][C:8]([CH3:9])([CH3:10])[CH:11]2[C:12](=[O:13])[O:14][C:15](=[O:16])[C:17]12[CH3:18],0.0173916342459961
300,[C:11]1([CH3:12])=[CH:18][C:16](=[O:17])[O:15][C:13]1=[O:14].[CH3:1][CH:2]=[C:3]([CH3:4])[CH:5]=[CH:6][CH:7]=[C:8]([CH3:9])[CH3:10]>>[CH3:1][CH:2]=[C:3]([CH3:4])[CH:5]1[CH:6]=[CH:7][C:8]([CH3:9])([CH3:10])[C:11]2([CH3:12])[C:13](=[O:14])[O:15][C:16](=[O:17])[CH:18]12,0.02262757580500363
301,[C:11]1([CH3:12])=[CH:18][C:16](=[O:17])[O:15][C:13]1=[O:14].[CH3:1][C:2]([CH3:3])=[CH:4][CH:5]=[CH:6][C:7]([CH3:8])=[CH:9][CH3:10]>>[CH3:1][C:2]([CH3:3])=[CH:4][CH:5]1[CH:6]=[C:7]([CH3:8])[CH:9]([CH3:10])[C:11]2([CH3:12])[C:13](=[O:14])[O:15][C:16](=[O:17])[CH:18]12,0.02281744853600287
302,[CH:11]1=[C:17]([CH3:18])[C:15](=[O:16])[O:14][C:12]1=[O:13].[CH3:1][C:2]([CH3:3])=[CH:4][CH:5]=[CH:6][C:7]([CH3:8])=[CH:9][CH3:10]>>[CH3:1][C:2]([CH3:3])=[CH:4][CH:5]1[CH:6]=[C:7]([CH3:8])[CH:9]([CH3:10])[CH:11]2[C:12](=[O:13])[O:14][C:15](=[O:16])[C:17]12[CH3:18],0.006217643525999961
303,[CH:13]([C:14](=[O:15])[O:16][CH3:17])=[CH2:18].[CH3:1][CH2:2][C:3](=[O:4])[N:5]([CH:6]([CH3:7])[CH3:8])[CH:9]=[CH:10][CH:11]=[CH2:12]>>[CH3:1][CH2:2][C:3](=[O:4])[N:5]([CH:6]([CH3:7])[CH3:8])[CH:9]1[CH:10]=[CH:11][CH2:12][CH:13]([C:14](=[O:15])[O:16][CH3:17])[CH2:18]1,0.012636106327001073
304,[CH2:13]=[CH:14][C:15](=[O:16])[O:17][CH3:18].[CH3:1][CH2:2][C:3](=[O:4])[N:5]([CH:6]([CH3:7])[CH3:8])[CH:9]=[CH:10][CH:11]=[CH2:12]>>[CH3:1][CH2:2][C:3](=[O:4])[N:5]([CH:6]([CH3:7])[CH3:8])[CH:9]1[CH:10]=[CH:11][CH2:12][CH2:13][CH:14]1[C:15](=[O:16])[O:17][CH3:18],0.012663520414996299
305,[CH2:6]=[CH:7][C:8]1=[CH:19][CH2:18][CH2:17][c:16]2[c:9]1[cH:10][cH:11][c:12]([O:13][CH3:14])[cH:15]2.[CH3:1][O:2][C:3](=[O:4])[C:5]1=[CH:20][CH2:21][CH2:22][C:23]1=[O:24]>>[CH3:1][O:2][C:3](=[O:4])[C:5]12[CH2:6][CH:7]=[C:8]3[c:9]4[cH:10][cH:11][c:12]([O:13][CH3:14])[cH:15][c:16]4[CH2:17][CH2:18][CH:19]3[CH:20]1[CH2:21][CH2:22][C:23]2=[O:24],0.01079369897600202
306,[CH2:11]=[CH:12][C:13]1=[CH:24][CH2:23][CH2:22][c:21]2[c:14]1[cH:15][cH:16][c:17]([O:18][CH3:19])[cH:20]2.[CH3:1][O:2][C:3](=[O:4])[C:5]1=[CH:10][CH2:9][CH2:8][C:6]1=[O:7]>>[CH3:1][O:2][C:3](=[O:4])[C:5]12[C:6](=[O:7])[CH2:8][CH2:9][CH:10]1[CH2:11][CH:12]=[C:13]1[c:14]3[cH:15][cH:16][c:17]([O:18][CH3:19])[cH:20][c:21]3[CH2:22][CH2:23][CH:24]21,0.008657543369992027
307,[CH3:1][Si:2]([CH3:3])([CH3:4])[O:5][C:6]([CH:7]=[CH2:8])=[CH2:11].[CH:9]1=[CH:10][c:12]2[cH:13][cH:14][cH:15][cH:16][c:17]2[S:18]1(=[O:19])=[O:20]>>[CH3:1][Si:2]([CH3:3])([CH3:4])[O:5][C:6]1=[CH:7][CH2:8][CH:9]2[CH:10]([CH2:11]1)[c:12]1[cH:13][cH:14][cH:15][cH:16][c:17]1[S:18]2(=[O:19])=[O:20],0.013832114340004864
308,[CH3:1][Si:2]([CH3:3])([CH3:4])[O:5][C:6]([CH:7]=[CH2:8])=[CH2:20].[CH:9]1=[CH:19][S:16](=[O:17])(=[O:18])[c:15]2[c:10]1[cH:11][cH:12][cH:13][cH:14]2>>[CH3:1][Si:2]([CH3:3])([CH3:4])[O:5][C:6]1=[CH:7][CH2:8][CH:9]2[c:10]3[cH:11][cH:12][cH:13][cH:14][c:15]3[S:16](=[O:17])(=[O:18])[CH:19]2[CH2:20]1,0.01000398941600622
309,[CH3:1][C:2]([CH3:3])([CH3:4])[Si:5]([CH3:6])([CH3:7])[O:8][C:9]([CH:10]=[CH2:11])=[CH2:17].[CH:12]1=[CH:16][C:14](=[O:15])[CH2:13]1>>[CH3:1][C:2]([CH3:3])([CH3:4])[Si:5]([CH3:6])([CH3:7])[O:8][C:9]1=[CH:10][CH2:11][CH:12]2[CH2:13][C:14](=[O:15])[CH:16]2[CH2:17]1,0.0067032281179990605
310,[CH3:1][C:2]([CH3:3])([CH3:4])[Si:5]([CH3:6])([CH3:7])[O:8][C:9]([CH:10]=[CH2:11])=[CH2:17].[CH:12]1=[CH:16][CH2:15][C:13]1=[O:14]>>[CH3:1][C:2]([CH3:3])([CH3:4])[Si:5]([CH3:6])([CH3:7])[O:8][C:9]1=[CH:10][CH2:11][CH:12]2[C:13](=[O:14])[CH2:15][CH:16]2[CH2:17]1,0.004800067634000982
311,[CH:13]1=[CH:14][CH:15]=[CH:16][CH2:17]1.[CH3:1][C:2]([CH2:3][CH2:4][C:5]1=[CH:6][C:7](=[O:8])[O:9][C:10]1=[O:11])=[CH2:12]>>[CH3:1][C:2]1([CH2:3][CH2:4][C:5]2=[CH:6][C:7](=[O:8])[O:9][C:10]2=[O:11])[CH2:12][CH:13]2[CH:14]=[CH:15][CH:16]1[CH2:17]2,0.029376292527999226
312,[CH:13]1=[CH:14][CH:15]=[CH:16][CH2:17]1.[CH2:1]=[C:2]([CH3:3])[CH2:4][CH2:5][C:6]1=[CH:12][C:10](=[O:11])[O:9][C:7]1=[O:8]>>[CH2:1]=[C:2]([CH3:3])[CH2:4][CH2:5][C:6]12[C:7](=[O:8])[O:9][C:10](=[O:11])[CH:12]1[CH:13]1[CH:14]=[CH:15][CH:16]2[CH2:17]1,0.008227641200001301
313,[CH:13]1=[CH:14][CH:15]=[CH:16][CH2:17]1.[N:1]#[C:2][C:3]1=[C:10]([C:11]#[N:12])[C:8](=[O:9])[CH:7]=[CH:6][C:4]1=[O:5]>>[N:1]#[C:2][C:3]12[C:4](=[O:5])[CH:6]=[CH:7][C:8](=[O:9])[C:10]1([C:11]#[N:12])[CH:13]1[CH:14]=[CH:15][CH:16]2[CH2:17]1,0.00026953073700042296
314,[CH:10]1=[CH:11][CH:12]=[CH:13][CH2:14]1.[N:1]#[C:2][C:3]1=[C:4]([C:5]#[N:6])[C:7](=[O:8])[CH:9]=[CH:15][C:16]1=[O:17]>>[N:1]#[C:2][C:3]1=[C:4]([C:5]#[N:6])[C:7](=[O:8])[CH:9]2[CH:10]3[CH:11]=[CH:12][CH:13]([CH2:14]3)[CH:15]2[C:16]1=[O:17],0.001214488846002837
315,[CH2:6]=[CH:7][C:8](=[CH2:9])[CH3:10].[CH3:1][O:2][C:3](=[O:4])[C:5]1=[CH:11][C:12]([CH3:13])([CH3:14])[CH2:15][CH2:16][C:17]1=[O:18]>>[CH3:1][O:2][C:3](=[O:4])[C:5]12[CH2:6][CH:7]=[C:8]([CH3:9])[CH2:10][CH:11]1[C:12]([CH3:13])([CH3:14])[CH2:15][CH2:16][C:17]2=[O:18],0.008544775986997877
316,[CH3:6][C:7](=[CH2:8])[CH:9]=[CH2:10].[CH3:1][O:2][C:3](=[O:4])[C:5]1=[CH:11][C:12]([CH3:13])([CH3:14])[CH2:15][CH2:16][C:17]1=[O:18]>>[CH3:1][O:2][C:3](=[O:4])[C:5]12[CH2:6][C:7]([CH3:8])=[CH:9][CH2:10][CH:11]1[C:12]([CH3:13])([CH3:14])[CH2:15][CH2:16][C:17]2=[O:18],0.010041206891997945
317,[CH:1]#[C:2][CH2:3][C:4]1([CH3:5])[C:6](=[O:7])[C:8]([CH3:9])=[CH:10][CH:11]=[CH:12]1.[CH:13]([C:14]#[N:15])=[CH2:16]>>[CH:1]#[C:2][CH2:3][C:4]1([CH3:5])[C:6](=[O:7])[C:8]2([CH3:9])[CH:10]=[CH:11][CH:12]1[CH:13]([C:14]#[N:15])[CH2:16]2,0.013017735396999797
318,[CH:1]#[C:2][CH2:3][C:4]1([CH3:5])[C:6](=[O:7])[C:8]([CH3:9])=[CH:10][CH:11]=[CH:12]1.[CH2:13]=[CH:14][C:15]#[N:16]>>[CH:1]#[C:2][CH2:3][C:4]1([CH3:5])[C:6](=[O:7])[C:8]2([CH3:9])[CH:10]=[CH:11][CH:12]1[CH2:13][CH:14]2[C:15]#[N:16],0.009690858833998561
