,reaction_idx,uid,substrates,products,reaction_smiles,label,simulation_idx
0,0,0,CC=CC=CO.C=C(C)S,CC1C=CC(O)CC1(C)S,CC=CC=CO.C=C(C)S>>CC1C=CC(O)CC1(C)S,0.0350592189470013,1
1,1,1,CC=CC=CC.C=C(C)F,CC1C=CC(C)C(C)(F)C1,CC=CC=CC.C=C(C)F>>CC1C=CC(C)C(C)(F)C1,0.0335107022380007,1
2,2,2,C=CC=CC.CC(F)=CO,CC1C=CCC(O)C1(C)F,C=CC=CC.CC(F)=CO>>CC1C=CCC(O)C1(C)F,0.0360287409409991,1
3,3,3,C=CC=CS.NC(O)=C(O)O,NC1(O)CC=CC(S)C1(O)O,C=CC=CS.NC(O)=C(O)O>>NC1(O)CC=CC(S)C1(O)O,0.0536032154560004,1
4,4,4,CC(O)=CC=CO.CC(C)=C(C)O,CC1(O)C=CC(O)C(C)(C)C1(C)O,CC(O)=CC=CO.CC(C)=C(C)O>>CC1(O)C=CC(O)C(C)(C)C1(C)O,0.0422801113859989,1
5,5,5,CC=CC=CC.CC=CO,CC1C=CC(C)C(O)C1C,CC=CC=CC.CC=CO>>CC1C=CC(C)C(O)C1C,0.0278805162080004,1
6,6,6,NC=CC=C(O)I.NC=CS,NC1C=CC(O)(I)C(N)C1S,NC=CC=C(O)I.NC=CS>>NC1C=CC(O)(I)C(N)C1S,0.0382467432200002,1
7,7,7,CC(O)=CC=CN.CC=CN,CC1C(N)C(N)C=CC1(C)O,CC(O)=CC=CN.CC=CN>>CC1C(N)C(N)C=CC1(C)O,0.0407099562959984,1
8,8,8,C=CC=C(C)Cl.C=CC,CC1CC=CC(C)(Cl)C1,C=CC=C(C)Cl.C=CC>>CC1CC=CC(C)(Cl)C1,0.0297208003280005,1
9,9,9,C=CC=CC.C=C(O)Br,CC1C=CCC(O)(Br)C1,C=CC=CC.C=C(O)Br>>CC1C=CCC(O)(Br)C1,0.0204945552300017,1
10,10,10,CC=CC=CS.CC(S)=CF,CC1C=CC(S)C(C)(S)C1F,CC=CC=CS.CC(S)=CF>>CC1C=CC(S)C(C)(S)C1F,0.0570149290729986,1
11,11,11,CC(I)=CC=CN.C=C(C)O,CC1(I)C=CC(N)CC1(C)O,CC(I)=CC=CN.C=C(C)O>>CC1(I)C=CC(N)CC1(C)O,0.0412525238520018,1
12,12,12,NC=CC=CO.CC(N)=CO,CC1(N)C(N)C=CC(O)C1O,NC=CC=CO.CC(N)=CO>>CC1(N)C(N)C=CC(O)C1O,0.0376511526360019,1
13,13,13,CC(O)=CC=C(O)O.NC(N)=CO,CC1(O)C=CC(O)(O)C(N)(N)C1O,CC(O)=CC=C(O)O.NC(N)=CO>>CC1(O)C=CC(O)(O)C(N)(N)C1O,0.0367113847590019,1
14,14,14,CC=CC=C(O)I.C=CC,CC1C=CC(O)(I)CC1C,CC=CC=C(O)I.C=CC>>CC1C=CC(O)(I)CC1C,0.0515376196369992,1
15,15,15,C=CC=CC.CC(C)=CBr,CC1C=CCC(Br)C1(C)C,C=CC=CC.CC(C)=CBr>>CC1C=CCC(Br)C1(C)C,0.0256700960540001,1
16,16,16,CC=CC=C(O)O.C=CS,CC1C=CC(O)(O)CC1S,CC=CC=C(O)O.C=CS>>CC1C=CC(O)(O)CC1S,0.0304889640940047,1
17,17,17,NC=CC=CN.CC=CO,CC1C(N)C=CC(N)C1O,NC=CC=CN.CC=CO>>CC1C(N)C=CC(N)C1O,0.0293758286409975,1
18,18,18,C=CC=C(N)S.C=CCl,NC1(S)C=CCCC1Cl,C=CC=C(N)S.C=CCl>>NC1(S)C=CCCC1Cl,0.0330237670740025,1
19,19,19,CC=CC=CC.OC(F)=CS,CC1C=CC(C)C(O)(F)C1S,CC=CC=CC.OC(F)=CS>>CC1C=CC(C)C(O)(F)C1S,0.0273570678880048,1
20,20,20,OC=CC=CCl.CC=CF,CC1C(Cl)C=CC(O)C1F,OC=CC=CCl.CC=CF>>CC1C(Cl)C=CC(O)C1F,0.0291589366409965,1
21,21,21,CC=CC=C(C)C.C=CBr,CC1C=CC(C)(C)CC1Br,CC=CC=C(C)C.C=CBr>>CC1C=CC(C)(C)CC1Br,0.0434612664619997,1
22,22,22,CC(C)=CC=CO.C=C(C)S,CC1(C)C=CC(O)CC1(C)S,CC(C)=CC=CO.C=C(C)S>>CC1(C)C=CC(O)CC1(C)S,0.052559163308004,1
23,23,23,CC(S)=CC=CO.CC=C(C)C,CC1C(O)C=CC(C)(S)C1(C)C,CC(S)=CC=CO.CC=C(C)C>>CC1C(O)C=CC(C)(S)C1(C)C,0.038341876129003,1
24,24,24,C=CC=CS.CC=CO,CC1CC=CC(S)C1O,C=CC=CS.CC=CO>>CC1CC=CC(S)C1O,0.0361985780589968,1
25,25,25,CC(I)=CC=CS.OC=CF,CC1(I)C=CC(S)C(F)C1O,CC(I)=CC=CS.OC=CF>>CC1(I)C=CC(S)C(F)C1O,0.0354859839260015,1
26,26,26,CC=CC=CN.OC=CCl,CC1C=CC(N)C(Cl)C1O,CC=CC=CN.OC=CCl>>CC1C=CC(N)C(Cl)C1O,0.0314063300120039,1
27,27,27,C=CC=CC.C=C(O)F,CC1C=CCC(O)(F)C1,C=CC=CC.C=C(O)F>>CC1C=CCC(O)(F)C1,0.021486813905998,1
28,28,28,CC=CC=C(C)C.C=CC,CC1C=CC(C)(C)CC1C,CC=CC=C(C)C.C=CC>>CC1C=CC(C)(C)CC1C,0.0480311932440002,1
29,29,29,CC=CC=CN.C=C(O)S,CC1C=CC(N)CC1(O)S,CC=CC=CN.C=C(O)S>>CC1C=CC(N)CC1(O)S,0.037498372249999,1
30,30,30,CC=CC=CO.CC=CN,CC1C=CC(O)C(N)C1C,CC=CC=CO.CC=CN>>CC1C=CC(O)C(N)C1C,0.0306376162319992,1
31,31,31,C=CC=CC.CC=C(O)O,CC1C=CCC(O)(O)C1C,C=CC=CC.CC=C(O)O>>CC1C=CCC(O)(O)C1C,0.0293342153560018,1
32,32,32,C=CC=CC.NC=C(O)O,CC1C=CCC(N)C1(O)O,C=CC=CC.NC=C(O)O>>CC1C=CCC(N)C1(O)O,0.0253430632250015,1
33,33,33,CC=CC=CC.C=CC,CC1C=CC(C)C(C)C1,CC=CC=CC.C=CC>>CC1C=CC(C)C(C)C1,0.0205520558549991,1
34,34,34,CC=CC=CCl.CC=C(O)O,CC1C=CC(Cl)C(C)C1(O)O,CC=CC=CCl.CC=C(O)O>>CC1C=CC(Cl)C(C)C1(O)O,0.0350696917800021,1
35,35,35,CC(C)=CC=C(O)F.CC=C(C)S,CC1C(O)(F)C=CC(C)(C)C1(C)S,CC(C)=CC=C(O)F.CC=C(C)S>>CC1C(O)(F)C=CC(C)(C)C1(C)S,0.0493621226050038,1
36,36,36,C=CC=CS.CC(C)=CF,CC1(C)C(S)C=CCC1F,C=CC=CS.CC(C)=CF>>CC1(C)C(S)C=CCC1F,0.0233112666560018,1
37,37,37,CC=CC=CC.CC=C(C)O,CC1C=CC(C)C(C)(O)C1C,CC=CC=CC.CC=C(C)O>>CC1C=CC(C)C(C)(O)C1C,0.0303733421069978,1
38,38,38,C=CC=C(C)I.CC(C)=CN,CC1(I)C=CCC(C)(C)C1N,C=CC=C(C)I.CC(C)=CN>>CC1(I)C=CCC(C)(C)C1N,0.021663218348003,1
39,39,39,NC=CC=C(O)S.C=C,NC1C=CC(O)(S)CC1,NC=CC=C(O)S.C=C>>NC1C=CC(O)(S)CC1,0.0491067015120023,1
40,40,40,C=CC=CS.C=C,SC1C=CCCC1,C=CC=CS.C=C>>SC1C=CCCC1,0.0141892014699998,1
41,41,41,OC1=CC=CC1.CC(N)=CCl,CC1(N)C2C=CC(O)(C2)C1Cl,OC1=CC=CC1.CC(N)=CCl>>CC1(N)C2C=CC(O)(C2)C1Cl,0.0282010386859994,1
42,42,42,CC=CC=C(C)N.C=CS,CC1C=CC(C)(N)CC1S,CC=CC=C(C)N.C=CS>>CC1C=CC(C)(N)CC1S,0.0531735175560008,1
43,43,43,CC=CC=C(O)S.CC(N)=C(O)S,CC1C=CC(O)(S)C(O)(S)C1(C)N,CC=CC=C(O)S.CC(N)=C(O)S>>CC1C=CC(O)(S)C(O)(S)C1(C)N,0.0373194265900025,1
44,44,44,C=CC=CCl.CC(C)=C(C)O,CC1(O)CC=CC(Cl)C1(C)C,C=CC=CCl.CC(C)=C(C)O>>CC1(O)CC=CC(Cl)C1(C)C,0.0592503415390055,1
45,45,45,OC=CC=CO.C=C(C)S,CC1(S)CC(O)C=CC1O,OC=CC=CO.C=C(C)S>>CC1(S)CC(O)C=CC1O,0.036829630035001,1
46,46,46,C=CC=CS.C=CC,CC1CCC=CC1S,C=CC=CS.C=CC>>CC1CCC=CC1S,0.0173228907829994,1
47,47,47,CC=CC=CN.C=C,CC1C=CC(N)CC1,CC=CC=CN.C=C>>CC1C=CC(N)CC1,0.0295056587440001,1
48,48,48,C=CC=CO.C=CN,NC1CC=CC(O)C1,C=CC=CO.C=CN>>NC1CC=CC(O)C1,0.0239976508539996,1
49,49,49,C=CC=CC.C=CO,CC1C=CCC(O)C1,C=CC=CC.C=CO>>CC1C=CCC(O)C1,0.020809947271001,1
50,50,50,NC=CC=CO.C=C(C)Cl,CC1(Cl)CC(O)C=CC1N,NC=CC=CO.C=C(C)Cl>>CC1(Cl)CC(O)C=CC1N,0.0328038352669963,1
51,51,51,CC=CC=CC.OC=CO,CC1C=CC(C)C(O)C1O,CC=CC=CC.OC=CO>>CC1C=CC(C)C(O)C1O,0.0351237635900005,1
52,52,52,C=CC=CBr.C=CO,OC1CC=CC(Br)C1,C=CC=CBr.C=CO>>OC1CC=CC(Br)C1,0.028550068662998,1
53,53,53,CC=CC=CN.NC=CO,CC1C=CC(N)C(N)C1O,CC=CC=CN.NC=CO>>CC1C=CC(N)C(N)C1O,0.0576148136119982,1
54,54,54,CC(C)=CC=CF.NC(S)=C(O)O,CC1(C)C=CC(F)C(N)(S)C1(O)O,CC(C)=CC=CF.NC(S)=C(O)O>>CC1(C)C=CC(F)C(N)(S)C1(O)O,0.056983822538001,1
55,55,55,CC=CC=CC.CC=C(C)S,CC1C=CC(C)C(C)(S)C1C,CC=CC=CC.CC=C(C)S>>CC1C=CC(C)C(C)(S)C1C,0.0366736414650006,1
56,56,56,C=CC=C(C)O.CC=CO,CC1CC=CC(C)(O)C1O,C=CC=C(C)O.CC=CO>>CC1CC=CC(C)(O)C1O,0.037834109584999,1
57,57,57,OC=CC=C(O)O.C=C(C)C,CC1(C)CC(O)C=CC1(O)O,OC=CC=C(O)O.C=C(C)C>>CC1(C)CC(O)C=CC1(O)O,0.0403586809820026,1
58,58,58,C=CC=C.C=C(C)C,CC1(C)CC=CCC1,C=CC=C.C=C(C)C>>CC1(C)CC=CCC1,0.020693083370002,1
59,59,59,CC(Br)=CC=CN.CC=C(C)S,CC1C(N)C=CC(C)(Br)C1(C)S,CC(Br)=CC=CN.CC=C(C)S>>CC1C(N)C=CC(C)(Br)C1(C)S,0.0396200177500034,1
60,60,60,CC=CC=CC.CC(C)=CO,CC1C=CC(C)C(C)(C)C1O,CC=CC=CC.CC(C)=CO>>CC1C=CC(C)C(C)(C)C1O,0.0404923605630003,1
61,61,61,C=CC=CC.C=C(C)N,CC1C=CCC(C)(N)C1,C=CC=CC.C=C(C)N>>CC1C=CCC(C)(N)C1,0.0215250406530032,1
62,62,62,CC(C)=CC=C(C)S.NC=CBr,CC1(C)C=CC(C)(S)C(N)C1Br,CC(C)=CC=C(C)S.NC=CBr>>CC1(C)C=CC(C)(S)C(N)C1Br,0.0581357606370005,1
63,63,63,OC=CC=CCl.C=CO,OC1C=CC(Cl)CC1O,OC=CC=CCl.C=CO>>OC1C=CC(Cl)CC1O,0.0540626488260009,1
64,64,64,CC=CC=C(N)O.CC=CO,CC1C=CC(N)(O)C(C)C1O,CC=CC=C(N)O.CC=CO>>CC1C=CC(N)(O)C(C)C1O,0.0361897644859965,1
65,65,65,ClC1=CC=CC1.C=CO,OC1CC2(Cl)C=CC1C2,ClC1=CC=CC1.C=CO>>OC1CC2(Cl)C=CC1C2,0.0250951289779983,1
66,66,66,CC(O)=CC=C(O)I.CC(O)=C(S)S,CC1(O)C=CC(O)(I)C(S)(S)C1(C)O,CC(O)=CC=C(O)I.CC(O)=C(S)S>>CC1(O)C=CC(O)(I)C(S)(S)C1(C)O,0.0564076702669993,1
67,67,67,CC=CC=CO.C=CBr,CC1C=CC(O)C(Br)C1,CC=CC=CO.C=CBr>>CC1C=CC(O)C(Br)C1,0.0195310744989996,1
68,68,68,CC(S)=CC=CO.CC=CS,CC1C(O)C=CC(C)(S)C1S,CC(S)=CC=CO.CC=CS>>CC1C(O)C=CC(C)(S)C1S,0.0311980626889933,1
69,69,69,C=CC=CC.CC=CN,CC1C=CCC(C)C1N,C=CC=CC.CC=CN>>CC1C=CCC(C)C1N,0.0235586222649999,1
70,70,70,C=CC=C(S)Br.OC=CS,OC1C(S)CC=CC1(S)Br,C=CC=C(S)Br.OC=CS>>OC1C(S)CC=CC1(S)Br,0.0462469526770021,1
71,71,71,CC=CC=CC.CC(O)=C(N)O,CC1C=CC(C)C(N)(O)C1(C)O,CC=CC=CC.CC(O)=C(N)O>>CC1C=CC(C)C(N)(O)C1(C)O,0.0450538587920021,1
72,8,72,C=CC=C(C)Cl.C=CC,CC1CC=CC(C)(Cl)C1,C=CC=C(C)Cl.C=CC>>CC1CC=CC(C)(Cl)C1,0.0306666406789979,1
73,72,73,C=CC=C.C=CO,OC1CC=CCC1,C=CC=C.C=CO>>OC1CC=CCC1,0.018173676341,1
74,73,74,C=CC=CN.CC=CN,CC1CC=CC(N)C1N,C=CC=CN.CC=CN>>CC1CC=CC(N)C1N,0.0220839421509992,1
75,74,75,OC=CC=C(O)S.CC=C(C)O,CC1C(O)(S)C=CC(O)C1(C)O,OC=CC=C(O)S.CC=C(C)O>>CC1C(O)(S)C=CC(O)C1(C)O,0.0372176904620005,1
76,75,76,CC(O)=CC=CN.C=CF,CC1(O)C=CC(N)CC1F,CC(O)=CC=CN.C=CF>>CC1(O)C=CC(N)CC1F,0.0229440741310043,1
77,76,77,NC(S)=CC=CO.NC=CO,NC1C(O)C(O)C=CC1(N)S,NC(S)=CC=CO.NC=CO>>NC1C(O)C(O)C=CC1(N)S,0.0588676919259967,1
78,77,78,CC(Cl)=CC=CN.CC=C(C)O,CC1C(C)(Cl)C=CC(N)C1(C)O,CC(Cl)=CC=CN.CC=C(C)O>>CC1C(C)(Cl)C=CC(N)C1(C)O,0.038342821274,1
79,78,79,NC=CC=CS.C=CC,CC1CC(S)C=CC1N,NC=CC=CS.C=CC>>CC1CC(S)C=CC1N,0.0321399994500026,1
80,79,80,C=CC=CS.CC=CC,CC1CC=CC(S)C1C,C=CC=CS.CC=CC>>CC1CC=CC(S)C1C,0.0203232044070027,1
81,80,81,C=CC=C(C)S.CC=CC,CC1CC=CC(C)(S)C1C,C=CC=C(C)S.CC=CC>>CC1CC=CC(C)(S)C1C,0.0337339375399992,1
82,81,82,C=CC=C.OC=CO,OC1CC=CCC1O,C=CC=C.OC=CO>>OC1CC=CCC1O,0.0244957609029974,1
83,82,83,C=CC=C.CC=CO,CC1CC=CCC1O,C=CC=C.CC=CO>>CC1CC=CCC1O,0.0206458287759971,1
84,83,84,C=CC=CO.CC=CO,CC1CC=CC(O)C1O,C=CC=CO.CC=CO>>CC1CC=CC(O)C1O,0.0323848818280012,1
85,84,85,CC(O)=CC=CI.C=CS,CC1(O)C=CC(I)CC1S,CC(O)=CC=CI.C=CS>>CC1(O)C=CC(I)CC1S,0.0420587722980023,1
86,85,86,CC=CC=C(C)O.C=CO,CC1C=CC(C)(O)CC1O,CC=CC=C(C)O.C=CO>>CC1C=CC(C)(O)CC1O,0.0334111156759959,1
87,86,87,CC=CC=CS.CC=CC,CC1C=CC(S)C(C)C1C,CC=CC=CS.CC=CC>>CC1C=CC(S)C(C)C1C,0.0514570927510007,1
88,87,88,CC=CC=CI.C=CC,CC1C=CC(I)C(C)C1,CC=CC=CI.C=CC>>CC1C=CC(I)C(C)C1,0.0241102149349998,1
89,88,89,CC=CC=CC.NC=CO,CC1C=CC(C)C(O)C1N,CC=CC=CC.NC=CO>>CC1C=CC(C)C(O)C1N,0.0278575879300007,1
90,89,90,OC=CC=CO.C=C(C)O,CC1(O)CC(O)C=CC1O,OC=CC=CO.C=C(C)O>>CC1(O)CC(O)C=CC1O,0.0428892303560033,1
91,90,91,CC=CC=C(C)S.OC=CI,CC1C=CC(C)(S)C(O)C1I,CC=CC=C(C)S.OC=CI>>CC1C=CC(C)(S)C(O)C1I,0.0393736332040006,1
92,91,92,OC=CC=CO.CC=C(N)O,CC1C(O)C=CC(O)C1(N)O,OC=CC=CO.CC=C(N)O>>CC1C(O)C=CC(O)C1(N)O,0.0365254299079964,1
93,33,93,CC=CC=CC.C=CC,CC1C=CC(C)C(C)C1,CC=CC=CC.C=CC>>CC1C=CC(C)C(C)C1,0.0205777844319996,1
94,92,94,CC(Cl)=CC=CO.NC=C(O)F,CC1(Cl)C=CC(O)C(N)C1(O)F,CC(Cl)=CC=CO.NC=C(O)F>>CC1(Cl)C=CC(O)C(N)C1(O)F,0.0411105092710002,1
95,93,95,C=CC=CS.CC(Br)=CO,CC1(Br)CC=CC(S)C1O,C=CC=CS.CC(Br)=CO>>CC1(Br)CC=CC(S)C1O,0.0299549835569976,1
96,94,96,OC(I)=CC=CS.CC=C(C)Cl,CC1C(S)C=CC(O)(I)C1(C)Cl,OC(I)=CC=CS.CC=C(C)Cl>>CC1C(S)C=CC(O)(I)C1(C)Cl,0.0529129647669961,1
97,95,97,NC=CC=CO.CC=CBr,CC1C(O)C=CC(N)C1Br,NC=CC=CO.CC=CBr>>CC1C(O)C=CC(N)C1Br,0.0414803984300036,1
98,96,98,C=CC=CO.CC(O)=C(C)O,CC1(O)CC=CC(O)C1(C)O,C=CC=CO.CC(O)=C(C)O>>CC1(O)CC=CC(O)C1(C)O,0.0354008058589983,1
99,97,99,OC=CC=CO.CC=C(C)S,CC1C(O)C=CC(O)C1(C)S,OC=CC=CO.CC=C(C)S>>CC1C(O)C=CC(O)C1(C)S,0.0393906989999948,1
100,98,100,CC=CC=C(O)S.C=CC,CC1C=CC(O)(S)CC1C,CC=CC=C(O)S.C=CC>>CC1C=CC(O)(S)CC1C,0.0502859023440009,1
101,99,101,C=CC=CCl.C=CS,SC1CC=CC(Cl)C1,C=CC=CCl.C=CS>>SC1CC=CC(Cl)C1,0.0271248360370002,1
102,100,102,C=CC=CC.CC(C)=C(C)O,CC1C=CCC(C)(O)C1(C)C,C=CC=CC.CC(C)=C(C)O>>CC1C=CCC(C)(O)C1(C)C,0.0300518551550013,1
103,101,103,NC=CC=CS.CC=C(C)N,CC1C(S)C=CC(N)C1(C)N,NC=CC=CS.CC=C(C)N>>CC1C(S)C=CC(N)C1(C)N,0.0397147962949944,1
104,102,104,CC=CC=C(C)C.OC(S)=CBr,CC1C=CC(C)(C)C(O)(S)C1Br,CC=CC=C(C)C.OC(S)=CBr>>CC1C=CC(C)(C)C(O)(S)C1Br,0.0531873307799983,1
105,103,105,CC=CC=C(C)O.C=CN,CC1C=CC(C)(O)CC1N,CC=CC=C(C)O.C=CN>>CC1C=CC(C)(O)CC1N,0.0354287890149969,1
106,104,106,C=CC=C(C)C.CC(N)=C(F)Cl,CC1(C)C=CCC(C)(N)C1(F)Cl,C=CC=C(C)C.CC(N)=C(F)Cl>>CC1(C)C=CCC(C)(N)C1(F)Cl,0.0583787528129988,1
107,105,107,C=CC=CO.CC=C(N)O,CC1C(O)C=CCC1(N)O,C=CC=CO.CC=C(N)O>>CC1C(O)C=CCC1(N)O,0.0307454470340005,1
108,106,108,CC(C)=CC=CI.CC=CC,CC1C(I)C=CC(C)(C)C1C,CC(C)=CC=CI.CC=CC>>CC1C(I)C=CC(C)(C)C1C,0.0458272416739973,1
109,107,109,CC=CC=CO.C=CC,CC1C=CC(O)C(C)C1,CC=CC=CO.C=CC>>CC1C=CC(O)C(C)C1,0.0234643736940007,1
110,108,110,C1=CCC=C1.CC(S)=C(N)S,CC1(S)C2C=CC(C2)C1(N)S,C1=CCC=C1.CC(S)=C(N)S>>CC1(S)C2C=CC(C2)C1(N)S,0.0297527433179993,1
111,109,111,NC=CC=C(O)O.CC(C)=C(C)O,CC1(C)C(N)C=CC(O)(O)C1(C)O,NC=CC=C(O)O.CC(C)=C(C)O>>CC1(C)C(N)C=CC(O)(O)C1(C)O,0.040812756850002,1
112,110,112,C=CC=CN.C=CC,CC1CC=CC(N)C1,C=CC=CN.C=CC>>CC1CC=CC(N)C1,0.0335398205600014,1
113,111,113,OC=CC=CO.C=CC,CC1CC(O)C=CC1O,OC=CC=CO.C=CC>>CC1CC(O)C=CC1O,0.0365471499980003,1
114,112,114,CC=CC=C(C)S.C=C(C)N,CC1C=CC(C)(S)CC1(C)N,CC=CC=C(C)S.C=C(C)N>>CC1C=CC(C)(S)CC1(C)N,0.0324641201790001,1
115,113,115,OC(Cl)=CC=CF.SC=CS,OC1(Cl)C=CC(F)C(S)C1S,OC(Cl)=CC=CF.SC=CS>>OC1(Cl)C=CC(F)C(S)C1S,0.0340724031309989,1
116,114,116,CC=CC=C(C)C.CC=CO,CC1C=CC(C)(C)C(O)C1C,CC=CC=C(C)C.CC=CO>>CC1C=CC(C)(C)C(O)C1C,0.0378593906370028,1
117,33,117,CC=CC=CC.C=CC,CC1C=CC(C)C(C)C1,CC=CC=CC.C=CC>>CC1C=CC(C)C(C)C1,0.0206056846600013,1
118,115,118,OC=CC=C(O)Br.C=C(C)C,CC1(C)CC(O)(Br)C=CC1O,OC=CC=C(O)Br.C=C(C)C>>CC1(C)CC(O)(Br)C=CC1O,0.034722699570004,1
119,116,119,C=CC=CI.C=CC,CC1CCC=CC1I,C=CC=CI.C=CC>>CC1CCC=CC1I,0.0299106676469982,1
120,117,120,CC(N)=CC=C(C)Cl.C=CC,CC1CC(C)(Cl)C=CC1(C)N,CC(N)=CC=C(C)Cl.C=CC>>CC1CC(C)(Cl)C=CC1(C)N,0.0491930365529995,1
121,118,121,CC=CC=CS.CC=C(C)N,CC1C=CC(S)C(C)C1(C)N,CC=CC=CS.CC=C(C)N>>CC1C=CC(S)C(C)C1(C)N,0.0550612063359992,1
122,119,122,C=CC=C(C)N.CC=C(O)F,CC1C(C)(N)C=CCC1(O)F,C=CC=C(C)N.CC=C(O)F>>CC1C(C)(N)C=CCC1(O)F,0.0491580260469959,1
123,120,123,ClC=CC=CI.CC(C)=C(C)C,CC1(C)C(Cl)C=CC(I)C1(C)C,ClC=CC=CI.CC(C)=C(C)C>>CC1(C)C(Cl)C=CC(I)C1(C)C,0.0550659986519974,1
124,55,124,CC=CC=CC.CC=C(C)S,CC1C=CC(C)C(C)(S)C1C,CC=CC=CC.CC=C(C)S>>CC1C=CC(C)C(C)(S)C1C,0.0354128355119982,1
125,107,125,CC=CC=CO.C=CC,CC1C=CC(O)C(C)C1,CC=CC=CO.C=CC>>CC1C=CC(O)C(C)C1,0.0520605276090009,1
126,121,126,CC=CC=CI.CC=CC,CC1C=CC(I)C(C)C1C,CC=CC=CI.CC=CC>>CC1C=CC(I)C(C)C1C,0.0305098103350012,1
127,122,127,OC=CC=CS.CC=C(C)O,CC1C(O)C=CC(S)C1(C)O,OC=CC=CS.CC=C(C)O>>CC1C(O)C=CC(S)C1(C)O,0.0604268361789976,1
128,123,128,C=CC=C(C)O.NC=CBr,CC1(O)C=CCC(Br)C1N,C=CC=C(C)O.NC=CBr>>CC1(O)C=CCC(Br)C1N,0.0358825467359977,1
129,124,129,CC=CC=CO.C=C(O)I,CC1C=CC(O)C(O)(I)C1,CC=CC=CO.C=C(O)I>>CC1C=CC(O)C(O)(I)C1,0.0467281547859954,1
130,125,130,C=CC=CC.C=CC,CC1C=CCCC1C,C=CC=CC.C=CC>>CC1C=CCCC1C,0.0191071010200012,1
131,126,131,NC=CC=CBr.C=C(C)S,CC1(S)CC(Br)C=CC1N,NC=CC=CBr.C=C(C)S>>CC1(S)CC(Br)C=CC1N,0.0292051534189994,1
132,127,132,CC=CC=C(O)Cl.CC(S)=CO,CC1C=CC(O)(Cl)C(C)(S)C1O,CC=CC=C(O)Cl.CC(S)=CO>>CC1C=CC(O)(Cl)C(C)(S)C1O,0.0430697464730016,1
133,128,133,C=CC=C(C)S.NC=CO,CC1(S)C=CCC(O)C1N,C=CC=C(C)S.NC=CO>>CC1(S)C=CCC(O)C1N,0.0345210620050018,1
134,129,134,C=CC=CC.CC=CO,CC1C=CCC(C)C1O,C=CC=CC.CC=CO>>CC1C=CCC(C)C1O,0.0340194765149988,1
135,130,135,C=CC=CO.C=C(C)C,CC1(C)CC=CC(O)C1,C=CC=CO.C=C(C)C>>CC1(C)CC=CC(O)C1,0.0349351337369974,1
136,131,136,CC(O)=CC=CO.CC=C(C)O,CC1C(C)(O)C=CC(O)C1(C)O,CC(O)=CC=CO.CC=C(C)O>>CC1C(C)(O)C=CC(O)C1(C)O,0.0445450966389984,1
137,132,137,CC(C)=CC=CO.CC=C(C)S,CC1C(O)C=CC(C)(C)C1(C)S,CC(C)=CC=CO.CC=C(C)S>>CC1C(O)C=CC(C)(C)C1(C)S,0.0583378061770005,1
138,133,138,CC(O)=CC=C(O)O.CC=C(C)C,CC1C(O)(O)C=CC(C)(O)C1(C)C,CC(O)=CC=C(O)O.CC=C(C)C>>CC1C(O)(O)C=CC(C)(O)C1(C)C,0.0408011838979973,1
139,134,139,CC(O)=CC=C(C)S.C=C(C)O,CC1(S)C=CC(C)(O)C(C)(O)C1,CC(O)=CC=C(C)S.C=C(C)O>>CC1(S)C=CC(C)(O)C(C)(O)C1,0.0593661604340027,1
140,135,140,OC=CC=C(O)S.C=C,OC1C=CC(O)(S)CC1,OC=CC=C(O)S.C=C>>OC1C=CC(O)(S)CC1,0.0320872202259998,1
141,136,141,CC=CC=CS.C=CC,CC1C=CC(S)C(C)C1,CC=CC=CS.C=CC>>CC1C=CC(S)C(C)C1,0.0292338722560003,1
142,137,142,C=CC=CC.CC(C)=CS,CC1C=CCC(C)(C)C1S,C=CC=CC.CC(C)=CS>>CC1C=CCC(C)(C)C1S,0.0246596074979983,1
143,138,143,C=CC=CN.CC=CO,CC1CC=CC(N)C1O,C=CC=CN.CC=CO>>CC1CC=CC(N)C1O,0.0306762104470017,1
144,129,144,C=CC=CC.CC=CO,CC1C=CCC(C)C1O,C=CC=CC.CC=CO>>CC1C=CCC(C)C1O,0.0225739227250016,1
145,138,145,C=CC=CN.CC=CO,CC1CC=CC(N)C1O,C=CC=CN.CC=CO>>CC1CC=CC(N)C1O,0.0306425092290005,1
146,139,146,CC=CC=C(C)C.SC=CCl,CC1C=CC(C)(C)C(S)C1Cl,CC=CC=C(C)C.SC=CCl>>CC1C=CC(C)(C)C(S)C1Cl,0.0299414592659985,1
147,140,147,CC=CC=CO.OC=CS,CC1C=CC(O)C(O)C1S,CC=CC=CO.OC=CS>>CC1C=CC(O)C(O)C1S,0.0263163590989989,1
148,125,148,C=CC=CC.C=CC,CC1C=CCCC1C,C=CC=CC.C=CC>>CC1C=CCCC1C,0.0191012325890014,1
149,141,149,CC=CC=C(C)C.CC=CCl,CC1C=CC(C)(C)C(C)C1Cl,CC=CC=C(C)C.CC=CCl>>CC1C=CC(C)(C)C(C)C1Cl,0.0331798653240014,1
150,142,150,C=CC=C(C)O.C=C(Br)I,CC1(O)C=CCC(Br)(I)C1,C=CC=C(C)O.C=C(Br)I>>CC1(O)C=CCC(Br)(I)C1,0.0211022946490011,1
151,143,151,CC=CC=CO.C=CO,CC1C=CC(O)C(O)C1,CC=CC=CO.C=CO>>CC1C=CC(O)C(O)C1,0.0254821871189996,1
152,144,152,C=CC=CCl.CC=CC,CC1CC=CC(Cl)C1C,C=CC=CCl.CC=CC>>CC1CC=CC(Cl)C1C,0.032098201535998,1
153,145,153,OC=CC=CS.C=CO,OC1C=CC(S)CC1O,OC=CC=CS.C=CO>>OC1C=CC(S)CC1O,0.0336342842400014,1
154,146,154,C=CC=CC.C=C(C)O,CC1C=CCCC1(C)O,C=CC=CC.C=C(C)O>>CC1C=CCCC1(C)O,0.0237829059520002,1
155,147,155,CC(C)=CC=CBr.NC=CF,CC1(C)C=CC(Br)C(N)C1F,CC(C)=CC=CBr.NC=CF>>CC1(C)C=CC(Br)C(N)C1F,0.053519023694001,1
156,148,156,CC(O)=CC=CBr.CC=CO,CC1C(Br)C=CC(C)(O)C1O,CC(O)=CC=CBr.CC=CO>>CC1C(Br)C=CC(C)(O)C1O,0.0558301203800013,1
157,149,157,CC=CC=CC.C=C(O)Br,CC1C=CC(C)C(O)(Br)C1,CC=CC=CC.C=C(O)Br>>CC1C=CC(C)C(O)(Br)C1,0.0460959942480023,1
158,150,158,C=CC=CC.CC=C(C)F,CC1C=CCC(C)C1(C)F,C=CC=CC.CC=C(C)F>>CC1C=CCC(C)C1(C)F,0.0497858158109991,1
159,151,159,CC(I)=CC=CS.C=C,CC1(I)C=CC(S)CC1,CC(I)=CC=CS.C=C>>CC1(I)C=CC(S)CC1,0.0441921749069997,1
160,152,160,C=CC=CC.CC=CC,CC1C=CCC(C)C1C,C=CC=CC.CC=CC>>CC1C=CCC(C)C1C,0.0231679097030017,1
161,153,161,CC=CC=CBr.CC(O)=C(C)S,CC1C=CC(Br)C(C)(S)C1(C)O,CC=CC=CBr.CC(O)=C(C)S>>CC1C=CC(Br)C(C)(S)C1(C)O,0.0447073728399942,1
162,154,162,OC=CC=CS.C=C(C)O,CC1(O)CC(S)C=CC1O,OC=CC=CS.C=C(C)O>>CC1(O)CC(S)C=CC1O,0.0257942108369988,1
163,155,163,CC(O)=CC=CS.CC=CC,CC1C(S)C=CC(C)(O)C1C,CC(O)=CC=CS.CC=CC>>CC1C(S)C=CC(C)(O)C1C,0.0394734059030028,1
164,156,164,CC=CC=CN.C=C(C)S,CC1C=CC(N)C(C)(S)C1,CC=CC=CN.C=C(C)S>>CC1C=CC(N)C(C)(S)C1,0.0312072282929989,1
165,157,165,CC=CC=C(F)I.CC(S)=C(C)Cl,CC1C=CC(F)(I)C(C)(S)C1(C)Cl,CC=CC=C(F)I.CC(S)=C(C)Cl>>CC1C=CC(F)(I)C(C)(S)C1(C)Cl,0.0584653515780004,1
166,158,166,CC=CC=C(N)O.C=CCl,CC1C=CC(N)(O)C(Cl)C1,CC=CC=C(N)O.C=CCl>>CC1C=CC(N)(O)C(Cl)C1,0.0227193185289991,1
167,159,167,C=CC=C(C)O.CC=CC,CC1CC=CC(C)(O)C1C,C=CC=C(C)O.CC=CC>>CC1CC=CC(C)(O)C1C,0.0357958387670009,1
168,160,168,NC(O)=CC=C(O)Cl.OC=CI,NC1(O)C=CC(O)(Cl)C(I)C1O,NC(O)=CC=C(O)Cl.OC=CI>>NC1(O)C=CC(O)(Cl)C(I)C1O,0.042461293944001,1
169,161,169,CC=CC=CBr.C=CC,CC1C=CC(Br)CC1C,CC=CC=CBr.C=CC>>CC1C=CC(Br)CC1C,0.0276033303679987,1
170,162,170,C=CC=C(C)O.C=CN,CC1(O)C=CCC(N)C1,C=CC=C(C)O.C=CN>>CC1(O)C=CCC(N)C1,0.0348676645489973,1
171,163,171,C=CC=CO.CC(O)=C(N)O,CC1(O)CC=CC(O)C1(N)O,C=CC=CO.CC(O)=C(N)O>>CC1(O)CC=CC(O)C1(N)O,0.0315945331639966,1
172,164,172,C1=CCC=C1.C=CBr,BrC1CC2C=CC1C2,C1=CCC=C1.C=CBr>>BrC1CC2C=CC1C2,0.0146414231649991,1
173,165,173,C=CC=CO.OC(O)=CS,OC1C=CCC(O)(O)C1S,C=CC=CO.OC(O)=CS>>OC1C=CCC(O)(O)C1S,0.0385525268040041,1
174,89,174,OC=CC=CO.C=C(C)O,CC1(O)CC(O)C=CC1O,OC=CC=CO.C=C(C)O>>CC1(O)CC(O)C=CC1O,0.0349786783810017,1
175,98,175,CC=CC=C(O)S.C=CC,CC1C=CC(O)(S)CC1C,CC=CC=C(O)S.C=CC>>CC1C=CC(O)(S)CC1C,0.0317752703450011,1
176,166,176,CC(N)=CC=CO.C=CO,CC1(N)C=CC(O)CC1O,CC(N)=CC=CO.C=CO>>CC1(N)C=CC(O)CC1O,0.0560160178110038,1
177,167,177,NC=CC=CO.CC=CS,CC1C(O)C=CC(N)C1S,NC=CC=CO.CC=CS>>CC1C(O)C=CC(N)C1S,0.0325461008259999,1
178,168,178,CC=CC=CO.CC(O)=CBr,CC1C=CC(O)C(C)(O)C1Br,CC=CC=CO.CC(O)=CBr>>CC1C=CC(O)C(C)(O)C1Br,0.0424981072520012,1
179,169,179,C=CC=CC.CC(O)=CO,CC1C=CCC(C)(O)C1O,C=CC=CC.CC(O)=CO>>CC1C=CCC(C)(O)C1O,0.0360405710549969,1
180,170,180,C=CC=C(C)C.CC(O)=CI,CC1(C)C=CCC(C)(O)C1I,C=CC=C(C)C.CC(O)=CI>>CC1(C)C=CCC(C)(O)C1I,0.0386479543670006,1
181,171,181,C=CC=C.CC=CN,CC1CC=CCC1N,C=CC=C.CC=CN>>CC1CC=CCC1N,0.0195581504090007,1
182,172,182,C=CC=C(C)C.CC=C(O)F,CC1C(C)(C)C=CCC1(O)F,C=CC=C(C)C.CC=C(O)F>>CC1C(C)(C)C=CCC1(O)F,0.0560748476650019,1
183,173,183,C=CC=CC.CC(O)=C(C)I,CC1C=CCC(C)(O)C1(C)I,C=CC=CC.CC(O)=C(C)I>>CC1C=CCC(C)(O)C1(C)I,0.057346545779005,1
184,174,184,ClC1=CC=CC1.CC=C(C)I,CC1C2C=CC(Cl)(C2)C1(C)I,ClC1=CC=CC1.CC=C(C)I>>CC1C2C=CC(Cl)(C2)C1(C)I,0.0261289267080044,1
185,175,185,ClC=CC=CBr.OC=CS,OC1C(Br)C=CC(Cl)C1S,ClC=CC=CBr.OC=CS>>OC1C(Br)C=CC(Cl)C1S,0.0335931332040004,1
186,176,186,CC(O)=CC=C(N)O.C=CC,CC1CC(N)(O)C=CC1(C)O,CC(O)=CC=C(N)O.C=CC>>CC1CC(N)(O)C=CC1(C)O,0.0385978866120026,1
187,177,187,CC(C)=CC=CBr.C=CS,CC1(C)C=CC(Br)C(S)C1,CC(C)=CC=CBr.C=CS>>CC1(C)C=CC(Br)C(S)C1,0.0435630004730001,1
188,178,188,OC=CC=CO.CC=CO,CC1C(O)C=CC(O)C1O,OC=CC=CO.CC=CO>>CC1C(O)C=CC(O)C1O,0.0392676045930002,1
189,17,189,NC=CC=CN.CC=CO,CC1C(N)C=CC(N)C1O,NC=CC=CN.CC=CO>>CC1C(N)C=CC(N)C1O,0.0494772128200011,1
190,179,190,C=CC=CN.C=C(C)C,CC1(C)CC=CC(N)C1,C=CC=CN.C=C(C)C>>CC1(C)CC=CC(N)C1,0.0283464791210015,1
191,180,191,C=CC=C.C=C(C)S,CC1(S)CC=CCC1,C=CC=C.C=C(C)S>>CC1(S)CC=CCC1,0.0197106990360005,1
192,181,192,CC=CC=CN.C=CC,CC1C=CC(N)CC1C,CC=CC=CN.C=CC>>CC1C=CC(N)CC1C,0.0356204420209991,1
193,182,193,CC(N)=CC=C(C)S.C=CS,CC1(S)C=CC(C)(N)C(S)C1,CC(N)=CC=C(C)S.C=CS>>CC1(S)C=CC(C)(N)C(S)C1,0.0419889884789981,1
194,183,194,CC(C)=CC=CO.FC(I)=CS,CC1(C)C=CC(O)C(S)C1(F)I,CC(C)=CC=CO.FC(I)=CS>>CC1(C)C=CC(O)C(S)C1(F)I,0.032523486228996,1
195,136,195,CC=CC=CS.C=CC,CC1C=CC(S)C(C)C1,CC=CC=CS.C=CC>>CC1C=CC(S)C(C)C1,0.0518852437980008,1
196,129,196,C=CC=CC.CC=CO,CC1C=CCC(C)C1O,C=CC=CC.CC=CO>>CC1C=CCC(C)C1O,0.0226227913090006,1
197,184,197,CC=CC=CO.OC(O)=CBr,CC1C=CC(O)C(O)(O)C1Br,CC=CC=CO.OC(O)=CBr>>CC1C=CC(O)C(O)(O)C1Br,0.0408736531729942,1
198,185,198,CC=CC=CC.CC=C(O)O,CC1C=CC(C)C(O)(O)C1C,CC=CC=CC.CC=C(O)O>>CC1C=CC(C)C(O)(O)C1C,0.0412331507450005,1
199,186,199,CC(O)=CC=C(C)Cl.CC(C)=CO,CC1(O)C=CC(C)(Cl)C(C)(C)C1O,CC(O)=CC=C(C)Cl.CC(C)=CO>>CC1(O)C=CC(C)(Cl)C(C)(C)C1O,0.0678440063779959,1
200,187,200,CC(S)=CC=C(O)O.C=C(C)C,CC1(S)C=CC(O)(O)C(C)(C)C1,CC(S)=CC=C(O)O.C=C(C)C>>CC1(S)C=CC(O)(O)C(C)(C)C1,0.0362170343330063,1
201,188,201,CC(O)=CC=CN.CC=CC,CC1C(N)C=CC(C)(O)C1C,CC(O)=CC=CN.CC=CC>>CC1C(N)C=CC(C)(O)C1C,0.0474730559660017,1
202,49,202,C=CC=CC.C=CO,CC1C=CCC(O)C1,C=CC=CC.C=CO>>CC1C=CCC(O)C1,0.0318267976179988,1
203,189,203,CC=CC=C(C)S.C=C(C)S,CC1C=CC(C)(S)C(C)(S)C1,CC=CC=C(C)S.C=C(C)S>>CC1C=CC(C)(S)C(C)(S)C1,0.0445555082569981,1
204,190,204,C=CC=CO.CC=CC,CC1CC=CC(O)C1C,C=CC=CO.CC=CC>>CC1CC=CC(O)C1C,0.0261983117590034,1
205,191,205,CC=CC=CN.C=CN,CC1C=CC(N)CC1N,CC=CC=CN.C=CN>>CC1C=CC(N)CC1N,0.0270551706919981,1
206,192,206,CC(O)=CC=CN.C=CN,CC1(O)C=CC(N)CC1N,CC(O)=CC=CN.C=CN>>CC1(O)C=CC(N)CC1N,0.0327940458730005,1
207,193,207,CC(O)=CC=CS.CC=CN,CC1C(S)C=CC(C)(O)C1N,CC(O)=CC=CS.CC=CN>>CC1C(S)C=CC(C)(O)C1N,0.0392895637730035,1
208,194,208,CC(C)=CC=CCl.C=CN,CC1(C)C=CC(Cl)C(N)C1,CC(C)=CC=CCl.C=CN>>CC1(C)C=CC(Cl)C(N)C1,0.0271259601329987,1
209,195,209,C=CC=C(C)O.CC(C)=CF,CC1(O)C=CCC(C)(C)C1F,C=CC=C(C)O.CC(C)=CF>>CC1(O)C=CCC(C)(C)C1F,0.0332548790079982,1
210,196,210,CC=CC=CO.OC=C(O)S,CC1C=CC(O)C(O)C1(O)S,CC=CC=CO.OC=C(O)S>>CC1C=CC(O)C(O)C1(O)S,0.0673794705629973,1
211,197,211,CC(O)=CC=CN.CC=C(C)C,CC1C(C)(O)C=CC(N)C1(C)C,CC(O)=CC=CN.CC=C(C)C>>CC1C(C)(O)C=CC(N)C1(C)C,0.0462039652819967,1
212,198,212,C=CC=CO.CC(C)=CF,CC1(C)C(O)C=CCC1F,C=CC=CO.CC(C)=CF>>CC1(C)C(O)C=CCC1F,0.0228921601779958,1
213,199,213,CC=CC=C(C)C.C=C(C)O,CC1C=CC(C)(C)CC1(C)O,CC=CC=C(C)C.C=C(C)O>>CC1C=CC(C)(C)CC1(C)O,0.0573078276100034,1
214,200,214,CC=CC=C(C)C.CC(O)=C(N)S,CC1C=CC(C)(C)C(C)(O)C1(N)S,CC=CC=C(C)C.CC(O)=C(N)S>>CC1C=CC(C)(C)C(C)(O)C1(N)S,0.0720549821600045,1
215,201,215,CC=CC=CO.CC(F)=CN,CC1C=CC(O)C(N)C1(C)F,CC=CC=CO.CC(F)=CN>>CC1C=CC(O)C(N)C1(C)F,0.0263056885159969,1
216,202,216,CC=CC=C(C)Cl.CC=CO,CC1C=CC(C)(Cl)C(O)C1C,CC=CC=C(C)Cl.CC=CO>>CC1C=CC(C)(Cl)C(O)C1C,0.0568343769589958,1
217,203,217,CC(N)=CC=CN.NC=CN,CC1(N)C=CC(N)C(N)C1N,CC(N)=CC=CN.NC=CN>>CC1(N)C=CC(N)C(N)C1N,0.035861177485998,1
218,204,218,CC=CC=C(C)O.OC(S)=CS,CC1C=CC(C)(O)C(S)C1(O)S,CC=CC=C(C)O.OC(S)=CS>>CC1C=CC(C)(O)C(S)C1(O)S,0.0441540476419959,1
219,49,219,C=CC=CC.C=CO,CC1C=CCC(O)C1,C=CC=CC.C=CO>>CC1C=CCC(O)C1,0.0202260106810001,1
220,205,220,C=CC=CC.CC=CS,CC1C=CCC(C)C1S,C=CC=CC.CC=CS>>CC1C=CCC(C)C1S,0.0222924776630009,1
221,206,221,OC=CC=CS.CC=CN,CC1C(S)C=CC(O)C1N,OC=CC=CS.CC=CN>>CC1C(S)C=CC(O)C1N,0.0348657202929985,1
222,207,222,NC=CC=CO.C=CN,NC1C=CC(O)C(N)C1,NC=CC=CO.C=CN>>NC1C=CC(O)C(N)C1,0.0356792340189997,1
223,159,223,C=CC=C(C)O.CC=CC,CC1CC=CC(C)(O)C1C,C=CC=C(C)O.CC=CC>>CC1CC=CC(C)(O)C1C,0.0498473849159992,1
224,208,224,CC=CC=CS.NC=CO,CC1C=CC(S)C(O)C1N,CC=CC=CS.NC=CO>>CC1C=CC(S)C(O)C1N,0.0314241877859977,1
225,209,225,CC(O)=CC=CO.CC=CS,CC1C(S)C(O)C=CC1(C)O,CC(O)=CC=CO.CC=CS>>CC1C(S)C(O)C=CC1(C)O,0.0342302011200033,1
226,210,226,CC(S)=CC=CN.CC(O)=C(C)O,CC1(S)C=CC(N)C(C)(O)C1(C)O,CC(S)=CC=CN.CC(O)=C(C)O>>CC1(S)C=CC(N)C(C)(O)C1(C)O,0.0437919903890033,1
227,211,227,C=CC=CO.CC=C(O)O,CC1C(O)C=CCC1(O)O,C=CC=CO.CC=C(O)O>>CC1C(O)C=CCC1(O)O,0.0308727111220008,1
228,212,228,CC=CC=CC.CC(C)=CN,CC1C=CC(C)C(C)(C)C1N,CC=CC=CC.CC(C)=CN>>CC1C=CC(C)C(C)(C)C1N,0.0279670830850022,1
229,143,229,CC=CC=CO.C=CO,CC1C=CC(O)C(O)C1,CC=CC=CO.C=CO>>CC1C=CC(O)C(O)C1,0.0310679780509985,1
230,213,230,NC=CC=CO.CC=CO,CC1C(O)C=CC(N)C1O,NC=CC=CO.CC=CO>>CC1C(O)C=CC(N)C1O,0.0301772755229947,1
231,214,231,CC(I)=CC=CN.CC=CN,CC1C(N)C=CC(C)(I)C1N,CC(I)=CC=CN.CC=CN>>CC1C(N)C=CC(C)(I)C1N,0.0556348585910058,1
232,215,232,CC=CC=C(C)I.C=CC,CC1C=CC(C)(I)C(C)C1,CC=CC=C(C)I.C=CC>>CC1C=CC(C)(I)C(C)C1,0.0508005622289999,1
233,191,233,CC=CC=CN.C=CN,CC1C=CC(N)CC1N,CC=CC=CN.C=CN>>CC1C=CC(N)CC1N,0.0268367304850016,1
234,216,234,CC(F)=CC=CO.C=CC,CC1CC(C)(F)C=CC1O,CC(F)=CC=CO.C=CC>>CC1CC(C)(F)C=CC1O,0.0333263027989971,1
235,217,235,CC=CC=CO.C=CCl,CC1C=CC(O)CC1Cl,CC=CC=CO.C=CCl>>CC1C=CC(O)CC1Cl,0.0276357844099983,1
236,218,236,OC1=CC=C(O)C1.C=C(C)C,CC1(C)CC2(O)C=CC1(O)C2,OC1=CC=C(O)C1.C=C(C)C>>CC1(C)CC2(O)C=CC1(O)C2,0.026603449539003,1
237,219,237,CC=CC=CC.NC(O)=CI,CC1C=CC(C)C(N)(O)C1I,CC=CC=CC.NC(O)=CI>>CC1C=CC(C)C(N)(O)C1I,0.029727161171003,1
238,220,238,CC(C)=CC=C(C)O.C=C(C)Br,CC1(C)C=CC(C)(O)C(C)(Br)C1,CC(C)=CC=C(C)O.C=C(C)Br>>CC1(C)C=CC(C)(O)C(C)(Br)C1,0.0378833324460003,1
239,221,239,C=CC=CN.CC(C)=C(C)O,CC1(O)CC=CC(N)C1(C)C,C=CC=CN.CC(C)=C(C)O>>CC1(O)CC=CC(N)C1(C)C,0.0352129953450059,1
240,222,240,C=CC=C(C)C.C=C(F)Cl,CC1(C)C=CCCC1(F)Cl,C=CC=C(C)C.C=C(F)Cl>>CC1(C)C=CCCC1(F)Cl,0.0370241455130013,1
241,223,241,CC(C)=CC=C(C)O.CC=CO,CC1C(O)C(C)(O)C=CC1(C)C,CC(C)=CC=C(C)O.CC=CO>>CC1C(O)C(C)(O)C=CC1(C)C,0.062617221192994,1
242,136,242,CC=CC=CS.C=CC,CC1C=CC(S)C(C)C1,CC=CC=CS.C=CC>>CC1C=CC(S)C(C)C1,0.0471658468980002,1
243,224,243,CC(S)=CC=CO.CC=CO,CC1C(O)C=CC(C)(S)C1O,CC(S)=CC=CO.CC=CO>>CC1C(O)C=CC(C)(S)C1O,0.0374024029569994,1
244,5,244,CC=CC=CC.CC=CO,CC1C=CC(C)C(O)C1C,CC=CC=CC.CC=CO>>CC1C=CC(C)C(O)C1C,0.0268781558910014,1
245,225,245,CC=CC=C(C)F.C=CS,CC1C=CC(C)(F)C(S)C1,CC=CC=C(C)F.C=CS>>CC1C=CC(C)(F)C(S)C1,0.0240226098089983,1
246,226,246,C=CC=CO.C=CC,CC1CC=CC(O)C1,C=CC=CO.C=CC>>CC1CC=CC(O)C1,0.0279320590290019,1
247,227,247,CC=CC=C(N)S.C=CBr,CC1C=CC(N)(S)C(Br)C1,CC=CC=C(N)S.C=CBr>>CC1C=CC(N)(S)C(Br)C1,0.0361206022509996,1
248,228,248,C=CC=CC.CC(O)=C(C)O,CC1C=CCC(C)(O)C1(C)O,C=CC=CC.CC(O)=C(C)O>>CC1C=CCC(C)(O)C1(C)O,0.0306803008090028,1
249,229,249,CC=CC=CO.CC(F)=C(C)S,CC1C=CC(O)C(C)(S)C1(C)F,CC=CC=CO.CC(F)=C(C)S>>CC1C=CC(O)C(C)(S)C1(C)F,0.0616313719240011,1
250,230,250,NC=CC=C(O)S.C=C(O)O,NC1C=CC(O)(S)CC1(O)O,NC=CC=C(O)S.C=C(O)O>>NC1C=CC(O)(S)CC1(O)O,0.0386621572150005,1
251,231,251,OC=CC=CBr.CC=C(C)C,CC1C(Br)C=CC(O)C1(C)C,OC=CC=CBr.CC=C(C)C>>CC1C(Br)C=CC(O)C1(C)C,0.0233788786689999,1
252,232,252,C=CC=C(O)O.NC(O)=CO,NC1(O)CC=CC(O)(O)C1O,C=CC=C(O)O.NC(O)=CO>>NC1(O)CC=CC(O)(O)C1O,0.0665683321649979,1
253,233,253,C=CC=C(C)C.C=CO,CC1(C)C=CCC(O)C1,C=CC=C(C)C.C=CO>>CC1(C)C=CCC(O)C1,0.0488476798539991,1
254,234,254,C=CC=C(C)S.CC(S)=CCl,CC1(S)C=CCC(Cl)C1(C)S,C=CC=C(C)S.CC(S)=CCl>>CC1(S)C=CCC(Cl)C1(C)S,0.046780849152995,1
255,235,255,OC=CC=CO.OC=C(O)S,OC1C=CC(O)C(O)(S)C1O,OC=CC=CO.OC=C(O)S>>OC1C=CC(O)C(O)(S)C1O,0.0377125582860031,1
256,236,256,CC=CC=C(O)O.C=CO,CC1C=CC(O)(O)C(O)C1,CC=CC=C(O)O.C=CO>>CC1C=CC(O)(O)C(O)C1,0.0542137330720038,1
257,237,257,CC=CC=C(C)I.C=CO,CC1C=CC(C)(I)CC1O,CC=CC=C(C)I.C=CO>>CC1C=CC(C)(I)CC1O,0.0383707124009973,1
258,238,258,CC(C)=CC=C(C)C.C=CO,CC1(C)C=CC(C)(C)C(O)C1,CC(C)=CC=C(C)C.C=CO>>CC1(C)C=CC(C)(C)C(O)C1,0.0544552711520012,1
259,239,259,CC(C)=CC=CS.C=CC,CC1CC(S)C=CC1(C)C,CC(C)=CC=CS.C=CC>>CC1CC(S)C=CC1(C)C,0.0539005805580004,1
260,240,260,NC=CC=CO.CC=C(C)C,CC1C(N)C=CC(O)C1(C)C,NC=CC=CO.CC=C(C)C>>CC1C(N)C=CC(O)C1(C)C,0.0403563350260043,1
261,241,261,CC(S)=CC=CO.C=CC,CC1CC(C)(S)C=CC1O,CC(S)=CC=CO.C=CC>>CC1CC(C)(S)C=CC1O,0.0298281685650003,1
262,242,262,C=CC=C(C)O.C=CS,CC1(O)C=CCC(S)C1,C=CC=C(C)O.C=CS>>CC1(O)C=CCC(S)C1,0.0299614010860018,1
263,190,263,C=CC=CO.CC=CC,CC1CC=CC(O)C1C,C=CC=CO.CC=CC>>CC1CC=CC(O)C1C,0.0268126716529977,1
264,129,264,C=CC=CC.CC=CO,CC1C=CCC(C)C1O,C=CC=CC.CC=CO>>CC1C=CCC(C)C1O,0.0337767776259987,1
265,243,265,CC(O)=CC=CI.CC=C(C)O,CC1C(C)(O)C=CC(I)C1(C)O,CC(O)=CC=CI.CC=C(C)O>>CC1C(C)(O)C=CC(I)C1(C)O,0.0673853721510013,1
266,244,266,C=CC=C.NC=CI,NC1CC=CCC1I,C=CC=C.NC=CI>>NC1CC=CCC1I,0.0220271876229993,1
267,245,267,CC=CC=C(C)S.CC=CI,CC1C=CC(C)(S)C(C)C1I,CC=CC=C(C)S.CC=CI>>CC1C=CC(C)(S)C(C)C1I,0.0539925952519979,1
268,226,268,C=CC=CO.C=CC,CC1CC=CC(O)C1,C=CC=CO.C=CC>>CC1CC=CC(O)C1,0.0261477191299981,1
269,246,269,CC=CC=C(O)S.C=C(C)S,CC1C=CC(O)(S)C(C)(S)C1,CC=CC=C(O)S.C=C(C)S>>CC1C=CC(O)(S)C(C)(S)C1,0.0428258881769991,1
270,247,270,CC(Br)=CC=CS.CC=CO,CC1C(O)C(S)C=CC1(C)Br,CC(Br)=CC=CS.CC=CO>>CC1C(O)C(S)C=CC1(C)Br,0.0613599555760018,1
271,248,271,C=CC=CS.C=CO,OC1CC=CC(S)C1,C=CC=CS.C=CO>>OC1CC=CC(S)C1,0.022852854892001,1
272,114,272,CC=CC=C(C)C.CC=CO,CC1C=CC(C)(C)C(O)C1C,CC=CC=C(C)C.CC=CO>>CC1C=CC(C)(C)C(O)C1C,0.0378620920809993,1
273,249,273,CC=CC=C(C)C.OC=CBr,CC1C=CC(C)(C)C(O)C1Br,CC=CC=C(C)C.OC=CBr>>CC1C=CC(C)(C)C(O)C1Br,0.0621636131590008,1
274,250,274,OC=CC=CS.CC(N)=CO,CC1(N)C(O)C=CC(S)C1O,OC=CC=CS.CC(N)=CO>>CC1(N)C(O)C=CC(S)C1O,0.0368224062889979,1
275,251,275,C=CC=C(C)O.OC=CO,CC1(O)C=CCC(O)C1O,C=CC=C(C)O.OC=CO>>CC1(O)C=CCC(O)C1O,0.0384262026620021,1
276,252,276,OC(I)=CC=CS.C=CC,CC1CC(S)C=CC1(O)I,OC(I)=CC=CS.C=CC>>CC1CC(S)C=CC1(O)I,0.0377295728450022,1
277,253,277,OC=CC=CS.C=CC,CC1CC(O)C=CC1S,OC=CC=CS.C=CC>>CC1CC(O)C=CC1S,0.028632737770998,1
278,254,278,FC=CC=CCl.CC=CI,CC1C(F)C=CC(Cl)C1I,FC=CC=CCl.CC=CI>>CC1C(F)C=CC(Cl)C1I,0.049418055251003,1
279,255,279,C=CC=C(C)O.OC=C(O)S,CC1(O)C=CCC(O)C1(O)S,C=CC=C(C)O.OC=C(O)S>>CC1(O)C=CCC(O)C1(O)S,0.0333132418390036,1
280,256,280,C=CC=C(C)S.NC=CF,CC1(S)C=CCC(F)C1N,C=CC=C(C)S.NC=CF>>CC1(S)C=CCC(F)C1N,0.0269827524910013,1
281,257,281,C=CC=C.CC(C)=C(C)S,CC1(C)CC=CCC1(C)S,C=CC=C.CC(C)=C(C)S>>CC1(C)CC=CCC1(C)S,0.0531475223799979,1
282,258,282,C=CC=C(C)O.CC=C(C)I,CC1C(C)(O)C=CCC1(C)I,C=CC=C(C)O.CC=C(C)I>>CC1C(C)(O)C=CCC1(C)I,0.0368172640609998,1
283,259,283,CC(F)=CC=CO.CC=C(C)O,CC1C(O)C=CC(C)(F)C1(C)O,CC(F)=CC=CO.CC=C(C)O>>CC1C(O)C=CC(C)(F)C1(C)O,0.0383607092400026,1
284,260,284,C=CC=C.C=C,C1=CCCCC1,C=CC=C.C=C>>C1=CCCCC1,0.0129748331619978,1
285,125,285,C=CC=CC.C=CC,CC1C=CCCC1C,C=CC=CC.C=CC>>CC1C=CCCC1C,0.0190973532190028,1
286,261,286,C=CC=CC.OC=CS,CC1C=CCC(O)C1S,C=CC=CC.OC=CS>>CC1C=CCC(O)C1S,0.0252553332219989,1
287,262,287,C=CC=CC.C=C(O)S,CC1C=CCCC1(O)S,C=CC=CC.C=C(O)S>>CC1C=CCCC1(O)S,0.0444058567510019,1
288,263,288,C=CC=C(C)S.NC=CI,CC1(S)C=CCC(N)C1I,C=CC=C(C)S.NC=CI>>CC1(S)C=CCC(N)C1I,0.0330837285810012,1
289,110,289,C=CC=CN.C=CC,CC1CC=CC(N)C1,C=CC=CN.C=CC>>CC1CC=CC(N)C1,0.0320282724360012,1
290,264,290,C=CC=CS.CC(N)=CO,CC1(N)CC=CC(S)C1O,C=CC=CS.CC(N)=CO>>CC1(N)CC=CC(S)C1O,0.0259214568230028,1
291,265,291,CC=CC=CO.CC=CCl,CC1C=CC(O)C(Cl)C1C,CC=CC=CO.CC=CCl>>CC1C=CC(O)C(Cl)C1C,0.0574031753849979,1
292,152,292,C=CC=CC.CC=CC,CC1C=CCC(C)C1C,C=CC=CC.CC=CC>>CC1C=CCC(C)C1C,0.0232019395090006,1
293,266,293,OC=CC=CBr.CC(O)=CN,CC1(O)C(O)C=CC(Br)C1N,OC=CC=CBr.CC(O)=CN>>CC1(O)C(O)C=CC(Br)C1N,0.0351137022540015,1
294,267,294,CC=CC=CC.C=C(C)O,CC1C=CC(C)C(C)(O)C1,CC=CC=CC.C=C(C)O>>CC1C=CC(C)C(C)(O)C1,0.0256455320150017,1
295,268,295,CC=CC=C(C)O.CC=CBr,CC1C=CC(C)(O)C(C)C1Br,CC=CC=C(C)O.CC=CBr>>CC1C=CC(C)(O)C(C)C1Br,0.0591294218300006,1
296,269,296,CC(C)=CC=CO.CC=CN,CC1C(N)C(O)C=CC1(C)C,CC(C)=CC=CO.CC=CN>>CC1C(N)C(O)C=CC1(C)C,0.0416173958359991,1
297,270,297,CC(C)=CC=CS.C=C,CC1(C)C=CC(S)CC1,CC(C)=CC=CS.C=C>>CC1(C)C=CC(S)CC1,0.0428687578270015,1
298,271,298,CC(C)=CC=CS.CC=C(O)O,CC1C(C)(C)C=CC(S)C1(O)O,CC(C)=CC=CS.CC=C(O)O>>CC1C(C)(C)C=CC(S)C1(O)O,0.0607972475239932,1
299,272,299,C=CC=C(N)N.C=C(N)N,NC1(N)C=CCC(N)(N)C1,C=CC=C(N)N.C=C(N)N>>NC1(N)C=CCC(N)(N)C1,0.0377190338119994,1
300,273,300,OC=CC=CI.CC(F)=C(C)S,CC1(F)C(O)C=CC(I)C1(C)S,OC=CC=CI.CC(F)=C(C)S>>CC1(F)C(O)C=CC(I)C1(C)S,0.0407698367080016,1
301,274,301,C=CC=CO.C=C(N)Cl,NC1(Cl)CC=CC(O)C1,C=CC=CO.C=C(N)Cl>>NC1(Cl)CC=CC(O)C1,0.0340893407539972,1
302,275,302,OC1=CC=CC1.CC=CO,CC1C(O)C2C=CC1(O)C2,OC1=CC=CC1.CC=CO>>CC1C(O)C2C=CC1(O)C2,0.0269852891750019,1
303,276,303,CC(C)=CC=C(C)O.C=CC,CC1CC(C)(O)C=CC1(C)C,CC(C)=CC=C(C)O.C=CC>>CC1CC(C)(O)C=CC1(C)C,0.0541522045240014,1
304,277,304,NC=CC=CO.CC(N)=CF,CC1(N)C(N)C=CC(O)C1F,NC=CC=CO.CC(N)=CF>>CC1(N)C(N)C=CC(O)C1F,0.0318542090249991,1
305,169,305,C=CC=CC.CC(O)=CO,CC1C=CCC(C)(O)C1O,C=CC=CC.CC(O)=CO>>CC1C=CCC(C)(O)C1O,0.0284868840399994,1
306,278,306,SC=CC=CI.CC(O)=CO,CC1(O)C(S)C=CC(I)C1O,SC=CC=CI.CC(O)=CO>>CC1(O)C(S)C=CC(I)C1O,0.0294763934279984,1
307,279,307,FC=CC=CS.C=C(C)O,CC1(O)CC(S)C=CC1F,FC=CC=CS.C=C(C)O>>CC1(O)CC(S)C=CC1F,0.0250760004150052,1
308,280,308,CC=CC=C(C)C.NC=CBr,CC1C=CC(C)(C)C(N)C1Br,CC=CC=C(C)C.NC=CBr>>CC1C=CC(C)(C)C(N)C1Br,0.0528810972790054,1
309,281,309,CC=CC=CO.OC=CO,CC1C=CC(O)C(O)C1O,CC=CC=CO.OC=CO>>CC1C=CC(O)C(O)C1O,0.0390840871090034,1
310,282,310,NC(I)=CC=CS.CC=CC,CC1C(S)C=CC(N)(I)C1C,NC(I)=CC=CS.CC=CC>>CC1C(S)C=CC(N)(I)C1C,0.0521909539640006,1
311,283,311,CC(O)=CC=CO.C=CC,CC1CC(O)C=CC1(C)O,CC(O)=CC=CO.C=CC>>CC1CC(O)C=CC1(C)O,0.0362410542670019,1
312,284,312,CC=CC=CC.SC=CI,CC1C=CC(C)C(I)C1S,CC=CC=CC.SC=CI>>CC1C=CC(C)C(I)C1S,0.0299994110309995,1
313,285,313,CC(Br)=CC=C(O)O.C=CN,CC1(Br)C=CC(O)(O)CC1N,CC(Br)=CC=C(O)O.C=CN>>CC1(Br)C=CC(O)(O)CC1N,0.0483925916259977,1
314,286,314,OC=CC=CS.CC(N)=CS,CC1(N)C(O)C=CC(S)C1S,OC=CC=CS.CC(N)=CS>>CC1(N)C(O)C=CC(S)C1S,0.0404393607660011,1
315,287,315,CC=CC=CO.NC=CO,CC1C=CC(O)C(O)C1N,CC=CC=CO.NC=CO>>CC1C=CC(O)C(O)C1N,0.0596279964929991,1
316,288,316,C=CC=CC.CC=C(S)S,CC1C=CCC(S)(S)C1C,C=CC=CC.CC=C(S)S>>CC1C=CCC(S)(S)C1C,0.025530242388001,1
317,289,317,C=CC=CBr.OC=CO,OC1CC=CC(Br)C1O,C=CC=CBr.OC=CO>>OC1CC=CC(Br)C1O,0.0321762569899988,1
318,28,318,CC=CC=C(C)C.C=CC,CC1C=CC(C)(C)CC1C,CC=CC=C(C)C.C=CC>>CC1C=CC(C)(C)CC1C,0.0333344471939973,1
319,290,319,OC(O)=CC=CS.OC=CCl,OC1C(S)C=CC(O)(O)C1Cl,OC(O)=CC=CS.OC=CCl>>OC1C(S)C=CC(O)(O)C1Cl,0.0568775306909969,1
320,291,320,C=CC=C(C)O.CC=C(C)O,CC1CC=CC(C)(O)C1(C)O,C=CC=C(C)O.CC=C(C)O>>CC1CC=CC(C)(O)C1(C)O,0.0385794639209962,1
321,292,321,C=CC=C(C)S.CC=C(C)N,CC1C(C)(S)C=CCC1(C)N,C=CC=C(C)S.CC=C(C)N>>CC1C(C)(S)C=CCC1(C)N,0.0540889061810005,1
322,146,322,C=CC=CC.C=C(C)O,CC1C=CCCC1(C)O,C=CC=CC.C=C(C)O>>CC1C=CCCC1(C)O,0.0243583517499992,1
323,293,323,C=CC=CO.C=C(C)O,CC1(O)CC=CC(O)C1,C=CC=CO.C=C(C)O>>CC1(O)CC=CC(O)C1,0.025757093848,1
324,294,324,CC=CC=CS.CC(N)=C(O)Br,CC1C=CC(S)C(O)(Br)C1(C)N,CC=CC=CS.CC(N)=C(O)Br>>CC1C=CC(S)C(O)(Br)C1(C)N,0.0387990605679959,1
325,114,325,CC=CC=C(C)C.CC=CO,CC1C=CC(C)(C)C(O)C1C,CC=CC=C(C)C.CC=CO>>CC1C=CC(C)(C)C(O)C1C,0.0630101215890022,1
326,295,326,OC=CC=C(O)S.C=CO,OC1C=CC(O)(S)CC1O,OC=CC=C(O)S.C=CO>>OC1C=CC(O)(S)CC1O,0.0334749098899962,1
327,296,327,CC=CC=CCl.CC=CO,CC1C=CC(Cl)C(O)C1C,CC=CC=CCl.CC=CO>>CC1C=CC(Cl)C(O)C1C,0.0233468771860003,1
328,297,328,SC=CC=CBr.CC=CN,CC1C(S)C=CC(Br)C1N,SC=CC=CBr.CC=CN>>CC1C(S)C=CC(Br)C1N,0.0284133427349999,1
329,298,329,C=CC=CN.CC=C(C)N,CC1C(N)C=CCC1(C)N,C=CC=CN.CC=C(C)N>>CC1C(N)C=CCC1(C)N,0.0300432490939996,1
330,28,330,CC=CC=C(C)C.C=CC,CC1C=CC(C)(C)CC1C,CC=CC=C(C)C.C=CC>>CC1C=CC(C)(C)CC1C,0.0332453000310017,1
331,299,331,CC=CC=CC.CC(O)=CN,CC1C=CC(C)C(C)(O)C1N,CC=CC=CC.CC(O)=CN>>CC1C=CC(C)C(C)(O)C1N,0.0628740908009959,1
332,129,332,C=CC=CC.CC=CO,CC1C=CCC(C)C1O,C=CC=CC.CC=CO>>CC1C=CCC(C)C1O,0.0227837288289975,1
333,300,333,CC=CC=C(C)S.CC=C(C)O,CC1C=CC(C)(S)C(C)C1(C)O,CC=CC=C(C)S.CC=C(C)O>>CC1C=CC(C)(S)C(C)C1(C)O,0.0419169710980042,1
334,301,334,C=CC=C(C)O.NC=C(S)S,CC1(O)C=CCC(N)C1(S)S,C=CC=C(C)O.NC=C(S)S>>CC1(O)C=CCC(N)C1(S)S,0.0500933224579966,1
335,302,335,CC=CC=CC.CC=CC,CC1C=CC(C)C(C)C1C,CC=CC=CC.CC=CC>>CC1C=CC(C)C(C)C1C,0.0354910631669973,1
336,283,336,CC(O)=CC=CO.C=CC,CC1CC(O)C=CC1(C)O,CC(O)=CC=CO.C=CC>>CC1CC(O)C=CC1(C)O,0.0364892300589971,1
337,303,337,NC(O)=CC=CO.CC=CO,CC1C(O)C=CC(N)(O)C1O,NC(O)=CC=CO.CC=CO>>CC1C(O)C=CC(N)(O)C1O,0.0350623750649958,1
338,304,338,CC=CC=C(O)O.CC=CS,CC1C=CC(O)(O)C(C)C1S,CC=CC=C(O)O.CC=CS>>CC1C=CC(O)(O)C(C)C1S,0.0359702523230041,1
339,125,339,C=CC=CC.C=CC,CC1C=CCCC1C,C=CC=CC.C=CC>>CC1C=CCCC1C,0.0191144486569996,1
340,305,340,CC=CC=C(C)C.CC=C(N)O,CC1C=CC(C)(C)C(N)(O)C1C,CC=CC=C(C)C.CC=C(N)O>>CC1C=CC(C)(C)C(N)(O)C1C,0.0547759638780007,1
341,306,341,CC=CC=C(O)O.CC=CC,CC1C=CC(O)(O)C(C)C1C,CC=CC=C(O)O.CC=CC>>CC1C=CC(O)(O)C(C)C1C,0.0317419863190053,1
342,198,342,C=CC=CO.CC(C)=CF,CC1(C)C(O)C=CCC1F,C=CC=CO.CC(C)=CF>>CC1(C)C(O)C=CCC1F,0.0480608256679957,1
343,307,343,CC=CC=C(C)O.OC=C(O)Cl,CC1C=CC(C)(O)C(O)(Cl)C1O,CC=CC=C(C)O.OC=C(O)Cl>>CC1C=CC(C)(O)C(O)(Cl)C1O,0.0837609723930015,1
344,308,344,OC(S)=CC=CS.C=C(C)N,CC1(N)CC(O)(S)C=CC1S,OC(S)=CC=CS.C=C(C)N>>CC1(N)CC(O)(S)C=CC1S,0.0312739467220026,1
345,309,345,CC=CC=CN.CC=CC,CC1C=CC(N)C(C)C1C,CC=CC=CN.CC=CC>>CC1C=CC(N)C(C)C1C,0.0384259505099997,1
346,310,346,C=CC=CO.CC(N)=CN,CC1(N)C(O)C=CCC1N,C=CC=CO.CC(N)=CN>>CC1(N)C(O)C=CCC1N,0.0260353831470006,1
347,311,347,SC=CC=CBr.CC=CC,CC1C(S)C=CC(Br)C1C,SC=CC=CBr.CC=CC>>CC1C(S)C=CC(Br)C1C,0.0293959076530008,1
348,312,348,CC(F)=CC=CS.C=CC,CC1CC(S)C=CC1(C)F,CC(F)=CC=CS.C=CC>>CC1CC(S)C=CC1(C)F,0.0514232348000014,1
349,146,349,C=CC=CC.C=C(C)O,CC1C=CCCC1(C)O,C=CC=CC.C=C(C)O>>CC1C=CCCC1(C)O,0.0237891826300007,1
350,313,350,OC=CC=CBr.CC=CS,CC1C(O)C=CC(Br)C1S,OC=CC=CBr.CC=CS>>CC1C(O)C=CC(Br)C1S,0.0548601479819979,1
351,314,351,CC=CC=C(C)O.CC=C(C)S,CC1C=CC(C)(O)C(C)C1(C)S,CC=CC=C(C)O.CC=C(C)S>>CC1C=CC(C)(O)C(C)C1(C)S,0.0395751976580029,1
352,315,352,OC=CC=C(F)S.CC=C(C)S,CC1C(F)(S)C=CC(O)C1(C)S,OC=CC=C(F)S.CC=C(C)S>>CC1C(F)(S)C=CC(O)C1(C)S,0.0467600072489986,1
353,79,353,C=CC=CS.CC=CC,CC1CC=CC(S)C1C,C=CC=CS.CC=CC>>CC1CC=CC(S)C1C,0.0352847198480006,1
354,316,354,CC=CC=CO.C=C(C)O,CC1C=CC(O)C(C)(O)C1,CC=CC=CO.C=C(C)O>>CC1C=CC(O)C(C)(O)C1,0.0340064552850023,1
355,145,355,OC=CC=CS.C=CO,OC1C=CC(S)CC1O,OC=CC=CS.C=CO>>OC1C=CC(S)CC1O,0.0343678164810015,1
356,317,356,CC(S)=CC=CI.C=CS,CC1(S)C=CC(I)C(S)C1,CC(S)=CC=CI.C=CS>>CC1(S)C=CC(I)C(S)C1,0.046864736050999,1
357,318,357,C=CC=C(C)O.CC=C(O)O,CC1CC=CC(C)(O)C1(O)O,C=CC=C(C)O.CC=C(O)O>>CC1CC=CC(C)(O)C1(O)O,0.049528066181999,1
358,319,358,CC(C)=CC=C(C)I.C=CC,CC1CC(C)(C)C=CC1(C)I,CC(C)=CC=C(C)I.C=CC>>CC1CC(C)(C)C=CC1(C)I,0.0472751763569974,1
359,320,359,OC=CC=CO.CC(C)=C(O)O,CC1(C)C(O)C=CC(O)C1(O)O,OC=CC=CO.CC(C)=C(O)O>>CC1(C)C(O)C=CC(O)C1(O)O,0.0708052214150001,1
360,321,360,C=CC=CC.CC=C(C)I,CC1C=CCC(C)(I)C1C,C=CC=CC.CC=C(C)I>>CC1C=CCC(C)(I)C1C,0.0374084053940002,1
361,322,361,CC=CC=CS.CC=C(C)S,CC1C=CC(S)C(C)C1(C)S,CC=CC=CS.CC=C(C)S>>CC1C=CC(S)C(C)C1(C)S,0.0272815027129951,1
362,61,362,C=CC=CC.C=C(C)N,CC1C=CCC(C)(N)C1,C=CC=CC.C=C(C)N>>CC1C=CCC(C)(N)C1,0.0231155023579994,1
363,323,363,CC(S)=CC=CN.CC=CI,CC1C(I)C(N)C=CC1(C)S,CC(S)=CC=CN.CC=CI>>CC1C(I)C(N)C=CC1(C)S,0.0523781737719986,1
364,324,364,C=CC=C(C)N.NC=CO,CC1(N)C=CCC(O)C1N,C=CC=C(C)N.NC=CO>>CC1(N)C=CCC(O)C1N,0.0484456767329994,1
365,325,365,SC(I)=CC=CBr.C=C(C)Cl,CC1(Cl)CC(Br)C=CC1(S)I,SC(I)=CC=CBr.C=C(C)Cl>>CC1(Cl)CC(Br)C=CC1(S)I,0.0446560348920002,1
366,326,366,CC=CC=CN.CC=CCl,CC1C=CC(N)C(C)C1Cl,CC=CC=CN.CC=CCl>>CC1C=CC(N)C(C)C1Cl,0.0318709004789994,1
367,327,367,SC=CC=CI.CC(N)=C(O)S,CC1(N)C(I)C=CC(S)C1(O)S,SC=CC=CI.CC(N)=C(O)S>>CC1(N)C(I)C=CC(S)C1(O)S,0.0353794081390006,1
368,328,368,C=CC=C(N)N.NC(Br)=C(O)F,NC1(N)C=CCC(N)(Br)C1(O)F,C=CC=C(N)N.NC(Br)=C(O)F>>NC1(N)C=CCC(N)(Br)C1(O)F,0.0334787056780001,1
369,329,369,OC=CC=CS.CC=C(C)S,CC1C(O)C=CC(S)C1(C)S,OC=CC=CS.CC=C(C)S>>CC1C(O)C=CC(S)C1(C)S,0.041423336110995,1
370,330,370,C=CC=C(C)N.CC(C)=CN,CC1(N)C=CCC(C)(C)C1N,C=CC=C(C)N.CC(C)=CN>>CC1(N)C=CCC(C)(C)C1N,0.0373231985379973,1
371,152,371,C=CC=CC.CC=CC,CC1C=CCC(C)C1C,C=CC=CC.CC=CC>>CC1C=CCC(C)C1C,0.0223096985270032,1
372,331,372,CC(C)=CC=C(C)S.C=C(O)S,CC1(C)C=CC(C)(S)C(O)(S)C1,CC(C)=CC=C(C)S.C=C(O)S>>CC1(C)C=CC(C)(S)C(O)(S)C1,0.0419603733080009,1
373,332,373,C=CC=CC.CC(O)=C(C)F,CC1C=CCC(C)(O)C1(C)F,C=CC=CC.CC(O)=C(C)F>>CC1C=CCC(C)(O)C1(C)F,0.030075555918998,1
374,103,374,CC=CC=C(C)O.C=CN,CC1C=CC(C)(O)CC1N,CC=CC=C(C)O.C=CN>>CC1C=CC(C)(O)CC1N,0.0380518631349993,1
375,185,375,CC=CC=CC.CC=C(O)O,CC1C=CC(C)C(O)(O)C1C,CC=CC=CC.CC=C(O)O>>CC1C=CC(C)C(O)(O)C1C,0.0376377899490023,1
376,333,376,CC=CC=CO.C=C,CC1C=CC(O)CC1,CC=CC=CO.C=C>>CC1C=CC(O)CC1,0.0262695584269998,1
377,114,377,CC=CC=C(C)C.CC=CO,CC1C=CC(C)(C)C(O)C1C,CC=CC=C(C)C.CC=CO>>CC1C=CC(C)(C)C(O)C1C,0.0371065679380038,1
378,334,378,C=CC=C(N)O.C=C,NC1(O)C=CCCC1,C=CC=C(N)O.C=C>>NC1(O)C=CCCC1,0.0216352392290026,1
379,335,379,NC=CC=C(N)O.CC=CC,CC1C(N)C=CC(N)(O)C1C,NC=CC=C(N)O.CC=CC>>CC1C(N)C=CC(N)(O)C1C,0.0354489354100024,1
380,336,380,CC(C)=CC=C(C)N.C=CO,CC1(N)C=CC(C)(C)C(O)C1,CC(C)=CC=C(C)N.C=CO>>CC1(N)C=CC(C)(C)C(O)C1,0.0569590135950051,1
381,337,381,CC(O)=CC=CO.CC(O)=CN,CC1(O)C=CC(O)C(C)(O)C1N,CC(O)=CC=CO.CC(O)=CN>>CC1(O)C=CC(O)C(C)(O)C1N,0.0683096074060003,1
382,338,382,OC=CC=CS.CC(N)=C(O)S,CC1(N)C(O)C=CC(S)C1(O)S,OC=CC=CS.CC(N)=C(O)S>>CC1(N)C(O)C=CC(S)C1(O)S,0.0380124960210039,1
383,339,383,OC=CC=CS.OC=C(F)Cl,OC1C=CC(S)C(F)(Cl)C1O,OC=CC=CS.OC=C(F)Cl>>OC1C=CC(S)C(F)(Cl)C1O,0.0459210016,1
384,340,384,C=CC=C(C)C.FC=CCl,CC1(C)C=CCC(F)C1Cl,C=CC=C(C)C.FC=CCl>>CC1(C)C=CCC(F)C1Cl,0.0395251938629996,1
385,205,385,C=CC=CC.CC=CS,CC1C=CCC(C)C1S,C=CC=CC.CC=CS>>CC1C=CCC(C)C1S,0.020292005761,1
386,47,386,CC=CC=CN.C=C,CC1C=CC(N)CC1,CC=CC=CN.C=C>>CC1C=CC(N)CC1,0.0293919779029998,1
387,341,387,C=CC=C(C)O.CC(N)=CN,CC1(O)C=CCC(N)C1(C)N,C=CC=C(C)O.CC(N)=CN>>CC1(O)C=CCC(N)C1(C)N,0.0543030647720002,1
388,342,388,CC=CC=C(C)N.CC=CC,CC1C=CC(C)(N)C(C)C1C,CC=CC=C(C)N.CC=CC>>CC1C=CC(C)(N)C(C)C1C,0.0386530705360002,1
389,100,389,C=CC=CC.CC(C)=C(C)O,CC1C=CCC(C)(O)C1(C)C,C=CC=CC.CC(C)=C(C)O>>CC1C=CCC(C)(O)C1(C)C,0.0597536059789973,1
390,343,390,OC1=CC=CC1.CC=C(O)F,CC1C2(O)C=CC(C2)C1(O)F,OC1=CC=CC1.CC=C(O)F>>CC1C2(O)C=CC(C2)C1(O)F,0.0244001981570036,1
391,344,391,C=CC=C(C)C.CC(N)=CN,CC1(C)C=CCC(C)(N)C1N,C=CC=C(C)C.CC(N)=CN>>CC1(C)C=CCC(C)(N)C1N,0.0364672140400017,1
392,345,392,CC=CC=CS.CC(N)=CO,CC1C=CC(S)C(C)(N)C1O,CC=CC=CS.CC(N)=CO>>CC1C=CC(S)C(C)(N)C1O,0.0528447288000037,1
393,346,393,C=CC=C(C)C.NC=CI,CC1(C)C=CCC(N)C1I,C=CC=C(C)C.NC=CI>>CC1(C)C=CCC(N)C1I,0.0553816024669977,1
394,347,394,CC=CC=CC.CC(O)=C(N)I,CC1C=CC(C)C(N)(I)C1(C)O,CC=CC=CC.CC(O)=C(N)I>>CC1C=CC(C)C(N)(I)C1(C)O,0.0372084078260002,1
395,348,395,NC(O)=CC=CO.CC(C)=C(N)F,CC1(C)C(N)(O)C=CC(O)C1(N)F,NC(O)=CC=CO.CC(C)=C(N)F>>CC1(C)C(N)(O)C=CC(O)C1(N)F,0.0438625771019971,1
396,28,396,CC=CC=C(C)C.C=CC,CC1C=CC(C)(C)CC1C,CC=CC=C(C)C.C=CC>>CC1C=CC(C)(C)CC1C,0.056607814414999,1
397,349,397,CC(I)=CC=CO.NC(O)=CO,CC1(I)C=CC(O)C(O)C1(N)O,CC(I)=CC=CO.NC(O)=CO>>CC1(I)C=CC(O)C(O)C1(N)O,0.0545384110590063,1
398,146,398,C=CC=CC.C=C(C)O,CC1C=CCCC1(C)O,C=CC=CC.C=C(C)O>>CC1C=CCCC1(C)O,0.037367742164001,1
399,350,399,OC=CC=CS.C=C(C)S,CC1(S)CC(S)C=CC1O,OC=CC=CS.C=C(C)S>>CC1(S)CC(S)C=CC1O,0.0228049845369966,1
400,351,400,C=CC=C(C)Cl.C=C(C)C,CC1(Cl)C=CCC(C)(C)C1,C=CC=C(C)Cl.C=C(C)C>>CC1(Cl)C=CCC(C)(C)C1,0.0302562253139981,1
401,352,401,C=CC=C(S)Cl.C=C(C)S,CC1(S)CC=CC(S)(Cl)C1,C=CC=C(S)Cl.C=C(C)S>>CC1(S)CC=CC(S)(Cl)C1,0.0342632895899974,1
402,353,402,C=CC=CI.C=C(C)O,CC1(O)CC=CC(I)C1,C=CC=CI.C=C(C)O>>CC1(O)CC=CC(I)C1,0.0287878809860018,1
403,354,403,C=CC=C(C)N.C=C,CC1(N)C=CCCC1,C=CC=C(C)N.C=C>>CC1(N)C=CCCC1,0.0379263540950027,1
404,355,404,CC=CC=C(C)F.CC=C(C)O,CC1C=CC(C)(F)C(C)C1(C)O,CC=CC=C(C)F.CC=C(C)O>>CC1C=CC(C)(F)C(C)C1(C)O,0.0368124193980037,1
405,356,405,CC(C)=CC=CF.CC=CO,CC1C(O)C(F)C=CC1(C)C,CC(C)=CC=CF.CC=CO>>CC1C(O)C(F)C=CC1(C)C,0.0452867722150003,1
406,309,406,CC=CC=CN.CC=CC,CC1C=CC(N)C(C)C1C,CC=CC=CN.CC=CC>>CC1C=CC(N)C(C)C1C,0.0376196243249999,1
407,357,407,IC1=CC=CC1.CC=CC,CC1C2C=CC(I)(C2)C1C,IC1=CC=CC1.CC=CC>>CC1C2C=CC(I)(C2)C1C,0.0213073238930014,1
408,358,408,CC=CC=C(C)C.OC(O)=CS,CC1C=CC(C)(C)C(O)(O)C1S,CC=CC=C(C)C.OC(O)=CS>>CC1C=CC(C)(C)C(O)(O)C1S,0.0438084335170003,1
409,359,409,C=CC=CO.C=CS,OC1C=CCCC1S,C=CC=CO.C=CS>>OC1C=CCCC1S,0.0222836785920002,1
410,360,410,CC=CC=CO.CC=CS,CC1C=CC(O)C(C)C1S,CC=CC=CO.CC=CS>>CC1C=CC(O)C(C)C1S,0.0286147689450011,1
411,361,411,C=CC=CF.NC=CS,NC1CC=CC(F)C1S,C=CC=CF.NC=CS>>NC1CC=CC(F)C1S,0.0246851820259976,1
412,362,412,NC=CC=C(O)O.C=C(C)S,CC1(S)CC(O)(O)C=CC1N,NC=CC=C(O)O.C=C(C)S>>CC1(S)CC(O)(O)C=CC1N,0.0405060870659994,1
413,363,413,C=CC=C(N)S.C=C,NC1(S)C=CCCC1,C=CC=C(N)S.C=C>>NC1(S)C=CCCC1,0.0382462446670004,1
414,364,414,CC(O)=CC=CCl.C=C(C)O,CC1(O)C=CC(Cl)CC1(C)O,CC(O)=CC=CCl.C=C(C)O>>CC1(O)C=CC(Cl)CC1(C)O,0.0328711387140003,1
415,365,415,CC(C)=CC=C(O)Cl.C=C(C)I,CC1(C)C=CC(O)(Cl)CC1(C)I,CC(C)=CC=C(O)Cl.C=C(C)I>>CC1(C)C=CC(O)(Cl)CC1(C)I,0.0510176993659996,1
416,366,416,CC(S)=CC=CO.CC=CC,CC1C(O)C=CC(C)(S)C1C,CC(S)=CC=CO.CC=CC>>CC1C(O)C=CC(C)(S)C1C,0.0352979190559992,1
417,367,417,C=CC=C.CC=C(C)O,CC1CC=CCC1(C)O,C=CC=C.CC=C(C)O>>CC1CC=CCC1(C)O,0.0236800756139992,1
418,368,418,C=CC=CO.CC=C(C)O,CC1C(O)C=CCC1(C)O,C=CC=CO.CC=C(C)O>>CC1C(O)C=CCC1(C)O,0.0605232591089972,1
419,369,419,C=CC=C(C)S.C=CC,CC1CCC=CC1(C)S,C=CC=C(C)S.C=CC>>CC1CCC=CC1(C)S,0.046295115049002,1
420,370,420,CC=CC=C(O)S.CC=CC,CC1C=CC(O)(S)C(C)C1C,CC=CC=C(O)S.CC=CC>>CC1C=CC(O)(S)C(C)C1C,0.0326058286619996,1
421,371,421,CC(S)=CC=C(N)O.C=CC,CC1CC(N)(O)C=CC1(C)S,CC(S)=CC=C(N)O.C=CC>>CC1CC(N)(O)C=CC1(C)S,0.057163782501,1
422,372,422,CC(Br)=CC=C(F)S.CC=CO,CC1C(O)C(C)(Br)C=CC1(F)S,CC(Br)=CC=C(F)S.CC=CO>>CC1C(O)C(C)(Br)C=CC1(F)S,0.0555197392029995,1
423,373,423,CC=CC=CC.CC(F)=CN,CC1C=CC(C)C(C)(F)C1N,CC=CC=CC.CC(F)=CN>>CC1C=CC(C)C(C)(F)C1N,0.0356151668629962,1
424,374,424,C=CC=CS.C=C(C)C,CC1(C)CCC=CC1S,C=CC=CS.C=C(C)C>>CC1(C)CCC=CC1S,0.020327802858997,1
425,375,425,CC(C)=CC=C(C)S.CC(O)=CO,CC1(C)C=CC(C)(S)C(C)(O)C1O,CC(C)=CC=C(C)S.CC(O)=CO>>CC1(C)C=CC(C)(S)C(C)(O)C1O,0.0639094733399971,1
426,376,426,C=CC=CCl.CC(C)=C(C)C,CC1(C)CC=CC(Cl)C1(C)C,C=CC=CCl.CC(C)=C(C)C>>CC1(C)CC=CC(Cl)C1(C)C,0.0355061307280024,1
427,377,427,ClC1=CC=CC1.CC=CO,CC1C2C=CC(Cl)(C2)C1O,ClC1=CC=CC1.CC=CO>>CC1C2C=CC(Cl)(C2)C1O,0.0262178697380015,1
428,378,428,CC(C)=CC=CS.C=CN,CC1(C)C=CC(S)C(N)C1,CC(C)=CC=CS.C=CN>>CC1(C)C=CC(S)C(N)C1,0.027579224650001,1
429,379,429,C=CC=CS.OC=CO,OC1CC=CC(S)C1O,C=CC=CS.OC=CO>>OC1CC=CC(S)C1O,0.0253959388280016,1
430,380,430,C=CC=C(N)S.NC(S)=CS,NC1(S)C=CCC(N)(S)C1S,C=CC=C(N)S.NC(S)=CS>>NC1(S)C=CCC(N)(S)C1S,0.0392026635710038,1
431,381,431,CC(I)=CC=CO.CC=CF,CC1C(O)C=CC(C)(I)C1F,CC(I)=CC=CO.CC=CF>>CC1C(O)C=CC(C)(I)C1F,0.0578259723370067,1
432,382,432,CC(O)=CC=CS.OC=C(O)F,CC1(O)C=CC(S)C(O)C1(O)F,CC(O)=CC=CS.OC=C(O)F>>CC1(O)C=CC(S)C(O)C1(O)F,0.0489462170059979,1
433,383,433,CC=CC=C(O)F.OC=C(O)O,CC1C=CC(O)(F)C(O)C1(O)O,CC=CC=C(O)F.OC=C(O)O>>CC1C=CC(O)(F)C(O)C1(O)O,0.0349030205239984,1
434,384,434,OC=CC=C(O)O.CC(N)=C(C)S,CC1(S)C(O)C=CC(O)(O)C1(C)N,OC=CC=C(O)O.CC(N)=C(C)S>>CC1(S)C(O)C=CC(O)(O)C1(C)N,0.0390531664579967,1
435,385,435,C=CC=C(C)C.CC=CN,CC1C(N)CC=CC1(C)C,C=CC=C(C)C.CC=CN>>CC1C(N)CC=CC1(C)C,0.0369319512690005,1
436,46,436,C=CC=CS.C=CC,CC1CCC=CC1S,C=CC=CS.C=CC>>CC1CCC=CC1S,0.0200488824610012,1
437,125,437,C=CC=CC.C=CC,CC1C=CCCC1C,C=CC=CC.C=CC>>CC1C=CCCC1C,0.0190338029570007,1
438,386,438,NC=CC=CO.CC=C(C)Br,CC1C(O)C=CC(N)C1(C)Br,NC=CC=CO.CC=C(C)Br>>CC1C(O)C=CC(N)C1(C)Br,0.050195791081002,1
439,171,439,C=CC=C.CC=CN,CC1CC=CCC1N,C=CC=C.CC=CN>>CC1CC=CCC1N,0.0219268672219996,1
440,387,440,CC=CC=CO.CC=C(C)O,CC1C=CC(O)C(C)C1(C)O,CC=CC=CO.CC=C(C)O>>CC1C=CC(O)C(C)C1(C)O,0.0306119554830033,1
441,388,441,CC(O)=CC=C(S)S.CC(F)=CS,CC1(O)C=CC(S)(S)C(S)C1(C)F,CC(O)=CC=C(S)S.CC(F)=CS>>CC1(O)C=CC(S)(S)C(S)C1(C)F,0.0446332755070031,1
442,389,442,C=CC=CC.CC(S)=C(C)Cl,CC1C=CCC(C)(Cl)C1(C)S,C=CC=CC.CC(S)=C(C)Cl>>CC1C=CCC(C)(Cl)C1(C)S,0.0506434101690018,1
443,390,443,C=CC=C(N)S.CC=C(C)O,CC1CC=CC(N)(S)C1(C)O,C=CC=C(N)S.CC=C(C)O>>CC1CC=CC(N)(S)C1(C)O,0.0368987393059967,1
444,391,444,CC=CC=C(C)S.CC=CS,CC1C=CC(C)(S)C(C)C1S,CC=CC=C(C)S.CC=CS>>CC1C=CC(C)(S)C(C)C1S,0.0355436846210039,1
445,392,445,OC=CC=CO.CC(S)=C(C)Cl,CC1(S)C(O)C=CC(O)C1(C)Cl,OC=CC=CO.CC(S)=C(C)Cl>>CC1(S)C(O)C=CC(O)C1(C)Cl,0.0612323591480006,1
446,80,446,C=CC=C(C)S.CC=CC,CC1CC=CC(C)(S)C1C,C=CC=C(C)S.CC=CC>>CC1CC=CC(C)(S)C1C,0.0343932354660019,1
447,393,447,C=CC=C(N)S.CC(N)=CN,CC1(N)C(N)CC=CC1(N)S,C=CC=C(N)S.CC(N)=CN>>CC1(N)C(N)CC=CC1(N)S,0.054792988915004,1
448,394,448,C=CC=CC.NC(S)=CO,CC1C=CCC(O)C1(N)S,C=CC=CC.NC(S)=CO>>CC1C=CCC(O)C1(N)S,0.0469882681520026,1
449,395,449,C=CC=CC.CC(O)=C(O)O,CC1C=CCC(C)(O)C1(O)O,C=CC=CC.CC(O)=C(O)O>>CC1C=CCC(C)(O)C1(O)O,0.0588819013729988,1
450,396,450,C=CC=CS.CC(O)=C(C)Br,CC1(O)CC=CC(S)C1(C)Br,C=CC=CS.CC(O)=C(C)Br>>CC1(O)CC=CC(S)C1(C)Br,0.0372635256630005,1
451,397,451,CC(S)=CC=CO.CC=CN,CC1C(N)C(O)C=CC1(C)S,CC(S)=CC=CO.CC=CN>>CC1C(N)C(O)C=CC1(C)S,0.0564144286109993,1
452,398,452,C=CC=CS.CC(C)=CBr,CC1(C)CC=CC(S)C1Br,C=CC=CS.CC(C)=CBr>>CC1(C)CC=CC(S)C1Br,0.0338291823040002,1
453,399,453,CC=CC=CN.CC(Cl)=CO,CC1C=CC(N)C(O)C1(C)Cl,CC=CC=CN.CC(Cl)=CO>>CC1C=CC(N)C(O)C1(C)Cl,0.0586750725519991,1
454,400,454,CC(S)=CC=CN.C=C(C)Cl,CC1(S)C=CC(N)C(C)(Cl)C1,CC(S)=CC=CN.C=C(C)Cl>>CC1(S)C=CC(N)C(C)(Cl)C1,0.0279566343169932,1
455,401,455,CC=CC=C(C)C.C=C(C)F,CC1C=CC(C)(C)C(C)(F)C1,CC=CC=C(C)C.C=C(C)F>>CC1C=CC(C)(C)C(C)(F)C1,0.0523971692780023,1
456,402,456,CC=CC=C(C)O.C=CC,CC1C=CC(C)(O)CC1C,CC=CC=C(C)O.C=CC>>CC1C=CC(C)(O)CC1C,0.0477950087949992,1
457,403,457,C=CC=CO.CC=CN,CC1CC=CC(O)C1N,C=CC=CO.CC=CN>>CC1CC=CC(O)C1N,0.0200326315920023,1
458,404,458,NC=CC=CN.CC=CC,CC1C(N)C=CC(N)C1C,NC=CC=CN.CC=CC>>CC1C(N)C=CC(N)C1C,0.0298311507199997,1
459,405,459,CC(C)=CC=CS.CC(O)=CN,CC1(C)C=CC(S)C(N)C1(C)O,CC(C)=CC=CS.CC(O)=CN>>CC1(C)C=CC(S)C(N)C1(C)O,0.0647573342809977,1
460,406,460,CC(O)=CC=C(O)O.CC(N)=CO,CC1(O)C=CC(O)(O)C(O)C1(C)N,CC(O)=CC=C(O)O.CC(N)=CO>>CC1(O)C=CC(O)(O)C(O)C1(C)N,0.0389521602600027,1
461,407,461,CC(S)=CC=C(C)S.CC(C)=CN,CC1(S)C=CC(C)(S)C(C)(C)C1N,CC(S)=CC=C(C)S.CC(C)=CN>>CC1(S)C=CC(C)(S)C(C)(C)C1N,0.0633474362130002,1
462,408,462,CC=CC=C(C)I.C=C(O)S,CC1C=CC(C)(I)C(O)(S)C1,CC=CC=C(C)I.C=C(O)S>>CC1C=CC(C)(I)C(O)(S)C1,0.0474989591089993,1
463,409,463,CC=CC=CO.CC(O)=C(C)O,CC1C=CC(O)C(C)(O)C1(C)O,CC=CC=CO.CC(O)=C(C)O>>CC1C=CC(O)C(C)(O)C1(C)O,0.0706974215719995,1
464,410,464,CC=CC=C(C)O.C=C(S)S,CC1C=CC(C)(O)C(S)(S)C1,CC=CC=C(C)O.C=C(S)S>>CC1C=CC(C)(O)C(S)(S)C1,0.0332512112470055,1
465,402,465,CC=CC=C(C)O.C=CC,CC1C=CC(C)(O)CC1C,CC=CC=C(C)O.C=CC>>CC1C=CC(C)(O)CC1C,0.0298862287719998,1
466,411,466,CC=CC=CS.C=C(C)Br,CC1C=CC(S)C(C)(Br)C1,CC=CC=CS.C=C(C)Br>>CC1C=CC(S)C(C)(Br)C1,0.020413771826,1
467,412,467,CC(N)=CC=CS.NC=CS,CC1(N)C=CC(S)C(N)C1S,CC(N)=CC=CS.NC=CS>>CC1(N)C=CC(S)C(N)C1S,0.0557422387059958,1
468,413,468,C=CC=C(C)Cl.C=CF,CC1(Cl)C=CCC(F)C1,C=CC=C(C)Cl.C=CF>>CC1(Cl)C=CCC(F)C1,0.0249522431500004,1
469,302,469,CC=CC=CC.CC=CC,CC1C=CC(C)C(C)C1C,CC=CC=CC.CC=CC>>CC1C=CC(C)C(C)C1C,0.0525030066159999,1
470,414,470,C=CC=CC.CC=C(C)O,CC1C=CCC(C)(O)C1C,C=CC=CC.CC=C(C)O>>CC1C=CCC(C)(O)C1C,0.0377052374670014,1
471,415,471,CC=CC=CI.NC=C(O)S,CC1C=CC(I)C(N)C1(O)S,CC=CC=CI.NC=C(O)S>>CC1C=CC(I)C(N)C1(O)S,0.0598083271420009,1
472,404,472,NC=CC=CN.CC=CC,CC1C(N)C=CC(N)C1C,NC=CC=CN.CC=CC>>CC1C(N)C=CC(N)C1C,0.0256754150169982,1
473,416,473,CC=CC=CO.CC=CO,CC1C=CC(O)C(O)C1C,CC=CC=CO.CC=CO>>CC1C=CC(O)C(O)C1C,0.0376633594639983,1
474,226,474,C=CC=CO.C=CC,CC1CC=CC(O)C1,C=CC=CO.C=CC>>CC1CC=CC(O)C1,0.0186125013499989,1
475,125,475,C=CC=CC.C=CC,CC1C=CCCC1C,C=CC=CC.C=CC>>CC1C=CCCC1C,0.019112349474998,1
476,248,476,C=CC=CS.C=CO,OC1CC=CC(S)C1,C=CC=CS.C=CO>>OC1CC=CC(S)C1,0.023986159167002,1
477,417,477,NC(O)=CC=CO.C=C,NC1(O)C=CC(O)CC1,NC(O)=CC=CO.C=C>>NC1(O)C=CC(O)CC1,0.0285326234179983,1
478,418,478,NC=CC=CO.C=C,NC1C=CC(O)CC1,NC=CC=CO.C=C>>NC1C=CC(O)CC1,0.0354707410359971,1
479,419,479,CC(O)=CC=C(C)S.NC=CO,CC1(O)C=CC(C)(S)C(N)C1O,CC(O)=CC=C(C)S.NC=CO>>CC1(O)C=CC(C)(S)C(N)C1O,0.0603660615799981,1
480,387,480,CC=CC=CO.CC=C(C)O,CC1C=CC(O)C(C)C1(C)O,CC=CC=CO.CC=C(C)O>>CC1C=CC(O)C(C)C1(C)O,0.0429856098299978,1
481,420,481,C1=CCC=C1.CC=C(N)S,CC1C2C=CC(C2)C1(N)S,C1=CCC=C1.CC=C(N)S>>CC1C2C=CC(C2)C1(N)S,0.0269486230889981,1
482,421,482,CC(O)=CC=CS.CC=CO,CC1C(S)C=CC(C)(O)C1O,CC(O)=CC=CS.CC=CO>>CC1C(S)C=CC(C)(O)C1O,0.0381789982649962,1
483,422,483,CC(C)=CC=CS.CC(C)=CN,CC1(C)C=CC(S)C(N)C1(C)C,CC(C)=CC=CS.CC(C)=CN>>CC1(C)C=CC(S)C(N)C1(C)C,0.073188985502,1
484,423,484,C=CC=C.CC=CC,CC1CC=CCC1C,C=CC=C.CC=CC>>CC1CC=CCC1C,0.0215399643020006,1
485,261,485,C=CC=CC.OC=CS,CC1C=CCC(O)C1S,C=CC=CC.OC=CS>>CC1C=CCC(O)C1S,0.0253989252300002,1
486,424,486,C=CC=C(C)Cl.C=C(F)Br,CC1(Cl)C=CCC(F)(Br)C1,C=CC=C(C)Cl.C=C(F)Br>>CC1(Cl)C=CCC(F)(Br)C1,0.0226967830989934,1
487,425,487,NC=CC=CO.CC=CI,CC1C(O)C=CC(N)C1I,NC=CC=CO.CC=CI>>CC1C(O)C=CC(N)C1I,0.0403523852840024,1
488,426,488,CC(C)=CC=C(C)O.CC(O)=C(O)F,CC1(C)C=CC(C)(O)C(O)(F)C1(C)O,CC(C)=CC=C(C)O.CC(O)=C(O)F>>CC1(C)C=CC(C)(O)C(O)(F)C1(C)O,0.0666635342199981,1
489,427,489,CC=CC=CS.C=C(O)S,CC1C=CC(S)CC1(O)S,CC=CC=CS.C=C(O)S>>CC1C=CC(S)CC1(O)S,0.0343405335549995,1
490,428,490,NC(O)=CC=CO.CC(F)=CO,CC1(F)C(O)C(O)C=CC1(N)O,NC(O)=CC=CO.CC(F)=CO>>CC1(F)C(O)C(O)C=CC1(N)O,0.0342210762320007,1
491,429,491,C=CC=C(C)N.C=C(C)C,CC1(N)C=CCC(C)(C)C1,C=CC=C(C)N.C=C(C)C>>CC1(N)C=CCC(C)(C)C1,0.0326938144660005,1
492,430,492,CC=CC=C(C)I.NC(Cl)=CS,CC1C=CC(C)(I)C(S)C1(N)Cl,CC=CC=C(C)I.NC(Cl)=CS>>CC1C=CC(C)(I)C(S)C1(N)Cl,0.0451661635149989,1
493,431,493,CC(C)=CC=CN.CC=CC,CC1C(N)C=CC(C)(C)C1C,CC(C)=CC=CN.CC=CC>>CC1C(N)C=CC(C)(C)C1C,0.0385249419619952,1
494,432,494,CC(C)=CC=CN.C=C(N)O,CC1(C)C=CC(N)CC1(N)O,CC(C)=CC=CN.C=C(N)O>>CC1(C)C=CC(N)CC1(N)O,0.0407615371429983,1
495,433,495,FC=CC=CI.C=CC,CC1CC(I)C=CC1F,FC=CC=CI.C=CC>>CC1CC(I)C=CC1F,0.0235189640760005,1
496,107,496,CC=CC=CO.C=CC,CC1C=CC(O)C(C)C1,CC=CC=CO.C=CC>>CC1C=CC(O)C(C)C1,0.0236842991819976,1
497,434,497,C=CC=CC.NC(O)=CO,CC1C=CCC(N)(O)C1O,C=CC=CC.NC(O)=CO>>CC1C=CCC(N)(O)C1O,0.0326171018789978,1
498,435,498,C=CC=CN.CC=CC,CC1CC=CC(N)C1C,C=CC=CN.CC=CC>>CC1CC=CC(N)C1C,0.0372070478170023,1
499,436,499,CC=CC=CO.OC(S)=CI,CC1C=CC(O)C(I)C1(O)S,CC=CC=CO.OC(S)=CI>>CC1C=CC(O)C(I)C1(O)S,0.0297935610149977,1
500,437,500,NC(S)=CC=CO.CC=C(C)O,CC1C(N)(S)C=CC(O)C1(C)O,NC(S)=CC=CO.CC=C(C)O>>CC1C(N)(S)C=CC(O)C1(C)O,0.0665799512349991,1
501,438,501,C=CC=CO.CC=CBr,CC1CC=CC(O)C1Br,C=CC=CO.CC=CBr>>CC1CC=CC(O)C1Br,0.0197037274390012,1
502,439,502,NC=CC=CF.CC(O)=CO,CC1(O)C(N)C=CC(F)C1O,NC=CC=CF.CC(O)=CO>>CC1(O)C(N)C=CC(F)C1O,0.0294408343210008,1
503,440,503,NC=CC=CS.CC=CS,CC1C(S)C=CC(N)C1S,NC=CC=CS.CC=CS>>CC1C(S)C=CC(N)C1S,0.0339410216829989,1
504,130,504,C=CC=CO.C=C(C)C,CC1(C)CC=CC(O)C1,C=CC=CO.C=C(C)C>>CC1(C)CC=CC(O)C1,0.0349498857850001,1
505,441,505,NC(O)=CC=CO.CC(N)=CS,CC1(N)C(S)C(O)C=CC1(N)O,NC(O)=CC=CO.CC(N)=CS>>CC1(N)C(S)C(O)C=CC1(N)O,0.0461035099099973,1
506,190,506,C=CC=CO.CC=CC,CC1CC=CC(O)C1C,C=CC=CO.CC=CC>>CC1CC=CC(O)C1C,0.0314316487569996,1
507,442,507,C1=CCC=C1.OC(O)=CF,OC1(O)C2C=CC(C2)C1F,C1=CCC=C1.OC(O)=CF>>OC1(O)C2C=CC(C2)C1F,0.024231234698,1
508,443,508,C=CC=CN.C=C(N)O,NC1C=CCC(N)(O)C1,C=CC=CN.C=C(N)O>>NC1C=CCC(N)(O)C1,0.0360371946900031,1
509,444,509,NC=CC=C(O)S.C=CS,NC1C=CC(O)(S)C(S)C1,NC=CC=C(O)S.C=CS>>NC1C=CC(O)(S)C(S)C1,0.0591292045659983,1
510,72,510,C=CC=C.C=CO,OC1CC=CCC1,C=CC=C.C=CO>>OC1CC=CCC1,0.021562327564002,1
511,445,511,OC1=CC=C(O)C1.C=C(C)O,CC1(O)CC2(O)C=CC1(O)C2,OC1=CC=C(O)C1.C=C(C)O>>CC1(O)CC2(O)C=CC1(O)C2,0.0281801549920004,1
512,446,512,OC=CC=CO.CC=C(C)Cl,CC1C(O)C=CC(O)C1(C)Cl,OC=CC=CO.CC=C(C)Cl>>CC1C(O)C=CC(O)C1(C)Cl,0.0370808524690033,1
513,447,513,C=CC=C(C)C.NC=CN,CC1(C)C=CCC(N)C1N,C=CC=C(C)C.NC=CN>>CC1(C)C=CCC(N)C1N,0.0365465468289976,1
514,448,514,NC(S)=CC=CO.CC=CO,CC1C(O)C=CC(N)(S)C1O,NC(S)=CC=CO.CC=CO>>CC1C(O)C=CC(N)(S)C1O,0.0340653360869964,1
515,449,515,CC(I)=CC=CN.CC=CC,CC1C(N)C=CC(C)(I)C1C,CC(I)=CC=CN.CC=CC>>CC1C(N)C=CC(C)(I)C1C,0.036765781951999,1
516,450,516,CC=CC=CI.CC=CO,CC1C=CC(I)C(C)C1O,CC=CC=CI.CC=CO>>CC1C=CC(I)C(C)C1O,0.0316286981529998,1
517,159,517,C=CC=C(C)O.CC=CC,CC1CC=CC(C)(O)C1C,C=CC=C(C)O.CC=CC>>CC1CC=CC(C)(O)C1C,0.0343233793769996,1
518,451,518,C=CC=CO.C=C,OC1C=CCCC1,C=CC=CO.C=C>>OC1C=CCCC1,0.0151932172310012,1
519,452,519,C=CC=C(C)Br.C=CN,CC1(Br)C=CCC(N)C1,C=CC=C(C)Br.C=CN>>CC1(Br)C=CCC(N)C1,0.0283731641409978,1
520,453,520,CC=CC=C(C)C.CC(O)=C(N)O,CC1C=CC(C)(C)C(N)(O)C1(C)O,CC=CC=C(C)C.CC(O)=C(N)O>>CC1C=CC(C)(C)C(N)(O)C1(C)O,0.0595285519479986,1
521,423,521,C=CC=C.CC=CC,CC1CC=CCC1C,C=CC=C.CC=CC>>CC1CC=CCC1C,0.0215371030509992,1
522,454,522,NC=CC=C(N)S.CC(C)=CN,CC1(C)C(N)C=CC(N)(S)C1N,NC=CC=C(N)S.CC(C)=CN>>CC1(C)C(N)C=CC(N)(S)C1N,0.0686378039900006,1
523,455,523,C=CC=C(C)O.CC=CN,CC1C(N)CC=CC1(C)O,C=CC=C(C)O.CC=CN>>CC1C(N)CC=CC1(C)O,0.0331842572990019,1
524,37,524,CC=CC=CC.CC=C(C)O,CC1C=CC(C)C(C)(O)C1C,CC=CC=CC.CC=C(C)O>>CC1C=CC(C)C(C)(O)C1C,0.0295819671010022,1
525,456,525,C=CC=CO.CC=CCl,CC1CC=CC(O)C1Cl,C=CC=CO.CC=CCl>>CC1CC=CC(O)C1Cl,0.0247788855949977,1
526,457,526,C=CC=C(C)N.CC=CC,CC1CC=CC(C)(N)C1C,C=CC=C(C)N.CC=CC>>CC1CC=CC(C)(N)C1C,0.0358610406239989,1
527,458,527,CC=CC=CS.CC=C(C)O,CC1C=CC(S)C(C)(O)C1C,CC=CC=CS.CC=C(C)O>>CC1C=CC(S)C(C)(O)C1C,0.0410127493039951,1
528,459,528,NC(N)=CC=CO.C=CN,NC1CC(N)(N)C=CC1O,NC(N)=CC=CO.C=CN>>NC1CC(N)(N)C=CC1O,0.0372213028850012,1
529,460,529,CC(N)=CC=C(C)O.CC=CC,CC1C(C)C(C)(O)C=CC1(C)N,CC(N)=CC=C(C)O.CC=CC>>CC1C(C)C(C)(O)C=CC1(C)N,0.0424275569519991,1
530,302,530,CC=CC=CC.CC=CC,CC1C=CC(C)C(C)C1C,CC=CC=CC.CC=CC>>CC1C=CC(C)C(C)C1C,0.0238921373509981,1
531,111,531,OC=CC=CO.C=CC,CC1CC(O)C=CC1O,OC=CC=CO.C=CC>>CC1CC(O)C=CC1O,0.0315899086299999,1
532,461,532,CC=CC=CN.NC=CI,CC1C=CC(N)C(N)C1I,CC=CC=CN.NC=CI>>CC1C=CC(N)C(N)C1I,0.0357138086079977,1
533,145,533,OC=CC=CS.C=CO,OC1C=CC(S)CC1O,OC=CC=CS.C=CO>>OC1C=CC(S)CC1O,0.0331405096790007,1
534,462,534,NC=CC=CO.CC=CC,CC1C(N)C=CC(O)C1C,NC=CC=CO.CC=CC>>CC1C(N)C=CC(O)C1C,0.0372955448489982,1
535,463,535,CC=CC=C(C)N.CC=CO,CC1C=CC(C)(N)C(C)C1O,CC=CC=C(C)N.CC=CO>>CC1C=CC(C)(N)C(C)C1O,0.0598931090210044,1
536,464,536,C=CC=C.FC(Br)=CCl,FC1(Br)CC=CCC1Cl,C=CC=C.FC(Br)=CCl>>FC1(Br)CC=CCC1Cl,0.0163895497320005,1
537,465,537,CC(O)=CC=C(C)S.OC(Br)=CCl,CC1(O)C=CC(C)(S)C(O)(Br)C1Cl,CC(O)=CC=C(C)S.OC(Br)=CCl>>CC1(O)C=CC(C)(S)C(O)(Br)C1Cl,0.0595974121300031,1
538,466,538,CC=CC=C(C)N.C=C(C)C,CC1C=CC(C)(N)CC1(C)C,CC=CC=C(C)N.C=C(C)C>>CC1C=CC(C)(N)CC1(C)C,0.0346917405160027,1
539,467,539,NC(O)=CC=CS.CC=CO,CC1C(O)C(S)C=CC1(N)O,NC(O)=CC=CS.CC=CO>>CC1C(O)C(S)C=CC1(N)O,0.0468498042570004,1
540,468,540,CC=CC=CN.CC=CO,CC1C=CC(N)C(O)C1C,CC=CC=CN.CC=CO>>CC1C=CC(N)C(O)C1C,0.026347318187998,1
541,469,541,OC=CC=CBr.CC(S)=CS,CC1(S)C(O)C=CC(Br)C1S,OC=CC=CBr.CC(S)=CS>>CC1(S)C(O)C=CC(Br)C1S,0.0340577056330033,1
542,470,542,CC(C)=CC=C(C)S.CC=CO,CC1C(O)C(C)(S)C=CC1(C)C,CC(C)=CC=C(C)S.CC=CO>>CC1C(O)C(C)(S)C=CC1(C)C,0.0657931377320011,1
543,471,543,C=CC=C(O)O.CC=CS,CC1CC=CC(O)(O)C1S,C=CC=C(O)O.CC=CS>>CC1CC=CC(O)(O)C1S,0.0321175036819951,1
544,431,544,CC(C)=CC=CN.CC=CC,CC1C(N)C=CC(C)(C)C1C,CC(C)=CC=CN.CC=CC>>CC1C(N)C=CC(C)(C)C1C,0.0399906245150063,1
545,197,545,CC(O)=CC=CN.CC=C(C)C,CC1C(C)(O)C=CC(N)C1(C)C,CC(O)=CC=CN.CC=C(C)C>>CC1C(C)(O)C=CC(N)C1(C)C,0.0433470632410006,1
546,472,546,CC(F)=CC=C(N)S.C=CS,CC1(F)C=CC(N)(S)C(S)C1,CC(F)=CC=C(N)S.C=CS>>CC1(F)C=CC(N)(S)C(S)C1,0.039422914444998,1
547,473,547,CC=CC=CS.CC(C)=C(C)Cl,CC1C=CC(S)C(C)(Cl)C1(C)C,CC=CC=CS.CC(C)=C(C)Cl>>CC1C=CC(S)C(C)(Cl)C1(C)C,0.0672356326800027,1
548,474,548,CC(O)=CC=CO.C=CO,CC1(O)C=CC(O)CC1O,CC(O)=CC=CO.C=CO>>CC1(O)C=CC(O)CC1O,0.0305928512360011,1
549,475,549,C=CC=C(C)S.CC=C(C)I,CC1CC=CC(C)(S)C1(C)I,C=CC=C(C)S.CC=C(C)I>>CC1CC=CC(C)(S)C1(C)I,0.0467560541620031,1
550,476,550,C=CC=CN.CC(C)=CO,CC1(C)CC=CC(N)C1O,C=CC=CN.CC(C)=CO>>CC1(C)CC=CC(N)C1O,0.032460246150002,1
551,477,551,C=CC=CBr.CC=C(O)F,CC1CC=CC(Br)C1(O)F,C=CC=CBr.CC=C(O)F>>CC1CC=CC(Br)C1(O)F,0.0507161578849988,1
552,478,552,CC=CC=CC.C=C(C)C,CC1C=CC(C)C(C)(C)C1,CC=CC=CC.C=C(C)C>>CC1C=CC(C)C(C)(C)C1,0.0258357853409982,1
553,479,553,CC(C)=CC=CS.CC=C(O)F,CC1C(C)(C)C=CC(S)C1(O)F,CC(C)=CC=CS.CC=C(O)F>>CC1C(C)(C)C=CC(S)C1(O)F,0.0610046212079993,1
554,283,554,CC(O)=CC=CO.C=CC,CC1CC(O)C=CC1(C)O,CC(O)=CC=CO.C=CC>>CC1CC(O)C=CC1(C)O,0.0366069731550027,1
555,206,555,OC=CC=CS.CC=CN,CC1C(S)C=CC(O)C1N,OC=CC=CS.CC=CN>>CC1C(S)C=CC(O)C1N,0.0349175231399989,1
556,480,556,OC=CC=C(O)Br.OC=C(O)S,OC1C=CC(O)(Br)C(O)C1(O)S,OC=CC=C(O)Br.OC=C(O)S>>OC1C=CC(O)(Br)C(O)C1(O)S,0.0385175371489978,1
557,213,557,NC=CC=CO.CC=CO,CC1C(O)C=CC(N)C1O,NC=CC=CO.CC=CO>>CC1C(O)C=CC(N)C1O,0.0423530174679953,1
558,481,558,C=CC=C(C)S.CC=C(C)O,CC1CC=CC(C)(S)C1(C)O,C=CC=C(C)S.CC=C(C)O>>CC1CC=CC(C)(S)C1(C)O,0.0501390307049973,1
559,125,559,C=CC=CC.C=CC,CC1C=CCCC1C,C=CC=CC.C=CC>>CC1C=CCCC1C,0.0190991709689996,1
560,248,560,C=CC=CS.C=CO,OC1CC=CC(S)C1,C=CC=CS.C=CO>>OC1CC=CC(S)C1,0.0239309027059988,1
561,309,561,CC=CC=CN.CC=CC,CC1C=CC(N)C(C)C1C,CC=CC=CN.CC=CC>>CC1C=CC(N)C(C)C1C,0.0366730556650019,1
562,416,562,CC=CC=CO.CC=CO,CC1C=CC(O)C(O)C1C,CC=CC=CO.CC=CO>>CC1C=CC(O)C(O)C1C,0.0278536142310059,1
563,482,563,C=CC=C(C)O.C=C(O)Cl,CC1(O)C=CCCC1(O)Cl,C=CC=C(C)O.C=C(O)Cl>>CC1(O)C=CCCC1(O)Cl,0.0450505501289981,1
564,483,564,CC=CC=C(C)C.C=CS,CC1C=CC(C)(C)C(S)C1,CC=CC=C(C)C.C=CS>>CC1C=CC(C)(C)C(S)C1,0.0444292359009992,1
565,484,565,NC=CC=CO.CC=C(F)Cl,CC1C(N)C=CC(O)C1(F)Cl,NC=CC=CO.CC=C(F)Cl>>CC1C(N)C=CC(O)C1(F)Cl,0.0273867476940026,1
566,485,566,CC=CC=CC.CC(N)=CO,CC1C=CC(C)C(C)(N)C1O,CC=CC=CC.CC(N)=CO>>CC1C=CC(C)C(C)(N)C1O,0.0284964685319977,1
567,486,567,CC(F)=CC=C(O)O.C=CC,CC1CC(O)(O)C=CC1(C)F,CC(F)=CC=C(O)O.C=CC>>CC1CC(O)(O)C=CC1(C)F,0.0308038753919959,1
568,72,568,C=CC=C.C=CO,OC1CC=CCC1,C=CC=C.C=CO>>OC1CC=CCC1,0.0192140505940017,1
569,487,569,C=CC=C(C)S.C=CO,CC1(S)C=CCC(O)C1,C=CC=C(C)S.C=CO>>CC1(S)C=CCC(O)C1,0.0355895377020019,1
570,261,570,C=CC=CC.OC=CS,CC1C=CCC(O)C1S,C=CC=CC.OC=CS>>CC1C=CCC(O)C1S,0.0336980970600002,1
571,488,571,CC1=CC=C(O)C1.C=C(C)N,CC12C=CC(O)(C1)C(C)(N)C2,CC1=CC=C(O)C1.C=C(C)N>>CC12C=CC(O)(C1)C(C)(N)C2,0.0269758769850056,1
572,489,572,C=CC=CC.C=C(C)Cl,CC1C=CCCC1(C)Cl,C=CC=CC.C=C(C)Cl>>CC1C=CCCC1(C)Cl,0.0215006432100004,1
573,490,573,FC=CC=CS.CC=C(C)C,CC1C(S)C=CC(F)C1(C)C,FC=CC=CS.CC=C(C)C>>CC1C(S)C=CC(F)C1(C)C,0.0339197659819987,1
574,491,574,C=CC=CC.NC=CO,CC1C=CCC(O)C1N,C=CC=CC.NC=CO>>CC1C=CCC(O)C1N,0.0249834324390008,1
575,492,575,C=CC=CC.C=C(C)C,CC1C=CCCC1(C)C,C=CC=CC.C=C(C)C>>CC1C=CCCC1(C)C,0.0361985128550017,1
576,491,576,C=CC=CC.NC=CO,CC1C=CCC(O)C1N,C=CC=CC.NC=CO>>CC1C=CCC(O)C1N,0.0232935048599998,1
577,493,577,C=CC=C(C)N.CC=C(C)C,CC1CC=CC(C)(N)C1(C)C,C=CC=C(C)N.CC=C(C)C>>CC1CC=CC(C)(N)C1(C)C,0.0403501920419984,1
578,494,578,C=CC=CC.NC(O)=CI,CC1C=CCC(I)C1(N)O,C=CC=CC.NC(O)=CI>>CC1C=CCC(I)C1(N)O,0.0284382034200021,1
579,40,579,C=CC=CS.C=C,SC1C=CCCC1,C=CC=CS.C=C>>SC1C=CCCC1,0.0168124443780008,1
580,495,580,CC=CC=C(C)C.CC=CBr,CC1C=CC(C)(C)C(C)C1Br,CC=CC=C(C)C.CC=CBr>>CC1C=CC(C)(C)C(C)C1Br,0.0521925472369986,1
581,496,581,C=CC=C(C)Br.C=CO,CC1(Br)C=CCCC1O,C=CC=C(C)Br.C=CO>>CC1(Br)C=CCCC1O,0.045033591851002,1
582,61,582,C=CC=CC.C=C(C)N,CC1C=CCC(C)(N)C1,C=CC=CC.C=C(C)N>>CC1C=CCC(C)(N)C1,0.0217528785479999,1
583,497,583,CC(C)=CC=C(N)O.CC=CN,CC1C(N)C(N)(O)C=CC1(C)C,CC(C)=CC=C(N)O.CC=CN>>CC1C(N)C(N)(O)C=CC1(C)C,0.0560023942869989,1
584,498,584,CC(O)=CC=CBr.CC=CS,CC1C(S)C(Br)C=CC1(C)O,CC(O)=CC=CBr.CC=CS>>CC1C(S)C(Br)C=CC1(C)O,0.0566194990850021,1
585,107,585,CC=CC=CO.C=CC,CC1C=CC(O)C(C)C1,CC=CC=CO.C=CC>>CC1C=CC(O)C(C)C1,0.0236701577469986,1
586,72,586,C=CC=C.C=CO,OC1CC=CCC1,C=CC=C.C=CO>>OC1CC=CCC1,0.0212526451969985,1
587,499,587,CC=CC=C(C)C.CC(N)=CO,CC1C=CC(C)(C)C(C)(N)C1O,CC=CC=C(C)C.CC(N)=CO>>CC1C=CC(C)(C)C(C)(N)C1O,0.0559091993320066,1
588,500,588,C1=CCC=C1.CC(O)=CO,CC1(O)C2C=CC(C2)C1O,C1=CCC=C1.CC(O)=CO>>CC1(O)C2C=CC(C2)C1O,0.0264164859010023,1
589,267,589,CC=CC=CC.C=C(C)O,CC1C=CC(C)C(C)(O)C1,CC=CC=CC.C=C(C)O>>CC1C=CC(C)C(C)(O)C1,0.036506978529001,1
590,125,590,C=CC=CC.C=CC,CC1C=CCCC1C,C=CC=CC.C=CC>>CC1C=CCCC1C,0.0190900194329977,1
591,501,591,NC=CC=C(O)S.C=CC,CC1CC(O)(S)C=CC1N,NC=CC=C(O)S.C=CC>>CC1CC(O)(S)C=CC1N,0.0295000696670015,1
592,502,592,C=CC=CC.OC=C(O)S,CC1C=CCC(O)(S)C1O,C=CC=CC.OC=C(O)S>>CC1C=CCC(O)(S)C1O,0.0244591690299955,1
593,503,593,NC=CC=CCl.NC(O)=CS,NC1C=CC(Cl)C(N)(O)C1S,NC=CC=CCl.NC(O)=CS>>NC1C=CC(Cl)C(N)(O)C1S,0.0615643666500034,1
594,143,594,CC=CC=CO.C=CO,CC1C=CC(O)C(O)C1,CC=CC=CO.C=CO>>CC1C=CC(O)C(O)C1,0.0260242090430011,1
595,504,595,CC(O)=CC=CO.CC=CO,CC1C(O)C(O)C=CC1(C)O,CC(O)=CC=CO.CC=CO>>CC1C(O)C(O)C=CC1(C)O,0.0442427858640002,1
596,505,596,CC(O)=CC=CO.OC=C(O)F,CC1(O)C=CC(O)C(O)C1(O)F,CC(O)=CC=CO.OC=C(O)F>>CC1(O)C=CC(O)C(O)C1(O)F,0.0394167476599989,1
597,360,597,CC=CC=CO.CC=CS,CC1C=CC(O)C(C)C1S,CC=CC=CO.CC=CS>>CC1C=CC(O)C(C)C1S,0.0228478669740006,1
598,69,598,C=CC=CC.CC=CN,CC1C=CCC(C)C1N,C=CC=CC.CC=CN>>CC1C=CCC(C)C1N,0.0308793651530017,1
599,506,599,CC(C)=CC=CO.CC(O)=CO,CC1(C)C=CC(O)C(O)C1(C)O,CC(C)=CC=CO.CC(O)=CO>>CC1(C)C=CC(O)C(O)C1(C)O,0.0460041505940012,1
600,507,600,C=CC=CS.CC(O)=C(N)O,CC1(O)CC=CC(S)C1(N)O,C=CC=CS.CC(O)=C(N)O>>CC1(O)CC=CC(S)C1(N)O,0.0427929349330042,1
601,508,601,C=CC=CC.NC(I)=CS,CC1C=CCC(N)(I)C1S,C=CC=CC.NC(I)=CS>>CC1C=CCC(N)(I)C1S,0.0288596277610011,1
602,509,602,CC(O)=CC=CO.NC(O)=CO,CC1(O)C=CC(O)C(O)C1(N)O,CC(O)=CC=CO.NC(O)=CO>>CC1(O)C=CC(O)C(O)C1(N)O,0.0414923769140003,1
603,510,603,OC(S)=CC=CF.C=CN,NC1CC(F)C=CC1(O)S,OC(S)=CC=CF.C=CN>>NC1CC(F)C=CC1(O)S,0.0283841034930034,1
604,511,604,C=CC=CCl.CC(O)=CO,CC1(O)C(Cl)C=CCC1O,C=CC=CCl.CC(O)=CO>>CC1(O)C(Cl)C=CCC1O,0.049835656955004,1
605,512,605,CC(O)=CC=CCl.CC(C)=C(N)O,CC1(O)C=CC(Cl)C(C)(C)C1(N)O,CC(O)=CC=CCl.CC(C)=C(N)O>>CC1(O)C=CC(Cl)C(C)(C)C1(N)O,0.0546625565980036,1
606,513,606,OC=CC=CO.CC=CC,CC1C(O)C=CC(O)C1C,OC=CC=CO.CC=CC>>CC1C(O)C=CC(O)C1C,0.0390415262610019,1
607,514,607,NC(S)=CC=CBr.C=CC,CC1CC(Br)C=CC1(N)S,NC(S)=CC=CBr.C=CC>>CC1CC(Br)C=CC1(N)S,0.0317728106489987,1
608,333,608,CC=CC=CO.C=C,CC1C=CC(O)CC1,CC=CC=CO.C=C>>CC1C=CC(O)CC1,0.0250453116319988,1
609,515,609,C=CC=CC.C=C,CC1C=CCCC1,C=CC=CC.C=C>>CC1C=CCCC1,0.0149560167189974,1
610,402,610,CC=CC=C(C)O.C=CC,CC1C=CC(C)(O)CC1C,CC=CC=C(C)O.C=CC>>CC1C=CC(C)(O)CC1C,0.0335713650840006,1
611,516,611,C=CC=C(C)C.C=C,CC1(C)C=CCCC1,C=CC=C(C)C.C=C>>CC1(C)C=CCCC1,0.0399835712170002,1
612,316,612,CC=CC=CO.C=C(C)O,CC1C=CC(O)C(C)(O)C1,CC=CC=CO.C=C(C)O>>CC1C=CC(O)C(C)(O)C1,0.0352507635780057,1
613,152,613,C=CC=CC.CC=CC,CC1C=CCC(C)C1C,C=CC=CC.CC=CC>>CC1C=CCC(C)C1C,0.0651606500050014,1
614,517,614,C=CC=C(C)C.CC=C(C)S,CC1C(C)(C)C=CCC1(C)S,C=CC=C(C)C.CC=C(C)S>>CC1C(C)(C)C=CCC1(C)S,0.0345846250329984,1
615,518,615,CC(C)=CC=CO.CC=C(O)O,CC1C(O)C=CC(C)(C)C1(O)O,CC(C)=CC=CO.CC=C(O)O>>CC1C(O)C=CC(C)(C)C1(O)O,0.0623323623809994,1
616,52,616,C=CC=CBr.C=CO,OC1CC=CC(Br)C1,C=CC=CBr.C=CO>>OC1CC=CC(Br)C1,0.0291159942599996,1
617,519,617,C=CC=C.CC=C(O)F,CC1CC=CCC1(O)F,C=CC=C.CC=C(O)F>>CC1CC=CCC1(O)F,0.0260943189739997,1
618,314,618,CC=CC=C(C)O.CC=C(C)S,CC1C=CC(C)(O)C(C)C1(C)S,CC=CC=C(C)O.CC=C(C)S>>CC1C=CC(C)(O)C(C)C1(C)S,0.0622637601000022,1
619,520,619,OC=CC=CF.CC(C)=C(O)O,CC1(C)C(F)C=CC(O)C1(O)O,OC=CC=CF.CC(C)=C(O)O>>CC1(C)C(F)C=CC(O)C1(O)O,0.0303111188099975,1
620,521,620,OC=CC=CCl.CC(S)=CBr,CC1(S)C(Cl)C=CC(O)C1Br,OC=CC=CCl.CC(S)=CBr>>CC1(S)C(Cl)C=CC(O)C1Br,0.0319623893329961,1
621,522,621,CC(O)=CC=CN.C=C(N)S,CC1(O)C=CC(N)C(N)(S)C1,CC(O)=CC=CN.C=C(N)S>>CC1(O)C=CC(N)C(N)(S)C1,0.0384381141349976,1
622,125,622,C=CC=CC.C=CC,CC1C=CCCC1C,C=CC=CC.C=CC>>CC1C=CCCC1C,0.0190093503350006,1
623,205,623,C=CC=CC.CC=CS,CC1C=CCC(C)C1S,C=CC=CC.CC=CS>>CC1C=CCC(C)C1S,0.0220832941580013,1
624,523,624,C=CC=CO.OC=CS,OC1C=CCC(O)C1S,C=CC=CO.OC=CS>>OC1C=CCC(O)C1S,0.0237558441729994,1
625,524,625,C=CC=CC.C=C(N)O,CC1C=CCCC1(N)O,C=CC=CC.C=C(N)O>>CC1C=CCCC1(N)O,0.0220371178949996,1
626,525,626,CC(C)=CC=CO.CC=C(C)O,CC1C(O)C=CC(C)(C)C1(C)O,CC(C)=CC=CO.CC=C(C)O>>CC1C(O)C=CC(C)(C)C1(C)O,0.0636735162689987,1
627,526,627,C1=CCC=C1.C=C,C1=CC2CCC1C2,C1=CCC=C1.C=C>>C1=CC2CCC1C2,0.0149505865199977,1
628,527,628,C=CC=C(N)I.C=CCl,NC1(I)C=CCCC1Cl,C=CC=C(N)I.C=CCl>>NC1(I)C=CCCC1Cl,0.0336210396539975,1
629,528,629,OC=CC=CF.C=CC,CC1CC(O)C=CC1F,OC=CC=CF.C=CC>>CC1CC(O)C=CC1F,0.0259090086490019,1
630,529,630,C=CC=CO.CC=CS,CC1C(O)C=CCC1S,C=CC=CO.CC=CS>>CC1C(O)C=CCC1S,0.0245408108429998,1
631,226,631,C=CC=CO.C=CC,CC1CC=CC(O)C1,C=CC=CO.C=CC>>CC1CC=CC(O)C1,0.0279033048020025,1
632,359,632,C=CC=CO.C=CS,OC1C=CCCC1S,C=CC=CO.C=CS>>OC1C=CCCC1S,0.0277898225600026,1
633,530,633,C=CC=C(C)S.CC(I)=CO,CC1(S)C=CCC(C)(I)C1O,C=CC=C(C)S.CC(I)=CO>>CC1(S)C=CCC(C)(I)C1O,0.0324612301830029,1
634,531,634,CC(O)=CC=C(O)S.CC=C(C)C,CC1C(C)(O)C=CC(O)(S)C1(C)C,CC(O)=CC=C(O)S.CC=C(C)C>>CC1C(C)(O)C=CC(O)(S)C1(C)C,0.049072069274004,1
635,532,635,C=CC=CC.C=CN,CC1C=CCCC1N,C=CC=CC.C=CN>>CC1C=CCCC1N,0.0181684237180022,1
636,5,636,CC=CC=CC.CC=CO,CC1C=CC(C)C(O)C1C,CC=CC=CC.CC=CO>>CC1C=CC(C)C(O)C1C,0.052945895305001,1
637,533,637,CC(S)=CC=C(O)S.C=C(C)C,CC1(S)C=CC(O)(S)C(C)(C)C1,CC(S)=CC=C(O)S.C=C(C)C>>CC1(S)C=CC(O)(S)C(C)(C)C1,0.0449333523719985,1
638,529,638,C=CC=CO.CC=CS,CC1C(O)C=CCC1S,C=CC=CO.CC=CS>>CC1C(O)C=CCC1S,0.0235092148610007,1
639,534,639,C=CC=CC.CC(O)=C(O)Br,CC1C=CCC(C)(O)C1(O)Br,C=CC=CC.CC(O)=C(O)Br>>CC1C=CCC(C)(O)C1(O)Br,0.0420668872330054,1
640,72,640,C=CC=C.C=CO,OC1CC=CCC1,C=CC=C.C=CO>>OC1CC=CCC1,0.018231866035002,1
641,535,641,C=CC=C(O)O.C=C(C)N,CC1(N)CC=CC(O)(O)C1,C=CC=C(O)O.C=C(C)N>>CC1(N)CC=CC(O)(O)C1,0.0337904738779997,1
642,536,642,CC=CC=CC.CC(O)=C(O)Cl,CC1C=CC(C)C(O)(Cl)C1(C)O,CC=CC=CC.CC(O)=C(O)Cl>>CC1C=CC(C)C(O)(Cl)C1(C)O,0.0684067162249988,1
643,537,643,CC(C)=CC=C(C)S.C=C,CC1(C)C=CC(C)(S)CC1,CC(C)=CC=C(C)S.C=C>>CC1(C)C=CC(C)(S)CC1,0.0473044158310003,1
644,538,644,CC(C)=CC=CO.CC=C(C)I,CC1C(C)(C)C=CC(O)C1(C)I,CC(C)=CC=CO.CC=C(C)I>>CC1C(C)(C)C=CC(O)C1(C)I,0.0365573061770021,1
645,539,645,C=CC=CI.C=CS,SC1CCC=CC1I,C=CC=CI.C=CS>>SC1CCC=CC1I,0.0288231097890019,1
646,540,646,CC(F)=CC=CI.C=CO,CC1(F)C=CC(I)C(O)C1,CC(F)=CC=CI.C=CO>>CC1(F)C=CC(I)C(O)C1,0.045790499250998,1
647,541,647,CC(C)=CC=C(C)Cl.C=CC,CC1CC(C)(Cl)C=CC1(C)C,CC(C)=CC=C(C)Cl.C=CC>>CC1CC(C)(Cl)C=CC1(C)C,0.0557406231620021,1
648,542,648,C=CC=C(C)O.C=CO,CC1(O)C=CCCC1O,C=CC=C(C)O.C=CO>>CC1(O)C=CCCC1O,0.0278859213270017,1
649,46,649,C=CC=CS.C=CC,CC1CCC=CC1S,C=CC=CS.C=CC>>CC1CCC=CC1S,0.0175561803450001,1
650,543,650,CC=CC=CO.C=C(C)N,CC1C=CC(O)CC1(C)N,CC=CC=CO.C=C(C)N>>CC1C=CC(O)CC1(C)N,0.0363731738809995,1
651,215,651,CC=CC=C(C)I.C=CC,CC1C=CC(C)(I)C(C)C1,CC=CC=C(C)I.C=CC>>CC1C=CC(C)(I)C(C)C1,0.0508457121890018,1
652,544,652,CC=CC=C(N)I.CC=CO,CC1C=CC(N)(I)C(C)C1O,CC=CC=C(N)I.CC=CO>>CC1C=CC(N)(I)C(C)C1O,0.0575666489679989,1
653,491,653,C=CC=CC.NC=CO,CC1C=CCC(O)C1N,C=CC=CC.NC=CO>>CC1C=CCC(O)C1N,0.0331669127679994,1
654,48,654,C=CC=CO.C=CN,NC1CC=CC(O)C1,C=CC=CO.C=CN>>NC1CC=CC(O)C1,0.0306615860589971,1
655,545,655,C=CC=CCl.CC=C(C)C,CC1CC=CC(Cl)C1(C)C,C=CC=CCl.CC=C(C)C>>CC1CC=CC(Cl)C1(C)C,0.0331219037670003,1
656,546,656,CC(O)=CC=CO.CC(N)=CO,CC1(O)C=CC(O)C(O)C1(C)N,CC(O)=CC=CO.CC(N)=CO>>CC1(O)C=CC(O)C(O)C1(C)N,0.039640076890997,1
657,547,657,C=CC=C(C)O.C=C,CC1(O)C=CCCC1,C=CC=C(C)O.C=C>>CC1(O)C=CCCC1,0.0249676063449975,1
658,548,658,OC1=CC=CC1.C=C,OC12C=CC(CC1)C2,OC1=CC=CC1.C=C>>OC12C=CC(CC1)C2,0.0155487758089982,1
659,226,659,C=CC=CO.C=CC,CC1CC=CC(O)C1,C=CC=CO.C=CC>>CC1CC=CC(O)C1,0.0314408995009998,1
660,350,660,OC=CC=CS.C=C(C)S,CC1(S)CC(S)C=CC1O,OC=CC=CS.C=C(C)S>>CC1(S)CC(S)C=CC1O,0.0353012958470024,1
661,549,661,CC=CC=C(O)O.C=C(C)C,CC1C=CC(O)(O)CC1(C)C,CC=CC=C(O)O.C=C(C)C>>CC1C=CC(O)(O)CC1(C)C,0.063161617742999,1
662,550,662,C=CC=C.C=CC,CC1CC=CCC1,C=CC=C.C=CC>>CC1CC=CCC1,0.0168219162999996,1
663,551,663,CC(C)=CC=C(C)I.C=C(C)O,CC1(I)C=CC(C)(C)C(C)(O)C1,CC(C)=CC=C(C)I.C=C(C)O>>CC1(I)C=CC(C)(C)C(C)(O)C1,0.0538830402039991,1
664,552,664,NC=CC=CO.OC=CO,NC1C=CC(O)C(O)C1O,NC=CC=CO.OC=CO>>NC1C=CC(O)C(O)C1O,0.0323582329309957,1
665,553,665,CC(N)=CC=CO.CC=CO,CC1C(O)C=CC(C)(N)C1O,CC(N)=CC=CO.CC=CO>>CC1C(O)C=CC(C)(N)C1O,0.0353040578210013,1
666,554,666,CC=CC=C(C)F.CC=CO,CC1C=CC(C)(F)C(C)C1O,CC=CC=C(C)F.CC=CO>>CC1C=CC(C)(F)C(C)C1O,0.032497724433,1
667,555,667,NC=CC=CO.C=C(N)S,NC1C=CC(O)CC1(N)S,NC=CC=CO.C=C(N)S>>NC1C=CC(O)CC1(N)S,0.0493408026430017,1
668,556,668,CC=CC=C(C)O.CC=C(S)Br,CC1C=CC(C)(O)C(S)(Br)C1C,CC=CC=C(C)O.CC=C(S)Br>>CC1C=CC(C)(O)C(S)(Br)C1C,0.034514853483003,1
669,557,669,OC(O)=CC=CF.CC(N)=CBr,CC1(N)C(Br)C(F)C=CC1(O)O,OC(O)=CC=CF.CC(N)=CBr>>CC1(N)C(Br)C(F)C=CC1(O)O,0.0384953563929997,1
670,558,670,C=CC=C(C)Br.CC=C(O)S,CC1C(C)(Br)C=CCC1(O)S,C=CC=C(C)Br.CC=C(O)S>>CC1C(C)(Br)C=CCC1(O)S,0.042664595825002,1
671,559,671,C=CC=C(C)N.CC=C(C)O,CC1CC=CC(C)(N)C1(C)O,C=CC=C(C)N.CC=C(C)O>>CC1CC=CC(C)(N)C1(C)O,0.0413806646520029,1
672,560,672,NC(O)=CC=CO.CC=C(C)S,CC1C(O)C=CC(N)(O)C1(C)S,NC(O)=CC=CO.CC=C(C)S>>CC1C(O)C=CC(N)(O)C1(C)S,0.0371913257880009,1
673,561,673,NC=CC=C(O)O.C=C,NC1C=CC(O)(O)CC1,NC=CC=C(O)O.C=C>>NC1C=CC(O)(O)CC1,0.0244928558280008,1
674,562,674,C=CC=CC.C=C(N)Cl,CC1C=CCC(N)(Cl)C1,C=CC=CC.C=C(N)Cl>>CC1C=CCC(N)(Cl)C1,0.0337674325520005,1
675,563,675,C=CC=C.OC=CS,OC1CC=CCC1S,C=CC=C.OC=CS>>OC1CC=CCC1S,0.0236686576069971,1
676,564,676,CC=CC=C(C)S.CC=CC,CC1C=CC(C)(S)C(C)C1C,CC=CC=C(C)S.CC=CC>>CC1C=CC(C)(S)C(C)C1C,0.0527251508059976,1
677,565,677,NC=CC=CO.C=CC,CC1CC(O)C=CC1N,NC=CC=CO.C=CC>>CC1CC(O)C=CC1N,0.0328152845730009,1
678,523,678,C=CC=CO.OC=CS,OC1C=CCC(O)C1S,C=CC=CO.OC=CS>>OC1C=CCC(O)C1S,0.034189655662999,1
679,566,679,C=CC=C(C)Br.CC=CO,CC1CC=CC(C)(Br)C1O,C=CC=C(C)Br.CC=CO>>CC1CC=CC(C)(Br)C1O,0.0503759438069977,1
680,567,680,CC=CC=CO.CC=CBr,CC1C=CC(O)C(C)C1Br,CC=CC=CO.CC=CBr>>CC1C=CC(O)C(C)C1Br,0.0221525562310027,1
681,568,681,FC=CC=CS.NC=CO,NC1C(F)C=CC(S)C1O,FC=CC=CS.NC=CO>>NC1C(F)C=CC(S)C1O,0.0252442800700052,1
682,569,682,OC=CC=C(O)Br.CC=CS,CC1C(S)C(O)C=CC1(O)Br,OC=CC=C(O)Br.CC=CS>>CC1C(S)C(O)C=CC1(O)Br,0.0504876754829979,1
683,570,683,CC=CC=C(N)O.NC=C(O)S,CC1C=CC(N)(O)C(O)(S)C1N,CC=CC=C(N)O.NC=C(O)S>>CC1C=CC(N)(O)C(O)(S)C1N,0.0544878694060031,1
684,571,684,CC=CC=CC.C=C(N)O,CC1C=CC(C)C(N)(O)C1,CC=CC=CC.C=C(N)O>>CC1C=CC(C)C(N)(O)C1,0.0329465224209997,1
685,572,685,C=CC=C.CC(F)=CO,CC1(F)CC=CCC1O,C=CC=C.CC(F)=CO>>CC1(F)CC=CCC1O,0.0228682553230008,1
686,573,686,CC=CC=CO.OC=C(O)O,CC1C=CC(O)C(O)(O)C1O,CC=CC=CO.OC=C(O)O>>CC1C=CC(O)C(O)(O)C1O,0.0416608374749998,1
687,125,687,C=CC=CC.C=CC,CC1C=CCCC1C,C=CC=CC.C=CC>>CC1C=CCCC1C,0.0191074679299987,1
688,574,688,CC(C)=CC=C(C)C.C=C,CC1(C)C=CC(C)(C)CC1,CC(C)=CC=C(C)C.C=C>>CC1(C)C=CC(C)(C)CC1,0.0436633989859984,1
689,575,689,OC=CC=C(O)Br.C=CS,OC1C=CC(O)(Br)CC1S,OC=CC=C(O)Br.C=CS>>OC1C=CC(O)(Br)CC1S,0.023446220484999,1
690,576,690,CC=CC=C(O)S.C=C(S)I,CC1C=CC(O)(S)CC1(S)I,CC=CC=C(O)S.C=C(S)I>>CC1C=CC(O)(S)CC1(S)I,0.0462649732359992,1
691,577,691,C=CC=C(C)C.CC=C(C)O,CC1C(C)(C)C=CCC1(C)O,C=CC=C(C)C.CC=C(C)O>>CC1C(C)(C)C=CCC1(C)O,0.0424160322930049,1
692,578,692,C=CC=CO.C=CI,OC1C=CCC(I)C1,C=CC=CO.C=CI>>OC1C=CCC(I)C1,0.0161812179769995,1
693,579,693,CC(S)=CC=C(O)O.C=CC,CC1CC(O)(O)C=CC1(C)S,CC(S)=CC=C(O)O.C=CC>>CC1CC(O)(O)C=CC1(C)S,0.0557010055930007,1
694,580,694,C=CC=CS.CC=CN,CC1CC=CC(S)C1N,C=CC=CS.CC=CN>>CC1CC=CC(S)C1N,0.0270283620279983,1
695,581,695,CC=CC=CS.CC=CN,CC1C=CC(S)C(C)C1N,CC=CC=CS.CC=CN>>CC1C=CC(S)C(C)C1N,0.035519945557997,1
696,582,696,C=CC=C(F)S.C=C(C)S,CC1(S)CCC=CC1(F)S,C=CC=C(F)S.C=C(C)S>>CC1(S)CCC=CC1(F)S,0.0375887116960029,1
697,583,697,CC=CC=C(N)S.CC=CS,CC1C=CC(N)(S)C(C)C1S,CC=CC=C(N)S.CC=CS>>CC1C=CC(N)(S)C(C)C1S,0.0369365867279967,1
698,265,698,CC=CC=CO.CC=CCl,CC1C=CC(O)C(Cl)C1C,CC=CC=CO.CC=CCl>>CC1C=CC(O)C(Cl)C1C,0.0569979082629998,1
699,261,699,C=CC=CC.OC=CS,CC1C=CCC(O)C1S,C=CC=CC.OC=CS>>CC1C=CCC(O)C1S,0.0246572973409975,1
700,584,700,OC=CC=C(O)O.CC(C)=CS,CC1(C)C(O)C=CC(O)(O)C1S,OC=CC=C(O)O.CC(C)=CS>>CC1(C)C(O)C=CC(O)(O)C1S,0.0441910906279972,1
701,88,701,CC=CC=CC.NC=CO,CC1C=CC(C)C(O)C1N,CC=CC=CC.NC=CO>>CC1C=CC(C)C(O)C1N,0.0278609821749995,1
702,585,702,NC=CC=C(S)I.OC=CF,NC1C=CC(S)(I)C(F)C1O,NC=CC=C(S)I.OC=CF>>NC1C=CC(S)(I)C(F)C1O,0.0297002781329993,1
703,415,703,CC=CC=CI.NC=C(O)S,CC1C=CC(I)C(N)C1(O)S,CC=CC=CI.NC=C(O)S>>CC1C=CC(I)C(N)C1(O)S,0.0609597011179943,1
704,478,704,CC=CC=CC.C=C(C)C,CC1C=CC(C)C(C)(C)C1,CC=CC=CC.C=C(C)C>>CC1C=CC(C)C(C)(C)C1,0.0258730941270002,1
705,491,705,C=CC=CC.NC=CO,CC1C=CCC(O)C1N,C=CC=CC.NC=CO>>CC1C=CCC(O)C1N,0.0249984165930001,1
706,586,706,CC=CC=CN.CC(O)=C(O)O,CC1C=CC(N)C(C)(O)C1(O)O,CC=CC=CN.CC(O)=C(O)O>>CC1C=CC(N)C(C)(O)C1(O)O,0.0646870567459956,1
707,69,707,C=CC=CC.CC=CN,CC1C=CCC(C)C1N,C=CC=CC.CC=CN>>CC1C=CCC(C)C1N,0.0235582449749998,1
708,587,708,CC(C)=CC=C(C)N.C=CC,CC1CC(C)(N)C=CC1(C)C,CC(C)=CC=C(C)N.C=CC>>CC1CC(C)(N)C=CC1(C)C,0.0591038205630027,1
709,588,709,OC=CC=CO.CC=C(C)O,CC1C(O)C=CC(O)C1(C)O,OC=CC=CO.CC=C(C)O>>CC1C(O)C=CC(O)C1(C)O,0.0430188817470025,1
710,150,710,C=CC=CC.CC=C(C)F,CC1C=CCC(C)C1(C)F,C=CC=CC.CC=C(C)F>>CC1C=CCC(C)C1(C)F,0.0497867173000017,1
711,125,711,C=CC=CC.C=CC,CC1C=CCCC1C,C=CC=CC.C=CC>>CC1C=CCCC1C,0.0191063360659988,1
712,37,712,CC=CC=CC.CC=C(C)O,CC1C=CC(C)C(C)(O)C1C,CC=CC=CC.CC=C(C)O>>CC1C=CC(C)C(C)(O)C1C,0.0301144628279956,1
713,589,713,FC=CC=CS.CC(N)=C(C)O,CC1(N)C(S)C=CC(F)C1(C)O,FC=CC=CS.CC(N)=C(C)O>>CC1(N)C(S)C=CC(F)C1(C)O,0.0313745279560038,1
714,590,714,C=CC=C.CC=CBr,CC1CC=CCC1Br,C=CC=C.CC=CBr>>CC1CC=CCC1Br,0.018774592845002,1
715,591,715,CC=CC=C(C)F.C=C(N)S,CC1C=CC(C)(F)C(N)(S)C1,CC=CC=C(C)F.C=C(N)S>>CC1C=CC(C)(F)C(N)(S)C1,0.0474084373450054,1
716,592,716,OC=CC=C(S)Cl.C=C,OC1C=CC(S)(Cl)CC1,OC=CC=C(S)Cl.C=C>>OC1C=CC(S)(Cl)CC1,0.0462891270799978,1
717,293,717,C=CC=CO.C=C(C)O,CC1(O)CC=CC(O)C1,C=CC=CO.C=C(C)O>>CC1(O)CC=CC(O)C1,0.0385515670250029,1
718,593,718,OC=CC=CO.C=C(C)Br,CC1(Br)CC(O)C=CC1O,OC=CC=CO.C=C(C)Br>>CC1(Br)CC(O)C=CC1O,0.0241002234879985,1
719,594,719,CC(Br)=CC=CO.C=CC,CC1CC(C)(Br)C=CC1O,CC(Br)=CC=CO.C=CC>>CC1CC(C)(Br)C=CC1O,0.0491413533859983,1
720,260,720,C=CC=C.C=C,C1=CCCCC1,C=CC=C.C=C>>C1=CCCCC1,0.0130034292700003,1
721,595,721,CC=CC=CS.CC(O)=CF,CC1C=CC(S)C(F)C1(C)O,CC=CC=CS.CC(O)=CF>>CC1C=CC(S)C(F)C1(C)O,0.0585431264210001,1
722,596,722,C=CC=C(N)S.C=CC,CC1CCC=CC1(N)S,C=CC=C(N)S.C=CC>>CC1CCC=CC1(N)S,0.0402780896530003,1
723,597,723,C=CC=CC.CC=C(C)S,CC1C=CCC(C)(S)C1C,C=CC=CC.CC=C(C)S>>CC1C=CCC(C)(S)C1C,0.049722601397999,1
724,598,724,C=CC=CC.CC(C)=CCl,CC1C=CCC(C)(C)C1Cl,C=CC=CC.CC(C)=CCl>>CC1C=CCC(C)(C)C1Cl,0.0247598125159989,1
725,599,725,CC=CC=C(N)O.CC=C(C)I,CC1C=CC(N)(O)C(C)C1(C)I,CC=CC=C(N)O.CC=C(C)I>>CC1C=CC(N)(O)C(C)C1(C)I,0.0350515783629958,1
726,600,726,C=CC=CS.C=C(F)S,FC1(S)CC=CC(S)C1,C=CC=CS.C=C(F)S>>FC1(S)CC=CC(S)C1,0.0233309268280024,1
727,601,727,CC=CC=C(N)S.CC(C)=C(N)F,CC1C=CC(N)(S)C(N)(F)C1(C)C,CC=CC=C(N)S.CC(C)=C(N)F>>CC1C=CC(N)(S)C(N)(F)C1(C)C,0.0412829778119956,1
728,602,728,CC=CC=CO.NC=C(N)O,CC1C=CC(O)C(N)(O)C1N,CC=CC=CO.NC=C(N)O>>CC1C=CC(O)C(N)(O)C1N,0.0281588964249976,1
729,316,729,CC=CC=CO.C=C(C)O,CC1C=CC(O)C(C)(O)C1,CC=CC=CO.C=C(C)O>>CC1C=CC(O)C(C)(O)C1,0.0345677782400031,1
730,603,730,OC=CC=C(S)Cl.C=CS,OC1C=CC(S)(Cl)C(S)C1,OC=CC=C(S)Cl.C=CS>>OC1C=CC(S)(Cl)C(S)C1,0.0397286828339957,1
731,604,731,C=CC=CS.OC=CI,OC1CC=CC(S)C1I,C=CC=CS.OC=CI>>OC1CC=CC(S)C1I,0.0543428244110018,1
732,605,732,CC=CC=C(S)S.C=CC,CC1C=CC(S)(S)CC1C,CC=CC=C(S)S.C=CC>>CC1C=CC(S)(S)CC1C,0.03161503862,1
733,606,733,NC(Cl)=CC=CI.C=CC,CC1CC(I)C=CC1(N)Cl,NC(Cl)=CC=CI.C=CC>>CC1CC(I)C=CC1(N)Cl,0.0427086857120002,1
734,607,734,C=CC=C(F)S.C=CO,OC1CCC=CC1(F)S,C=CC=C(F)S.C=CO>>OC1CCC=CC1(F)S,0.0492379475619983,1
735,608,735,CC1=CC=C(S)C1.CC(O)=CN,CC12C=CC(S)(C1)C(N)C2(C)O,CC1=CC=C(S)C1.CC(O)=CN>>CC12C=CC(S)(C1)C(N)C2(C)O,0.0309446834090039,1
736,609,736,C=CC=C(C)C.C=C(C)O,CC1(C)C=CCC(C)(O)C1,C=CC=C(C)C.C=C(C)O>>CC1(C)C=CCC(C)(O)C1,0.0369496921559999,1
737,610,737,C=CC=CC.OC=CO,CC1C=CCC(O)C1O,C=CC=CC.OC=CO>>CC1C=CCC(O)C1O,0.0351463759510011,1
738,611,738,OC=CC=CO.CC=CCl,CC1C(O)C=CC(O)C1Cl,OC=CC=CO.CC=CCl>>CC1C(O)C=CC(O)C1Cl,0.0389443831740052,1
739,612,739,C=CC=C(C)C.C=CN,CC1(C)C=CCC(N)C1,C=CC=C(C)C.C=CN>>CC1(C)C=CCC(N)C1,0.0317101301390003,1
740,613,740,OC1=CC=CC1.CC=C(C)N,CC1C2(O)C=CC(C2)C1(C)N,OC1=CC=CC1.CC=C(C)N>>CC1C2(O)C=CC(C2)C1(C)N,0.0262716501949995,1
741,56,741,C=CC=C(C)O.CC=CO,CC1CC=CC(C)(O)C1O,C=CC=C(C)O.CC=CO>>CC1CC=CC(C)(O)C1O,0.0349852582870013,1
742,83,742,C=CC=CO.CC=CO,CC1CC=CC(O)C1O,C=CC=CO.CC=CO>>CC1CC=CC(O)C1O,0.0251894253519999,1
743,451,743,C=CC=CO.C=C,OC1C=CCCC1,C=CC=CO.C=C>>OC1C=CCCC1,0.0179061868789993,1
744,614,744,CC(O)=CC=C(C)S.CC(C)=C(O)S,CC1(O)C=CC(C)(S)C(O)(S)C1(C)C,CC(O)=CC=C(C)S.CC(C)=C(O)S>>CC1(O)C=CC(C)(S)C(O)(S)C1(C)C,0.0504655250609999,1
745,121,745,CC=CC=CI.CC=CC,CC1C=CC(I)C(C)C1C,CC=CC=CI.CC=CC>>CC1C=CC(I)C(C)C1C,0.0549669044420007,1
746,82,746,C=CC=C.CC=CO,CC1CC=CCC1O,C=CC=C.CC=CO>>CC1CC=CCC1O,0.0207743291479971,1
747,125,747,C=CC=CC.C=CC,CC1C=CCCC1C,C=CC=CC.C=CC>>CC1C=CCCC1C,0.0188809987790001,1
748,615,748,NC=CC=C(N)S.C=CC,CC1CC(N)(S)C=CC1N,NC=CC=C(N)S.C=CC>>CC1CC(N)(S)C=CC1N,0.0301596623350022,1
749,616,749,C=CC=CS.C=CS,SC1C=CCC(S)C1,C=CC=CS.C=CS>>SC1C=CCC(S)C1,0.0193781290580012,1
750,233,750,C=CC=C(C)C.C=CO,CC1(C)C=CCC(O)C1,C=CC=C(C)C.C=CO>>CC1(C)C=CCC(O)C1,0.034259295571001,1
751,617,751,CC=CC=CC.CC(O)=CO,CC1C=CC(C)C(C)(O)C1O,CC=CC=CC.CC(O)=CO>>CC1C=CC(C)C(C)(O)C1O,0.0401892396450023,1
752,463,752,CC=CC=C(C)N.CC=CO,CC1C=CC(C)(N)C(C)C1O,CC=CC=C(C)N.CC=CO>>CC1C=CC(C)(N)C(C)C1O,0.0387063594300016,1
753,618,753,C=CC=CN.SC=C(S)Cl,NC1C=CCC(S)C1(S)Cl,C=CC=CN.SC=C(S)Cl>>NC1C=CCC(S)C1(S)Cl,0.0183362213160016,1
754,619,754,C=CC=CC.C=CBr,CC1C=CCC(Br)C1,C=CC=CC.C=CBr>>CC1C=CCC(Br)C1,0.0153705429569974,1
755,620,755,C=CC=CS.CC(N)=CN,CC1(N)C(S)C=CCC1N,C=CC=CS.CC(N)=CN>>CC1(N)C(S)C=CCC1N,0.0471699205040003,1
756,265,756,CC=CC=CO.CC=CCl,CC1C=CC(O)C(Cl)C1C,CC=CC=CO.CC=CCl>>CC1C=CC(O)C(Cl)C1C,0.0512249725199964,1
757,621,757,CC(C)=CC=C(C)N.OC=CS,CC1(C)C=CC(C)(N)C(S)C1O,CC(C)=CC=C(C)N.OC=CS>>CC1(C)C=CC(C)(N)C(S)C1O,0.0523544550500005,1
758,622,758,C=CC=CC.CC(O)=CI,CC1C=CCC(I)C1(C)O,C=CC=CC.CC(O)=CI>>CC1C=CCC(I)C1(C)O,0.0505096966359985,1
759,492,759,C=CC=CC.C=C(C)C,CC1C=CCCC1(C)C,C=CC=CC.C=C(C)C>>CC1C=CCCC1(C)C,0.0233556591110009,1
760,623,760,C=CC=C.C=C(O)Cl,OC1(Cl)CC=CCC1,C=CC=C.C=C(O)Cl>>OC1(Cl)CC=CCC1,0.0202970088299991,1
761,624,761,NC=CC=CS.NC=C(N)S,NC1C=CC(S)C(N)C1(N)S,NC=CC=CS.NC=C(N)S>>NC1C=CC(S)C(N)C1(N)S,0.0394830864060011,1
762,625,762,CC=CC=CC.C=C(O)Cl,CC1C=CC(C)C(O)(Cl)C1,CC=CC=CC.C=C(O)Cl>>CC1C=CC(C)C(O)(Cl)C1,0.024586464024999,1
763,129,763,C=CC=CC.CC=CO,CC1C=CCC(C)C1O,C=CC=CC.CC=CO>>CC1C=CCC(C)C1O,0.0225832490759998,1
764,626,764,CC=CC=CO.CC(O)=C(O)S,CC1C=CC(O)C(C)(O)C1(O)S,CC=CC=CO.CC(O)=C(O)S>>CC1C=CC(O)C(C)(O)C1(O)S,0.0380747166520052,1
765,627,765,CC=CC=C(C)S.C=C,CC1C=CC(C)(S)CC1,CC=CC=C(C)S.C=C>>CC1C=CC(C)(S)CC1,0.0476768772469995,1
766,587,766,CC(C)=CC=C(C)N.C=CC,CC1CC(C)(N)C=CC1(C)C,CC(C)=CC=C(C)N.C=CC>>CC1CC(C)(N)C=CC1(C)C,0.0540842016419986,1
767,628,767,CC(O)=CC=CN.NC(O)=C(O)S,CC1(O)C=CC(N)C(O)(S)C1(N)O,CC(O)=CC=CN.NC(O)=C(O)S>>CC1(O)C=CC(N)C(O)(S)C1(N)O,0.0658488138800024,1
768,125,768,C=CC=CC.C=CC,CC1C=CCCC1C,C=CC=CC.C=CC>>CC1C=CCCC1C,0.0297419361879995,1
769,178,769,OC=CC=CO.CC=CO,CC1C(O)C=CC(O)C1O,OC=CC=CO.CC=CO>>CC1C(O)C=CC(O)C1O,0.0303321585770035,1
770,226,770,C=CC=CO.C=CC,CC1CC=CC(O)C1,C=CC=CO.C=CC>>CC1CC=CC(O)C1,0.0187417320579967,1
771,629,771,CC(N)=CC=CO.C=CC,CC1CC(C)(N)C=CC1O,CC(N)=CC=CO.C=CC>>CC1CC(C)(N)C=CC1O,0.0307439522789998,1
772,630,772,CC=CC=CS.C=CO,CC1C=CC(S)C(O)C1,CC=CC=CS.C=CO>>CC1C=CC(S)C(O)C1,0.0481841197359997,1
773,631,773,C=CC=CO.CC(S)=CO,CC1(S)CC=CC(O)C1O,C=CC=CO.CC(S)=CO>>CC1(S)CC=CC(O)C1O,0.0308820693299978,1
774,632,774,CC=CC=C(O)O.CC=CO,CC1C=CC(O)(O)C(O)C1C,CC=CC=C(O)O.CC=CO>>CC1C=CC(O)(O)C(O)C1C,0.0534392152960023,1
775,85,775,CC=CC=C(C)O.C=CO,CC1C=CC(C)(O)CC1O,CC=CC=C(C)O.C=CO>>CC1C=CC(C)(O)CC1O,0.0540190094349952,1
776,633,776,C=CC=CO.OC=CO,OC1C=CCC(O)C1O,C=CC=CO.OC=CO>>OC1C=CCC(O)C1O,0.0338400418429998,1
777,634,777,C=CC=CO.C=C(Cl)I,OC1C=CCC(Cl)(I)C1,C=CC=CO.C=C(Cl)I>>OC1C=CCC(Cl)(I)C1,0.0286528495390001,1
778,5,778,CC=CC=CC.CC=CO,CC1C=CC(C)C(O)C1C,CC=CC=CC.CC=CO>>CC1C=CC(C)C(O)C1C,0.0255225371519998,1
779,316,779,CC=CC=CO.C=C(C)O,CC1C=CC(O)C(C)(O)C1,CC=CC=CO.C=C(C)O>>CC1C=CC(O)C(C)(O)C1,0.0345300761680036,1
780,635,780,C=CC=CI.CC(O)=C(O)F,CC1(O)CC=CC(I)C1(O)F,C=CC=CI.CC(O)=C(O)F>>CC1(O)CC=CC(I)C1(O)F,0.0300391653129992,1
781,46,781,C=CC=CS.C=CC,CC1CCC=CC1S,C=CC=CS.C=CC>>CC1CCC=CC1S,0.0175623753839992,1
782,636,782,CC(Br)=CC=CN.C=CO,CC1(Br)C=CC(N)C(O)C1,CC(Br)=CC=CN.C=CO>>CC1(Br)C=CC(N)C(O)C1,0.0362524990489987,1
783,637,783,C=CC=C.C=C(O)S,OC1(S)CC=CCC1,C=CC=C.C=C(O)S>>OC1(S)CC=CCC1,0.0211626737130004,1
784,638,784,CC(O)=CC=CF.C=CN,CC1(O)C=CC(F)CC1N,CC(O)=CC=CF.C=CN>>CC1(O)C=CC(F)CC1N,0.0320265121599945,1
785,639,785,OC(O)=CC=CS.C=CC,CC1CC(O)(O)C=CC1S,OC(O)=CC=CS.C=CC>>CC1CC(O)(O)C=CC1S,0.0320584421180001,1
786,640,786,CC=CC=C(O)O.CC(C)=C(C)O,CC1C=CC(O)(O)C(C)(O)C1(C)C,CC=CC=C(O)O.CC(C)=C(C)O>>CC1C=CC(O)(O)C(C)(O)C1(C)C,0.0438330861209976,1
787,641,787,C1=CCC=C1.CC=C(C)O,CC1C2C=CC(C2)C1(C)O,C1=CCC=C1.CC=C(C)O>>CC1C2C=CC(C2)C1(C)O,0.0253881303100023,1
788,642,788,CC=CC=C(N)S.NC=CO,CC1C=CC(N)(S)C(O)C1N,CC=CC=C(N)S.NC=CO>>CC1C=CC(N)(S)C(O)C1N,0.0321248912250027,1
789,643,789,C=CC=CC.CC(C)=C(C)Cl,CC1C=CCC(C)(C)C1(C)Cl,C=CC=CC.CC(C)=C(C)Cl>>CC1C=CCC(C)(C)C1(C)Cl,0.0402784823770048,1
790,181,790,CC=CC=CN.C=CC,CC1C=CC(N)CC1C,CC=CC=CN.C=CC>>CC1C=CC(N)CC1C,0.047934367852001,1
791,110,791,C=CC=CN.C=CC,CC1CC=CC(N)C1,C=CC=CN.C=CC>>CC1CC=CC(N)C1,0.0235717639380013,1
792,644,792,C=CC=CC.CC(O)=CBr,CC1C=CCC(Br)C1(C)O,C=CC=CC.CC(O)=CBr>>CC1C=CCC(Br)C1(C)O,0.0525432421830025,1
793,435,793,C=CC=CN.CC=CC,CC1CC=CC(N)C1C,C=CC=CN.CC=CC>>CC1CC=CC(N)C1C,0.0372074817659999,1
794,645,794,C=CC=CO.C=C(C)I,CC1(I)CCC=CC1O,C=CC=CO.C=C(C)I>>CC1(I)CCC=CC1O,0.0310764510080012,1
795,646,795,OC1=CC=CC1.C=CC,CC1CC2C=CC1(O)C2,OC1=CC=CC1.C=CC>>CC1CC2C=CC1(O)C2,0.0197558760409997,1
796,543,796,CC=CC=CO.C=C(C)N,CC1C=CC(O)CC1(C)N,CC=CC=CO.C=C(C)N>>CC1C=CC(O)CC1(C)N,0.0316696296589995,1
797,647,797,CC(C)=CC=C(C)O.NC(S)=C(S)Br,CC1(C)C=CC(C)(O)C(S)(Br)C1(N)S,CC(C)=CC=C(C)O.NC(S)=C(S)Br>>CC1(C)C=CC(C)(O)C(S)(Br)C1(N)S,0.0515466727229991,1
798,648,798,NC=CC=CS.CC=CC,CC1C(N)C=CC(S)C1C,NC=CC=CS.CC=CC>>CC1C(N)C=CC(S)C1C,0.0374040964389976,1
799,125,799,C=CC=CC.C=CC,CC1C=CCCC1C,C=CC=CC.C=CC>>CC1C=CCCC1C,0.0190996362109991,1
800,649,800,C=CC=C.CC(O)=CBr,CC1(O)CC=CCC1Br,C=CC=C.CC(O)=CBr>>CC1(O)CC=CCC1Br,0.0266545033900023,1
801,650,801,CC=CC=CBr.C=C(C)Cl,CC1C=CC(Br)CC1(C)Cl,CC=CC=CBr.C=C(C)Cl>>CC1C=CC(Br)CC1(C)Cl,0.0242759304979998,1
802,651,802,C=CC=CN.CC(O)=CN,CC1(O)CC=CC(N)C1N,C=CC=CN.CC(O)=CN>>CC1(O)CC=CC(N)C1N,0.0539222317109988,1
803,652,803,OC1=CC=C(S)C1.C=C(C)I,CC1(I)CC2(S)C=CC1(O)C2,OC1=CC=C(S)C1.C=C(C)I>>CC1(I)CC2(S)C=CC1(O)C2,0.0239710226250053,1
804,653,804,CC=CC=CI.OC=CBr,CC1C=CC(I)C(Br)C1O,CC=CC=CI.OC=CBr>>CC1C=CC(I)C(Br)C1O,0.0507939661309997,1
805,654,805,C=CC=CC.CC=C(F)S,CC1C=CCC(F)(S)C1C,C=CC=CC.CC=C(F)S>>CC1C=CCC(F)(S)C1C,0.0326081223249978,1
806,655,806,C=CC=C(C)Br.CC(O)=C(C)O,CC1(Br)C=CCC(C)(O)C1(C)O,C=CC=C(C)Br.CC(O)=C(C)O>>CC1(Br)C=CCC(C)(O)C1(C)O,0.0573994605219994,1
807,125,807,C=CC=CC.C=CC,CC1C=CCCC1C,C=CC=CC.C=CC>>CC1C=CCCC1C,0.0190134689709999,1
808,656,808,C=CC=CS.NC=CCl,NC1C(S)C=CCC1Cl,C=CC=CS.NC=CCl>>NC1C(S)C=CCC1Cl,0.0210328818719993,1
809,233,809,C=CC=C(C)C.C=CO,CC1(C)C=CCC(O)C1,C=CC=C(C)C.C=CO>>CC1(C)C=CCC(O)C1,0.0488386104329983,1
810,657,810,CC=CC=CS.OC=CO,CC1C=CC(S)C(O)C1O,CC=CC=CS.OC=CO>>CC1C=CC(S)C(O)C1O,0.0581665353739992,1
811,658,811,CC=CC=C(O)O.CC(C)=C(C)I,CC1C=CC(O)(O)C(C)(C)C1(C)I,CC=CC=C(O)O.CC(C)=C(C)I>>CC1C=CC(O)(O)C(C)(C)C1(C)I,0.0623012610659969,1
812,659,812,OC1=CC=C(S)C1.C=C(C)N,CC1(N)CC2(S)C=CC1(O)C2,OC1=CC=C(S)C1.C=C(C)N>>CC1(N)CC2(S)C=CC1(O)C2,0.026715057616002,1
813,660,813,CC=CC=C(O)S.CC=C(C)F,CC1C=CC(O)(S)C(C)C1(C)F,CC=CC=C(O)S.CC=C(C)F>>CC1C=CC(O)(S)C(C)C1(C)F,0.0361066027650025,1
814,661,814,CC=CC=C(C)Br.CC=CC,CC1C=CC(C)(Br)C(C)C1C,CC=CC=C(C)Br.CC=CC>>CC1C=CC(C)(Br)C(C)C1C,0.0634916687180009,1
815,125,815,C=CC=CC.C=CC,CC1C=CCCC1C,C=CC=CC.C=CC>>CC1C=CCCC1C,0.0297364448899983,1
816,662,816,FC1=CC=CC1.ClC=CI,FC12C=CC(C1)C(I)C2Cl,FC1=CC=CC1.ClC=CI>>FC12C=CC(C1)C(I)C2Cl,0.021035029396998,1
817,276,817,CC(C)=CC=C(C)O.C=CC,CC1CC(C)(O)C=CC1(C)C,CC(C)=CC=C(C)O.C=CC>>CC1CC(C)(O)C=CC1(C)C,0.0568026580519998,1
818,663,818,CC(C)=CC=CO.OC=C(O)F,CC1(C)C=CC(O)C(O)(F)C1O,CC(C)=CC=CO.OC=C(O)F>>CC1(C)C=CC(O)C(O)(F)C1O,0.0600626846349996,1
819,205,819,C=CC=CC.CC=CS,CC1C=CCC(C)C1S,C=CC=CC.CC=CS>>CC1C=CCC(C)C1S,0.0222775120269993,1
820,664,820,C=CC=CCl.C=CBr,ClC1C=CCCC1Br,C=CC=CCl.C=CBr>>ClC1C=CCCC1Br,0.023762638087998,1
821,83,821,C=CC=CO.CC=CO,CC1CC=CC(O)C1O,C=CC=CO.CC=CO>>CC1CC=CC(O)C1O,0.0324389641859994,1
822,665,822,C=CC=CO.CC(F)=CO,CC1(F)C(O)C=CCC1O,C=CC=CO.CC(F)=CO>>CC1(F)C(O)C=CCC1O,0.0254813890229996,1
823,666,823,C=CC=CC.C=C(O)O,CC1C=CCC(O)(O)C1,C=CC=CC.C=C(O)O>>CC1C=CCC(O)(O)C1,0.0350005138529994,1
824,457,824,C=CC=C(C)N.CC=CC,CC1CC=CC(C)(N)C1C,C=CC=C(C)N.CC=CC>>CC1CC=CC(C)(N)C1C,0.0359470846350014,1
825,129,825,C=CC=CC.CC=CO,CC1C=CCC(C)C1O,C=CC=CC.CC=CO>>CC1C=CCC(C)C1O,0.0360773585179998,1
826,667,826,CC=CC=C(C)S.NC(S)=CO,CC1C=CC(C)(S)C(O)C1(N)S,CC=CC=C(C)S.NC(S)=CO>>CC1C=CC(C)(S)C(O)C1(N)S,0.0599430590810001,1
827,668,827,C=CC=C(C)C.CC=CS,CC1CC=CC(C)(C)C1S,C=CC=C(C)C.CC=CS>>CC1CC=CC(C)(C)C1S,0.0460248559389988,1
828,669,828,OC=CC=CCl.CC=CO,CC1C(O)C=CC(Cl)C1O,OC=CC=CCl.CC=CO>>CC1C(O)C=CC(Cl)C1O,0.059981817293,1
829,670,829,CC=CC=C(C)C.CC(S)=CO,CC1C=CC(C)(C)C(O)C1(C)S,CC=CC=C(C)C.CC(S)=CO>>CC1C=CC(C)(C)C(O)C1(C)S,0.0538042491400005,1
830,30,830,CC=CC=CO.CC=CN,CC1C=CC(O)C(N)C1C,CC=CC=CO.CC=CN>>CC1C=CC(O)C(N)C1C,0.0231398524429984,1
831,671,831,CC=CC=C(N)S.C=C(C)C,CC1C=CC(N)(S)CC1(C)C,CC=CC=C(N)S.C=C(C)C>>CC1C=CC(N)(S)CC1(C)C,0.036395976372006,1
832,672,832,CC=CC=CO.OC=C(S)Cl,CC1C=CC(O)C(O)C1(S)Cl,CC=CC=CO.OC=C(S)Cl>>CC1C=CC(O)C(O)C1(S)Cl,0.030512062546002,1
833,673,833,C=CC=CO.CC(C)=C(C)Cl,CC1(Cl)CC=CC(O)C1(C)C,C=CC=CO.CC(C)=C(C)Cl>>CC1(Cl)CC=CC(O)C1(C)C,0.0559050115810038,1
834,369,834,C=CC=C(C)S.C=CC,CC1CCC=CC1(C)S,C=CC=C(C)S.C=CC>>CC1CCC=CC1(C)S,0.0462882185649995,1
835,674,835,C=CC=C.NC=CF,NC1CC=CCC1F,C=CC=C.NC=CF>>NC1CC=CCC1F,0.0184443996469987,1
836,121,836,CC=CC=CI.CC=CC,CC1C=CC(I)C(C)C1C,CC=CC=CI.CC=CC>>CC1C=CC(I)C(C)C1C,0.0308671674990002,1
837,675,837,CC(O)=CC=C(N)O.OC=CS,CC1(O)C=CC(N)(O)C(S)C1O,CC(O)=CC=C(N)O.OC=CS>>CC1(O)C=CC(N)(O)C(S)C1O,0.0373694652000011,1
838,676,838,CC=CC=CS.CC(C)=C(C)S,CC1C=CC(S)C(C)(C)C1(C)S,CC=CC=CS.CC(C)=C(C)S>>CC1C=CC(S)C(C)(C)C1(C)S,0.0636355263199988,1
839,677,839,CC(O)=CC=C(O)S.OC=CS,CC1(O)C=CC(O)(S)C(S)C1O,CC(O)=CC=C(O)S.OC=CS>>CC1(O)C=CC(O)(S)C(S)C1O,0.0584802760559952,1
840,678,840,FC=CC=CBr.CC=CO,CC1C(Br)C=CC(F)C1O,FC=CC=CBr.CC=CO>>CC1C(Br)C=CC(F)C1O,0.0230204201689971,1
841,679,841,NC(O)=CC=C(F)S.C=CC,CC1CC(F)(S)C=CC1(N)O,NC(O)=CC=C(F)S.C=CC>>CC1CC(F)(S)C=CC1(N)O,0.0346865965880027,1
842,680,842,C=CC=CN.CC=C(C)C,CC1C(N)C=CCC1(C)C,C=CC=CN.CC=C(C)C>>CC1C(N)C=CCC1(C)C,0.0394527866060023,1
843,333,843,CC=CC=CO.C=C,CC1C=CC(O)CC1,CC=CC=CO.C=C>>CC1C=CC(O)CC1,0.0254201511610006,1
844,681,844,CC(F)=CC=CN.CC=CC,CC1C(N)C=CC(C)(F)C1C,CC(F)=CC=CN.CC=CC>>CC1C(N)C=CC(C)(F)C1C,0.0306384537670041,1
845,682,845,CC(C)=CC=C(N)S.FC=CS,CC1(C)C=CC(N)(S)C(S)C1F,CC(C)=CC=C(N)S.FC=CS>>CC1(C)C=CC(N)(S)C(S)C1F,0.038942754592,1
846,683,846,CC=CC=CS.C=C,CC1C=CC(S)CC1,CC=CC=CS.C=C>>CC1C=CC(S)CC1,0.0185722262440002,1
847,550,847,C=CC=C.C=CC,CC1CC=CCC1,C=CC=C.C=CC>>CC1CC=CCC1,0.0168399178369966,1
848,684,848,C=CC=CO.CC(Cl)=CN,CC1(Cl)C(O)C=CCC1N,C=CC=CO.CC(Cl)=CN>>CC1(Cl)C(O)C=CCC1N,0.0286049618530057,1
849,685,849,CC=CC=CBr.CC(O)=CCl,CC1C=CC(Br)C(C)(O)C1Cl,CC=CC=CBr.CC(O)=CCl>>CC1C=CC(Br)C(C)(O)C1Cl,0.0369535518519938,1
850,686,850,C=CC=C.C=CN,NC1CC=CCC1,C=CC=C.C=CN>>NC1CC=CCC1,0.0168348177049999,1
851,114,851,CC=CC=C(C)C.CC=CO,CC1C=CC(C)(C)C(O)C1C,CC=CC=C(C)C.CC=CO>>CC1C=CC(C)(C)C(O)C1C,0.0366335167339997,1
852,687,852,OC=CC=C(O)Br.C=C,OC1C=CC(O)(Br)CC1,OC=CC=C(O)Br.C=C>>OC1C=CC(O)(Br)CC1,0.0278520629759988,1
853,688,853,CC(C)=CC=C(C)C.C=CN,CC1(C)C=CC(C)(C)C(N)C1,CC(C)=CC=C(C)C.C=CN>>CC1(C)C=CC(C)(C)C(N)C1,0.0517457248819965,1
854,689,854,C=CC=CC.CC(O)=CN,CC1C=CCC(C)(O)C1N,C=CC=CC.CC(O)=CN>>CC1C=CCC(C)(O)C1N,0.026852701296999,1
855,414,855,C=CC=CC.CC=C(C)O,CC1C=CCC(C)(O)C1C,C=CC=CC.CC=C(C)O>>CC1C=CCC(C)(O)C1C,0.0273949535060005,1
856,663,856,CC(C)=CC=CO.OC=C(O)F,CC1(C)C=CC(O)C(O)(F)C1O,CC(C)=CC=CO.OC=C(O)F>>CC1(C)C=CC(O)C(O)(F)C1O,0.060052751675002,1
857,690,857,CC(C)=CC=C(C)O.SC=CI,CC1(C)C=CC(C)(O)C(I)C1S,CC(C)=CC=C(C)O.SC=CI>>CC1(C)C=CC(C)(O)C(I)C1S,0.039267694609002,1
858,691,858,CC=CC=C(C)Cl.OC=CI,CC1C=CC(C)(Cl)C(O)C1I,CC=CC=C(C)Cl.OC=CI>>CC1C=CC(C)(Cl)C(O)C1I,0.0618970548620012,1
859,692,859,C=CC=CN.C=C(C)N,CC1(N)CCC=CC1N,C=CC=CN.C=C(C)N>>CC1(N)CCC=CC1N,0.0255443608269985,1
860,693,860,C=CC=C(C)C.C=C(C)C,CC1(C)C=CCC(C)(C)C1,C=CC=C(C)C.C=C(C)C>>CC1(C)C=CCC(C)(C)C1,0.031386577780001,1
861,694,861,CC=CC=C(C)S.OC=CF,CC1C=CC(C)(S)C(O)C1F,CC=CC=C(C)S.OC=CF>>CC1C=CC(C)(S)C(O)C1F,0.0314200831790003,1
862,107,862,CC=CC=CO.C=CC,CC1C=CC(O)C(C)C1,CC=CC=CO.C=CC>>CC1C=CC(O)C(C)C1,0.023780519963001,1
863,528,863,OC=CC=CF.C=CC,CC1CC(O)C=CC1F,OC=CC=CF.C=CC>>CC1CC(O)C=CC1F,0.0293669925500026,1
864,695,864,C=CC=CO.C=CF,OC1C=CCC(F)C1,C=CC=CO.C=CF>>OC1C=CCC(F)C1,0.0154528378999998,1
865,696,865,CC(C)=CC=CS.CC=CF,CC1C(F)C(S)C=CC1(C)C,CC(C)=CC=CS.CC=CF>>CC1C(F)C(S)C=CC1(C)C,0.0359905359959995,1
866,492,866,C=CC=CC.C=C(C)C,CC1C=CCCC1(C)C,C=CC=CC.C=C(C)C>>CC1C=CCCC1(C)C,0.0230493636410002,1
867,697,867,C=CC=C(C)N.C=C(Cl)Br,CC1(N)C=CCC(Cl)(Br)C1,C=CC=C(C)N.C=C(Cl)Br>>CC1(N)C=CCC(Cl)(Br)C1,0.0218628325959997,1
868,698,868,CC=CC=CC.C=CS,CC1C=CC(C)C(S)C1,CC=CC=CC.C=CS>>CC1C=CC(C)C(S)C1,0.0472781701719995,1
869,699,869,BrC1=CC=CC1.CC(O)=CF,CC1(O)C2C=CC(Br)(C2)C1F,BrC1=CC=CC1.CC(O)=CF>>CC1(O)C2C=CC(Br)(C2)C1F,0.0290119915199937,1
870,700,870,CC=CC=CS.NC=CN,CC1C=CC(S)C(N)C1N,CC=CC=CS.NC=CN>>CC1C=CC(S)C(N)C1N,0.0330404559599983,1
871,46,871,C=CC=CS.C=CC,CC1CCC=CC1S,C=CC=CS.C=CC>>CC1CCC=CC1S,0.0175179576540003,1
