,Unnamed: 0,reaction_idx,uid,substrates,products,reaction_smiles,label,simulation_idx,smiles
0,0,0,0,CC=CC=CC.CC=CO,CC1C=CC(C)C(O)C1C,CC=CC=CC.CC=CO>>CC1C=CC(C)C(O)C1C,0,1,[CH3:1][CH:2]=[CH:3][CH:4]=[CH:9][CH3:10].[CH:5]([CH3:6])=[CH:7][OH:8].[He]>>[CH3:1][CH:2]1[CH:3]=[CH:4][CH:5]([CH3:6])[CH:7]([OH:8])[CH:9]1[CH3:10]
1,1,1,1,C=CC=C(C)Cl.C=CC,CC1CC=CC(C)(Cl)C1,C=CC=C(C)Cl.C=CC>>CC1CC=CC(C)(Cl)C1,1,1,[CH3:3][CH:4]=[CH2:5].[CH2:1]=[CH:2][CH:9]=[C:6]([CH3:7])[Cl:8].[He]>>[CH3:1][CH:2]1[CH2:3][CH:4]=[CH:5][C:6]([CH3:7])([Cl:8])[CH2:9]1
2,2,2,2,NC=CC=CN.CC=CO,CC1C(N)C=CC(N)C1O,NC=CC=CN.CC=CO>>CC1C(N)C=CC(N)C1O,1,1,[CH3:1][CH:2]=[CH:9][OH:10].[CH:3]([NH2:4])=[CH:5][CH:6]=[CH:7][NH2:8].[He]>>[CH3:1][CH:2]1[CH:3]([NH2:4])[CH:5]=[CH:6][CH:7]([NH2:8])[CH:9]1[OH:10]
3,3,3,3,CC=CC=C(C)C.C=CC,CC1C=CC(C)(C)CC1C,CC=CC=C(C)C.C=CC>>CC1C=CC(C)(C)CC1C,0,1,[CH3:7][CH:9]=[CH2:10].[CH3:1][CH:2]=[CH:3][CH:4]=[C:5]([CH3:6])[CH3:8].[He]>>[CH3:1][CH:2]1[CH:3]=[CH:4][C:5]([CH3:6])([CH3:7])[CH2:8][CH:9]1[CH3:10]
4,4,4,4,CC=CC=CO.CC=CN,CC1C=CC(O)C(N)C1C,CC=CC=CO.CC=CN>>CC1C=CC(O)C(N)C1C,0,1,[CH3:1][CH:2]=[CH:3][CH:4]=[CH:5][OH:6].[CH:7]([NH2:8])=[CH:9][CH3:10].[He]>>[CH3:1][CH:2]1[CH:3]=[CH:4][CH:5]([OH:6])[CH:7]([NH2:8])[CH:9]1[CH3:10]
5,5,5,5,CC=CC=CC.C=CC,CC1C=CC(C)C(C)C1,CC=CC=CC.C=CC>>CC1C=CC(C)C(C)C1,1,1,[CH:7]([CH3:8])=[CH2:9].[CH3:1][CH:2]=[CH:3][CH:4]=[CH:5][CH3:6].[He]>>[CH3:1][CH:2]1[CH:3]=[CH:4][CH:5]([CH3:6])[CH:7]([CH3:8])[CH2:9]1
6,6,6,6,CC=CC=CC.CC=C(C)O,CC1C=CC(C)C(C)(O)C1C,CC=CC=CC.CC=C(C)O>>CC1C=CC(C)C(C)(O)C1C,0,1,[C:7]([CH3:8])([OH:9])=[CH:10][CH3:11].[CH3:1][CH:2]=[CH:3][CH:4]=[CH:5][CH3:6].[He]>>[CH3:1][CH:2]1[CH:3]=[CH:4][CH:5]([CH3:6])[C:7]([CH3:8])([OH:9])[CH:10]1[CH3:11]
7,7,7,7,C=CC=CS.C=C,SC1C=CCCC1,C=CC=CS.C=C>>SC1C=CCCC1,1,1,[CH2:3]=[CH2:4].[SH:1][CH:2]=[CH:7][CH:6]=[CH2:5].[He]>>[SH:1][CH:2]1[CH:3]=[CH:4][CH2:5][CH2:6][CH2:7]1
8,8,8,8,C=CC=CS.C=CC,CC1CCC=CC1S,C=CC=CS.C=CC>>CC1CCC=CC1S,1,1,[CH2:1]=[CH:2][CH3:3].[CH2:4]=[CH:5][CH:6]=[CH:7][SH:8].[He]>>[CH3:1][CH:2]1[CH2:3][CH2:4][CH:5]=[CH:6][CH:7]1[SH:8]
9,9,9,9,CC=CC=CN.C=C,CC1C=CC(N)CC1,CC=CC=CN.C=C>>CC1C=CC(N)CC1,0,1,[CH2:1]=[CH2:7].[CH:2](=[CH:3][CH:4]=[CH:5][NH2:6])[CH3:8].[He]>>[CH3:1][CH:2]1[CH:3]=[CH:4][CH:5]([NH2:6])[CH2:7][CH2:8]1
10,10,10,10,C=CC=CO.C=CN,NC1CC=CC(O)C1,C=CC=CO.C=CN>>NC1CC=CC(O)C1,1,1,[CH2:3]=[CH:4][CH:5]=[CH:6][OH:7].[NH2:1][CH:2]=[CH2:8].[He]>>[NH2:1][CH:2]1[CH2:3][CH:4]=[CH:5][CH:6]([OH:7])[CH2:8]1
11,11,11,11,C=CC=CC.C=CO,CC1C=CCC(O)C1,C=CC=CC.C=CO>>CC1C=CCC(O)C1,0,1,[CH3:1][CH:2]=[CH:3][CH:4]=[CH2:8].[CH2:5]=[CH:6][OH:7].[He]>>[CH3:1][CH:2]1[CH:3]=[CH:4][CH2:5][CH:6]([OH:7])[CH2:8]1
12,12,12,12,C=CC=CBr.C=CO,OC1CC=CC(Br)C1,C=CC=CBr.C=CO>>OC1CC=CC(Br)C1,1,1,[CH2:3]=[CH:4][CH:5]=[CH:6][Br:7].[OH:1][CH:2]=[CH2:8].[He]>>[OH:1][CH:2]1[CH2:3][CH:4]=[CH:5][CH:6]([Br:7])[CH2:8]1
13,13,13,13,CC=CC=CC.CC=C(C)S,CC1C=CC(C)C(C)(S)C1C,CC=CC=CC.CC=C(C)S>>CC1C=CC(C)C(C)(S)C1C,0,1,[C:7]([CH3:8])([SH:9])=[CH:10][CH3:11].[CH3:1][CH:2]=[CH:3][CH:4]=[CH:5][CH3:6].[He]>>[CH3:1][CH:2]1[CH:3]=[CH:4][CH:5]([CH3:6])[C:7]([CH3:8])([SH:9])[CH:10]1[CH3:11]
14,14,14,14,C=CC=C(C)O.CC=CO,CC1CC=CC(C)(O)C1O,C=CC=C(C)O.CC=CO>>CC1CC=CC(C)(O)C1O,0,1,[CH2:3]=[CH:4][CH:5]=[C:6]([CH3:7])[OH:8].[CH3:1][CH:2]=[CH:9][OH:10].[He]>>[CH3:1][CH:2]1[CH2:3][CH:4]=[CH:5][C:6]([CH3:7])([OH:8])[CH:9]1[OH:10]
15,15,15,15,C=CC=CC.C=C(C)N,CC1C=CCC(C)(N)C1,C=CC=CC.C=C(C)N>>CC1C=CCC(C)(N)C1,1,1,[CH2:5]=[C:6]([CH3:7])[NH2:8].[CH3:1][CH:2]=[CH:3][CH:4]=[CH2:9].[He]>>[CH3:1][CH:2]1[CH:3]=[CH:4][CH2:5][C:6]([CH3:7])([NH2:8])[CH2:9]1
16,16,16,16,C=CC=CC.CC=CN,CC1C=CCC(C)C1N,C=CC=CC.CC=CN>>CC1C=CCC(C)C1N,0,1,[CH3:1][CH:2]=[CH:3][CH:4]=[CH2:5].[CH:6]([CH3:7])=[CH:8][NH2:9].[He]>>[CH3:1][CH:2]1[CH:3]=[CH:4][CH2:5][CH:6]([CH3:7])[CH:8]1[NH2:9]
17,17,1,17,C=CC=C(C)Cl.C=CC,CC1CC=CC(C)(Cl)C1,C=CC=C(C)Cl.C=CC>>CC1CC=CC(C)(Cl)C1,0,1,[CH3:3][CH:4]=[CH2:5].[CH2:1]=[CH:2][CH:9]=[C:6]([CH3:7])[Cl:8].[He]>>[CH3:1][CH:2]1[CH2:3][CH:4]=[CH:5][C:6]([CH3:7])([Cl:8])[CH2:9]1
18,18,17,18,C=CC=C.C=CO,OC1CC=CCC1,C=CC=C.C=CO>>OC1CC=CCC1,1,1,[CH2:4]=[CH:5][CH:6]=[CH2:7].[OH:1][CH:2]=[CH2:3].[He]>>[OH:1][CH:2]1[CH2:3][CH:4]=[CH:5][CH2:6][CH2:7]1
19,19,18,19,C=CC=CS.CC=CC,CC1CC=CC(S)C1C,C=CC=CS.CC=CC>>CC1CC=CC(S)C1C,1,1,[CH2:3]=[CH:4][CH:5]=[CH:6][SH:7].[CH3:1][CH:2]=[CH:8][CH3:9].[He]>>[CH3:1][CH:2]1[CH2:3][CH:4]=[CH:5][CH:6]([SH:7])[CH:8]1[CH3:9]
20,20,19,20,C=CC=C(C)S.CC=CC,CC1CC=CC(C)(S)C1C,C=CC=C(C)S.CC=CC>>CC1CC=CC(C)(S)C1C,1,1,[CH2:3]=[CH:4][CH:5]=[C:6]([CH3:7])[SH:8].[CH3:1][CH:2]=[CH:9][CH3:10].[He]>>[CH3:1][CH:2]1[CH2:3][CH:4]=[CH:5][C:6]([CH3:7])([SH:8])[CH:9]1[CH3:10]
21,21,20,21,C=CC=C.CC=CO,CC1CC=CCC1O,C=CC=C.CC=CO>>CC1CC=CCC1O,1,1,[CH2:3]=[CH:4][CH:5]=[CH2:6].[CH3:1][CH:2]=[CH:7][OH:8].[He]>>[CH3:1][CH:2]1[CH2:3][CH:4]=[CH:5][CH2:6][CH:7]1[OH:8]
22,22,21,22,C=CC=CO.CC=CO,CC1CC=CC(O)C1O,C=CC=CO.CC=CO>>CC1CC=CC(O)C1O,0,1,[CH2:3]=[CH:4][CH:5]=[CH:6][OH:7].[CH3:1][CH:2]=[CH:8][OH:9].[He]>>[CH3:1][CH:2]1[CH2:3][CH:4]=[CH:5][CH:6]([OH:7])[CH:8]1[OH:9]
23,23,22,23,CC=CC=C(C)O.C=CO,CC1C=CC(C)(O)CC1O,CC=CC=C(C)O.C=CO>>CC1C=CC(C)(O)CC1O,1,1,[CH2:4]=[CH:9][OH:10].[CH3:1][CH:2]=[CH:3][CH:8]=[C:5]([CH3:6])[OH:7].[He]>>[CH3:1][CH:2]1[CH:3]=[CH:4][C:5]([CH3:6])([OH:7])[CH2:8][CH:9]1[OH:10]
24,24,23,24,CC=CC=CC.NC=CO,CC1C=CC(C)C(O)C1N,CC=CC=CC.NC=CO>>CC1C=CC(C)C(O)C1N,1,1,[CH3:1][CH:2]=[CH:3][CH:4]=[CH:5][CH3:6].[CH:7]([OH:8])=[CH:9][NH2:10].[He]>>[CH3:1][CH:2]1[CH:3]=[CH:4][CH:5]([CH3:6])[CH:7]([OH:8])[CH:9]1[NH2:10]
25,25,24,25,OC=CC=CO.C=C(C)O,CC1(O)CC(O)C=CC1O,OC=CC=CO.C=C(C)O>>CC1(O)CC(O)C=CC1O,0,1,[CH3:1][C:2]([OH:3])=[CH2:4].[CH:5]([OH:6])=[CH:7][CH:8]=[CH:9][OH:10].[He]>>[CH3:1][C:2]1([OH:3])[CH2:4][CH:5]([OH:6])[CH:7]=[CH:8][CH:9]1[OH:10]
26,26,5,26,CC=CC=CC.C=CC,CC1C=CC(C)C(C)C1,CC=CC=CC.C=CC>>CC1C=CC(C)C(C)C1,0,1,[CH:7]([CH3:8])=[CH2:9].[CH3:1][CH:2]=[CH:3][CH:4]=[CH:5][CH3:6].[He]>>[CH3:1][CH:2]1[CH:3]=[CH:4][CH:5]([CH3:6])[CH:7]([CH3:8])[CH2:9]1
27,27,25,27,CC=CC=C(O)S.C=CC,CC1C=CC(O)(S)CC1C,CC=CC=C(O)S.C=CC>>CC1C=CC(O)(S)CC1C,0,1,[CH2:8]=[CH:9][CH3:10].[CH3:1][CH:2]=[CH:3][CH:4]=[C:5]([OH:6])[SH:7].[He]>>[CH3:1][CH:2]1[CH:3]=[CH:4][C:5]([OH:6])([SH:7])[CH2:8][CH:9]1[CH3:10]
28,28,26,28,C=CC=CC.CC(C)=C(C)O,CC1C=CCC(C)(O)C1(C)C,C=CC=CC.CC(C)=C(C)O>>CC1C=CCC(C)(O)C1(C)C,1,1,[CH3:1][CH:2]=[CH:3][CH:4]=[CH2:5].[C:6]([CH3:7])([OH:8])=[C:9]([CH3:10])[CH3:11].[He]>>[CH3:1][CH:2]1[CH:3]=[CH:4][CH2:5][C:6]([CH3:7])([OH:8])[C:9]1([CH3:10])[CH3:11]
29,29,27,29,CC=CC=C(C)O.C=CN,CC1C=CC(C)(O)CC1N,CC=CC=C(C)O.C=CN>>CC1C=CC(C)(O)CC1N,1,1,[CH2:4]=[CH:9][NH2:10].[CH3:1][CH:2]=[CH:3][CH:8]=[C:5]([CH3:6])[OH:7].[He]>>[CH3:1][CH:2]1[CH:3]=[CH:4][C:5]([CH3:6])([OH:7])[CH2:8][CH:9]1[NH2:10]
30,30,28,30,CC=CC=CO.C=CC,CC1C=CC(O)C(C)C1,CC=CC=CO.C=CC>>CC1C=CC(O)C(C)C1,1,1,[CH:7]([CH3:8])=[CH2:9].[CH3:1][CH:2]=[CH:3][CH:4]=[CH:5][OH:6].[He]>>[CH3:1][CH:2]1[CH:3]=[CH:4][CH:5]([OH:6])[CH:7]([CH3:8])[CH2:9]1
31,31,29,31,C=CC=CN.C=CC,CC1CC=CC(N)C1,C=CC=CN.C=CC>>CC1CC=CC(N)C1,0,1,[CH2:1]=[CH:2][CH3:8].[CH2:3]=[CH:4][CH:5]=[CH:6][NH2:7].[He]>>[CH3:1][CH:2]1[CH2:3][CH:4]=[CH:5][CH:6]([NH2:7])[CH2:8]1
32,32,30,32,OC=CC=CO.C=CC,CC1CC(O)C=CC1O,OC=CC=CO.C=CC>>CC1CC(O)C=CC1O,0,1,[CH2:1]=[CH:2][CH3:3].[CH:4]([OH:5])=[CH:6][CH:7]=[CH:8][OH:9].[He]>>[CH3:1][CH:2]1[CH2:3][CH:4]([OH:5])[CH:6]=[CH:7][CH:8]1[OH:9]
33,33,31,33,CC=CC=C(C)C.CC=CO,CC1C=CC(C)(C)C(O)C1C,CC=CC=C(C)C.CC=CO>>CC1C=CC(C)(C)C(O)C1C,0,1,[CH3:1][CH:2]=[CH:3][CH:4]=[C:5]([CH3:6])[CH3:7].[CH:8]([OH:9])=[CH:10][CH3:11].[He]>>[CH3:1][CH:2]1[CH:3]=[CH:4][C:5]([CH3:6])([CH3:7])[CH:8]([OH:9])[CH:10]1[CH3:11]
34,34,5,34,CC=CC=CC.C=CC,CC1C=CC(C)C(C)C1,CC=CC=CC.C=CC>>CC1C=CC(C)C(C)C1,0,1,[CH:7]([CH3:8])=[CH2:9].[CH3:1][CH:2]=[CH:3][CH:4]=[CH:5][CH3:6].[He]>>[CH3:1][CH:2]1[CH:3]=[CH:4][CH:5]([CH3:6])[CH:7]([CH3:8])[CH2:9]1
35,35,13,35,CC=CC=CC.CC=C(C)S,CC1C=CC(C)C(C)(S)C1C,CC=CC=CC.CC=C(C)S>>CC1C=CC(C)C(C)(S)C1C,1,1,[C:7]([CH3:8])([SH:9])=[CH:10][CH3:11].[CH3:1][CH:2]=[CH:3][CH:4]=[CH:5][CH3:6].[He]>>[CH3:1][CH:2]1[CH:3]=[CH:4][CH:5]([CH3:6])[C:7]([CH3:8])([SH:9])[CH:10]1[CH3:11]
36,36,28,36,CC=CC=CO.C=CC,CC1C=CC(O)C(C)C1,CC=CC=CO.C=CC>>CC1C=CC(O)C(C)C1,0,1,[CH:7]([CH3:8])=[CH2:9].[CH3:1][CH:2]=[CH:3][CH:4]=[CH:5][OH:6].[He]>>[CH3:1][CH:2]1[CH:3]=[CH:4][CH:5]([OH:6])[CH:7]([CH3:8])[CH2:9]1
37,37,32,37,CC=CC=CI.CC=CC,CC1C=CC(I)C(C)C1C,CC=CC=CI.CC=CC>>CC1C=CC(I)C(C)C1C,1,1,[CH:7]([CH3:8])=[CH:9][CH3:10].[CH3:1][CH:2]=[CH:3][CH:4]=[CH:5][I:6].[He]>>[CH3:1][CH:2]1[CH:3]=[CH:4][CH:5]([I:6])[CH:7]([CH3:8])[CH:9]1[CH3:10]
38,38,33,38,C=CC=CC.C=CC,CC1C=CCCC1C,C=CC=CC.C=CC>>CC1C=CCCC1C,0,1,[CH3:1][CH:2]=[CH2:3].[CH2:4]=[CH:5][CH:6]=[CH:7][CH3:8].[He]>>[CH3:1][CH:2]1[CH:3]=[CH:4][CH2:5][CH2:6][CH:7]1[CH3:8]
39,39,34,39,C=CC=CC.CC=CO,CC1C=CCC(C)C1O,C=CC=CC.CC=CO>>CC1C=CCC(C)C1O,0,1,[CH3:1][CH:2]=[CH:3][CH:4]=[CH2:5].[CH:6]([CH3:7])=[CH:8][OH:9].[He]>>[CH3:1][CH:2]1[CH:3]=[CH:4][CH2:5][CH:6]([CH3:7])[CH:8]1[OH:9]
40,40,35,40,C=CC=CO.C=C(C)C,CC1(C)CC=CC(O)C1,C=CC=CO.C=C(C)C>>CC1(C)CC=CC(O)C1,1,1,[CH2:1]=[C:2]([CH3:3])[CH3:9].[CH2:4]=[CH:5][CH:6]=[CH:7][OH:8].[He]>>[CH3:1][C:2]1([CH3:3])[CH2:4][CH:5]=[CH:6][CH:7]([OH:8])[CH2:9]1
41,41,36,41,CC=CC=CS.C=CC,CC1C=CC(S)C(C)C1,CC=CC=CS.C=CC>>CC1C=CC(S)C(C)C1,1,1,[CH:7]([CH3:8])=[CH2:9].[CH3:1][CH:2]=[CH:3][CH:4]=[CH:5][SH:6].[He]>>[CH3:1][CH:2]1[CH:3]=[CH:4][CH:5]([SH:6])[CH:7]([CH3:8])[CH2:9]1
42,42,37,42,C=CC=CN.CC=CO,CC1CC=CC(N)C1O,C=CC=CN.CC=CO>>CC1CC=CC(N)C1O,0,1,[CH2:3]=[CH:4][CH:5]=[CH:6][NH2:7].[CH3:1][CH:2]=[CH:8][OH:9].[He]>>[CH3:1][CH:2]1[CH2:3][CH:4]=[CH:5][CH:6]([NH2:7])[CH:8]1[OH:9]
43,43,34,43,C=CC=CC.CC=CO,CC1C=CCC(C)C1O,C=CC=CC.CC=CO>>CC1C=CCC(C)C1O,1,1,[CH3:1][CH:2]=[CH:3][CH:4]=[CH2:5].[CH:6]([CH3:7])=[CH:8][OH:9].[He]>>[CH3:1][CH:2]1[CH:3]=[CH:4][CH2:5][CH:6]([CH3:7])[CH:8]1[OH:9]
44,44,37,44,C=CC=CN.CC=CO,CC1CC=CC(N)C1O,C=CC=CN.CC=CO>>CC1CC=CC(N)C1O,1,1,[CH2:3]=[CH:4][CH:5]=[CH:6][NH2:7].[CH3:1][CH:2]=[CH:8][OH:9].[He]>>[CH3:1][CH:2]1[CH2:3][CH:4]=[CH:5][CH:6]([NH2:7])[CH:8]1[OH:9]
45,45,33,45,C=CC=CC.C=CC,CC1C=CCCC1C,C=CC=CC.C=CC>>CC1C=CCCC1C,0,1,[CH3:1][CH:2]=[CH2:3].[CH2:4]=[CH:5][CH:6]=[CH:7][CH3:8].[He]>>[CH3:1][CH:2]1[CH:3]=[CH:4][CH2:5][CH2:6][CH:7]1[CH3:8]
46,46,38,46,CC=CC=CO.C=CO,CC1C=CC(O)C(O)C1,CC=CC=CO.C=CO>>CC1C=CC(O)C(O)C1,1,1,[CH:7]([OH:8])=[CH2:9].[CH3:1][CH:2]=[CH:3][CH:4]=[CH:5][OH:6].[He]>>[CH3:1][CH:2]1[CH:3]=[CH:4][CH:5]([OH:6])[CH:7]([OH:8])[CH2:9]1
47,47,39,47,OC=CC=CS.C=CO,OC1C=CC(S)CC1O,OC=CC=CS.C=CO>>OC1C=CC(S)CC1O,0,1,[CH2:3]=[CH:4][OH:9].[OH:1][CH:2]=[CH:8][CH:7]=[CH:5][SH:6].[He]>>[OH:1][CH:2]1[CH:3]=[CH:4][CH:5]([SH:6])[CH2:7][CH:8]1[OH:9]
48,48,40,48,C=CC=CC.C=C(C)O,CC1C=CCCC1(C)O,C=CC=CC.C=C(C)O>>CC1C=CCCC1(C)O,1,1,[CH2:6]=[C:7]([CH3:8])[OH:9].[CH3:1][CH:2]=[CH:3][CH:4]=[CH2:5].[He]>>[CH3:1][CH:2]1[CH:3]=[CH:4][CH2:5][CH2:6][C:7]1([CH3:8])[OH:9]
49,49,41,49,C=CC=CC.CC=C(C)F,CC1C=CCC(C)C1(C)F,C=CC=CC.CC=C(C)F>>CC1C=CCC(C)C1(C)F,1,1,[CH3:1][CH:2]=[CH:3][CH:4]=[CH2:5].[CH:6]([CH3:7])=[C:8]([CH3:9])[F:10].[He]>>[CH3:1][CH:2]1[CH:3]=[CH:4][CH2:5][CH:6]([CH3:7])[C:8]1([CH3:9])[F:10]
50,50,42,50,C=CC=CC.CC=CC,CC1C=CCC(C)C1C,C=CC=CC.CC=CC>>CC1C=CCC(C)C1C,0,1,[CH2:3]=[CH:4][CH:5]=[CH:6][CH3:7].[CH3:1][CH:2]=[CH:8][CH3:9].[He]>>[CH3:1][CH:2]1[CH:3]=[CH:4][CH2:5][CH:6]([CH3:7])[CH:8]1[CH3:9]
51,51,43,51,C=CC=C(C)O.CC=CC,CC1CC=CC(C)(O)C1C,C=CC=C(C)O.CC=CC>>CC1CC=CC(C)(O)C1C,0,1,[CH2:3]=[CH:4][CH:5]=[C:6]([CH3:7])[OH:8].[CH3:1][CH:2]=[CH:9][CH3:10].[He]>>[CH3:1][CH:2]1[CH2:3][CH:4]=[CH:5][C:6]([CH3:7])([OH:8])[CH:9]1[CH3:10]
52,52,24,52,OC=CC=CO.C=C(C)O,CC1(O)CC(O)C=CC1O,OC=CC=CO.C=C(C)O>>CC1(O)CC(O)C=CC1O,1,1,[CH3:1][C:2]([OH:3])=[CH2:4].[CH:5]([OH:6])=[CH:7][CH:8]=[CH:9][OH:10].[He]>>[CH3:1][C:2]1([OH:3])[CH2:4][CH:5]([OH:6])[CH:7]=[CH:8][CH:9]1[OH:10]
53,53,25,53,CC=CC=C(O)S.C=CC,CC1C=CC(O)(S)CC1C,CC=CC=C(O)S.C=CC>>CC1C=CC(O)(S)CC1C,1,1,[CH2:8]=[CH:9][CH3:10].[CH3:1][CH:2]=[CH:3][CH:4]=[C:5]([OH:6])[SH:7].[He]>>[CH3:1][CH:2]1[CH:3]=[CH:4][C:5]([OH:6])([SH:7])[CH2:8][CH:9]1[CH3:10]
54,54,44,54,C=CC=CC.CC(O)=CO,CC1C=CCC(C)(O)C1O,C=CC=CC.CC(O)=CO>>CC1C=CCC(C)(O)C1O,0,1,[CH3:1][CH:2]=[CH:3][CH:4]=[CH2:5].[C:6]([CH3:7])([OH:8])=[CH:9][OH:10].[He]>>[CH3:1][CH:2]1[CH:3]=[CH:4][CH2:5][C:6]([CH3:7])([OH:8])[CH:9]1[OH:10]
55,55,45,55,C=CC=C.CC=CN,CC1CC=CCC1N,C=CC=C.CC=CN>>CC1CC=CCC1N,1,1,[CH2:3]=[CH:4][CH:5]=[CH2:6].[CH3:1][CH:2]=[CH:7][NH2:8].[He]>>[CH3:1][CH:2]1[CH2:3][CH:4]=[CH:5][CH2:6][CH:7]1[NH2:8]
56,56,46,56,OC=CC=CO.CC=CO,CC1C(O)C=CC(O)C1O,OC=CC=CO.CC=CO>>CC1C(O)C=CC(O)C1O,0,1,[CH3:1][CH:2]=[CH:3][OH:4].[CH:5]([CH:6]=[CH:7][OH:8])=[CH:9][OH:10].[He]>>[CH3:1][CH:2]1[CH:3]([OH:4])[CH:5]=[CH:6][CH:7]([OH:8])[CH:9]1[OH:10]
57,57,2,57,NC=CC=CN.CC=CO,CC1C(N)C=CC(N)C1O,NC=CC=CN.CC=CO>>CC1C(N)C=CC(N)C1O,0,1,[CH3:1][CH:2]=[CH:9][OH:10].[CH:3]([NH2:4])=[CH:5][CH:6]=[CH:7][NH2:8].[He]>>[CH3:1][CH:2]1[CH:3]([NH2:4])[CH:5]=[CH:6][CH:7]([NH2:8])[CH:9]1[OH:10]
58,58,47,58,CC=CC=CN.C=CC,CC1C=CC(N)CC1C,CC=CC=CN.C=CC>>CC1C=CC(N)CC1C,1,1,[CH2:7]=[CH:8][CH3:9].[CH3:1][CH:2]=[CH:3][CH:4]=[CH:5][NH2:6].[He]>>[CH3:1][CH:2]1[CH:3]=[CH:4][CH:5]([NH2:6])[CH2:7][CH:8]1[CH3:9]
59,59,36,59,CC=CC=CS.C=CC,CC1C=CC(S)C(C)C1,CC=CC=CS.C=CC>>CC1C=CC(S)C(C)C1,0,1,[CH:7]([CH3:8])=[CH2:9].[CH3:1][CH:2]=[CH:3][CH:4]=[CH:5][SH:6].[He]>>[CH3:1][CH:2]1[CH:3]=[CH:4][CH:5]([SH:6])[CH:7]([CH3:8])[CH2:9]1
60,60,34,60,C=CC=CC.CC=CO,CC1C=CCC(C)C1O,C=CC=CC.CC=CO>>CC1C=CCC(C)C1O,0,1,[CH3:1][CH:2]=[CH:3][CH:4]=[CH2:5].[CH:6]([CH3:7])=[CH:8][OH:9].[He]>>[CH3:1][CH:2]1[CH:3]=[CH:4][CH2:5][CH:6]([CH3:7])[CH:8]1[OH:9]
61,61,48,61,CC=CC=CC.CC=C(O)O,CC1C=CC(C)C(O)(O)C1C,CC=CC=CC.CC=C(O)O>>CC1C=CC(C)C(O)(O)C1C,0,1,[C:7]([OH:8])([OH:9])=[CH:10][CH3:11].[CH3:1][CH:2]=[CH:3][CH:4]=[CH:5][CH3:6].[He]>>[CH3:1][CH:2]1[CH:3]=[CH:4][CH:5]([CH3:6])[C:7]([OH:8])([OH:9])[CH:10]1[CH3:11]
62,62,11,62,C=CC=CC.C=CO,CC1C=CCC(O)C1,C=CC=CC.C=CO>>CC1C=CCC(O)C1,0,1,[CH3:1][CH:2]=[CH:3][CH:4]=[CH2:8].[CH2:5]=[CH:6][OH:7].[He]>>[CH3:1][CH:2]1[CH:3]=[CH:4][CH2:5][CH:6]([OH:7])[CH2:8]1
63,63,49,63,C=CC=CO.CC=CC,CC1CC=CC(O)C1C,C=CC=CO.CC=CC>>CC1CC=CC(O)C1C,1,1,[CH2:3]=[CH:4][CH:5]=[CH:6][OH:7].[CH3:1][CH:2]=[CH:8][CH3:9].[He]>>[CH3:1][CH:2]1[CH2:3][CH:4]=[CH:5][CH:6]([OH:7])[CH:8]1[CH3:9]
64,64,50,64,CC=CC=CN.C=CN,CC1C=CC(N)CC1N,CC=CC=CN.C=CN>>CC1C=CC(N)CC1N,0,1,[CH2:4]=[CH:8][NH2:9].[CH3:1][CH:2]=[CH:3][CH:7]=[CH:5][NH2:6].[He]>>[CH3:1][CH:2]1[CH:3]=[CH:4][CH:5]([NH2:6])[CH2:7][CH:8]1[NH2:9]
65,65,51,65,CC(O)=CC=CN.CC=C(C)C,CC1C(C)(O)C=CC(N)C1(C)C,CC(O)=CC=CN.CC=C(C)C>>CC1C(C)(O)C=CC(N)C1(C)C,0,1,[C:3]([CH3:4])([OH:5])=[CH:6][CH:7]=[CH:8][NH2:9].[CH3:1][CH:2]=[C:10]([CH3:11])[CH3:12].[He]>>[CH3:1][CH:2]1[C:3]([CH3:4])([OH:5])[CH:6]=[CH:7][CH:8]([NH2:9])[C:10]1([CH3:11])[CH3:12]
66,66,52,66,C=CC=CO.CC(C)=CF,CC1(C)C(O)C=CCC1F,C=CC=CO.CC(C)=CF>>CC1(C)C(O)C=CCC1F,1,1,[CH:4]([OH:5])=[CH:6][CH:7]=[CH2:8].[CH3:1][C:2]([CH3:3])=[CH:9][F:10].[He]>>[CH3:1][C:2]1([CH3:3])[CH:4]([OH:5])[CH:6]=[CH:7][CH2:8][CH:9]1[F:10]
67,67,11,67,C=CC=CC.C=CO,CC1C=CCC(O)C1,C=CC=CC.C=CO>>CC1C=CCC(O)C1,1,1,[CH3:1][CH:2]=[CH:3][CH:4]=[CH2:8].[CH2:5]=[CH:6][OH:7].[He]>>[CH3:1][CH:2]1[CH:3]=[CH:4][CH2:5][CH:6]([OH:7])[CH2:8]1
68,68,53,68,C=CC=CC.CC=CS,CC1C=CCC(C)C1S,C=CC=CC.CC=CS>>CC1C=CCC(C)C1S,0,1,[CH3:1][CH:2]=[CH:3][CH:4]=[CH2:5].[CH:6]([CH3:7])=[CH:8][SH:9].[He]>>[CH3:1][CH:2]1[CH:3]=[CH:4][CH2:5][CH:6]([CH3:7])[CH:8]1[SH:9]
69,69,54,69,OC=CC=CS.CC=CN,CC1C(S)C=CC(O)C1N,OC=CC=CS.CC=CN>>CC1C(S)C=CC(O)C1N,1,1,[CH3:1][CH:2]=[CH:9][NH2:10].[CH:3]([SH:4])=[CH:5][CH:6]=[CH:7][OH:8].[He]>>[CH3:1][CH:2]1[CH:3]([SH:4])[CH:5]=[CH:6][CH:7]([OH:8])[CH:9]1[NH2:10]
70,70,43,70,C=CC=C(C)O.CC=CC,CC1CC=CC(C)(O)C1C,C=CC=C(C)O.CC=CC>>CC1CC=CC(C)(O)C1C,0,1,[CH2:3]=[CH:4][CH:5]=[C:6]([CH3:7])[OH:8].[CH3:1][CH:2]=[CH:9][CH3:10].[He]>>[CH3:1][CH:2]1[CH2:3][CH:4]=[CH:5][C:6]([CH3:7])([OH:8])[CH:9]1[CH3:10]
71,71,38,71,CC=CC=CO.C=CO,CC1C=CC(O)C(O)C1,CC=CC=CO.C=CO>>CC1C=CC(O)C(O)C1,0,1,[CH:7]([OH:8])=[CH2:9].[CH3:1][CH:2]=[CH:3][CH:4]=[CH:5][OH:6].[He]>>[CH3:1][CH:2]1[CH:3]=[CH:4][CH:5]([OH:6])[CH:7]([OH:8])[CH2:9]1
72,72,55,72,NC=CC=CO.CC=CO,CC1C(O)C=CC(N)C1O,NC=CC=CO.CC=CO>>CC1C(O)C=CC(N)C1O,1,1,[CH3:1][CH:2]=[CH:9][OH:10].[CH:3]([OH:4])=[CH:5][CH:6]=[CH:7][NH2:8].[He]>>[CH3:1][CH:2]1[CH:3]([OH:4])[CH:5]=[CH:6][CH:7]([NH2:8])[CH:9]1[OH:10]
73,73,56,73,CC=CC=C(C)I.C=CC,CC1C=CC(C)(I)C(C)C1,CC=CC=C(C)I.C=CC>>CC1C=CC(C)(I)C(C)C1,1,1,[CH:8](=[CH2:9])[CH3:10].[CH3:1][CH:2]=[CH:3][CH:4]=[C:5]([CH3:6])[I:7].[He]>>[CH3:1][CH:2]1[CH:3]=[CH:4][C:5]([CH3:6])([I:7])[CH:8]([CH3:9])[CH2:10]1
74,74,50,74,CC=CC=CN.C=CN,CC1C=CC(N)CC1N,CC=CC=CN.C=CN>>CC1C=CC(N)CC1N,1,1,[CH2:4]=[CH:8][NH2:9].[CH3:1][CH:2]=[CH:3][CH:7]=[CH:5][NH2:6].[He]>>[CH3:1][CH:2]1[CH:3]=[CH:4][CH:5]([NH2:6])[CH2:7][CH:8]1[NH2:9]
75,75,36,75,CC=CC=CS.C=CC,CC1C=CC(S)C(C)C1,CC=CC=CS.C=CC>>CC1C=CC(S)C(C)C1,0,1,[CH:7]([CH3:8])=[CH2:9].[CH3:1][CH:2]=[CH:3][CH:4]=[CH:5][SH:6].[He]>>[CH3:1][CH:2]1[CH:3]=[CH:4][CH:5]([SH:6])[CH:7]([CH3:8])[CH2:9]1
76,76,0,76,CC=CC=CC.CC=CO,CC1C=CC(C)C(O)C1C,CC=CC=CC.CC=CO>>CC1C=CC(C)C(O)C1C,0,1,[CH3:1][CH:2]=[CH:3][CH:4]=[CH:9][CH3:10].[CH:5]([CH3:6])=[CH:7][OH:8].[He]>>[CH3:1][CH:2]1[CH:3]=[CH:4][CH:5]([CH3:6])[CH:7]([OH:8])[CH:9]1[CH3:10]
77,77,57,77,C=CC=CO.C=CC,CC1CC=CC(O)C1,C=CC=CO.C=CC>>CC1CC=CC(O)C1,0,1,[CH2:1]=[CH:2][CH3:8].[CH2:3]=[CH:4][CH:5]=[CH:6][OH:7].[He]>>[CH3:1][CH:2]1[CH2:3][CH:4]=[CH:5][CH:6]([OH:7])[CH2:8]1
78,78,58,78,C=CC=C(C)C.C=CO,CC1(C)C=CCC(O)C1,C=CC=C(C)C.C=CO>>CC1(C)C=CCC(O)C1,0,1,[CH2:1]=[CH:5][CH:4]=[C:2]([CH3:3])[CH3:9].[CH2:6]=[CH:7][OH:8].[He]>>[CH3:1][C:2]1([CH3:3])[CH:4]=[CH:5][CH2:6][CH:7]([OH:8])[CH2:9]1
79,79,49,79,C=CC=CO.CC=CC,CC1CC=CC(O)C1C,C=CC=CO.CC=CC>>CC1CC=CC(O)C1C,0,1,[CH2:3]=[CH:4][CH:5]=[CH:6][OH:7].[CH3:1][CH:2]=[CH:8][CH3:9].[He]>>[CH3:1][CH:2]1[CH2:3][CH:4]=[CH:5][CH:6]([OH:7])[CH:8]1[CH3:9]
80,80,34,80,C=CC=CC.CC=CO,CC1C=CCC(C)C1O,C=CC=CC.CC=CO>>CC1C=CCC(C)C1O,0,1,[CH3:1][CH:2]=[CH:3][CH:4]=[CH2:5].[CH:6]([CH3:7])=[CH:8][OH:9].[He]>>[CH3:1][CH:2]1[CH:3]=[CH:4][CH2:5][CH:6]([CH3:7])[CH:8]1[OH:9]
81,81,57,81,C=CC=CO.C=CC,CC1CC=CC(O)C1,C=CC=CO.C=CC>>CC1CC=CC(O)C1,0,1,[CH2:1]=[CH:2][CH3:8].[CH2:3]=[CH:4][CH:5]=[CH:6][OH:7].[He]>>[CH3:1][CH:2]1[CH2:3][CH:4]=[CH:5][CH:6]([OH:7])[CH2:8]1
82,82,59,82,C=CC=CS.C=CO,OC1CC=CC(S)C1,C=CC=CS.C=CO>>OC1CC=CC(S)C1,1,1,[CH2:3]=[CH:4][CH:5]=[CH:6][SH:7].[OH:1][CH:2]=[CH2:8].[He]>>[OH:1][CH:2]1[CH2:3][CH:4]=[CH:5][CH:6]([SH:7])[CH2:8]1
83,83,31,83,CC=CC=C(C)C.CC=CO,CC1C=CC(C)(C)C(O)C1C,CC=CC=C(C)C.CC=CO>>CC1C=CC(C)(C)C(O)C1C,0,1,[CH3:1][CH:2]=[CH:3][CH:4]=[C:5]([CH3:6])[CH3:7].[CH:8]([OH:9])=[CH:10][CH3:11].[He]>>[CH3:1][CH:2]1[CH:3]=[CH:4][C:5]([CH3:6])([CH3:7])[CH:8]([OH:9])[CH:10]1[CH3:11]
84,84,60,84,C=CC=C.C=C,C1=CCCCC1,C=CC=C.C=C>>C1=CCCCC1,1,1,[CH2:1]=[CH2:2].[CH2:3]=[CH:4][CH:5]=[CH2:6].[He]>>[CH:1]1=[CH:2][CH2:3][CH2:4][CH2:5][CH2:6]1
85,85,33,85,C=CC=CC.C=CC,CC1C=CCCC1C,C=CC=CC.C=CC>>CC1C=CCCC1C,0,1,[CH3:1][CH:2]=[CH2:3].[CH2:4]=[CH:5][CH:6]=[CH:7][CH3:8].[He]>>[CH3:1][CH:2]1[CH:3]=[CH:4][CH2:5][CH2:6][CH:7]1[CH3:8]
86,86,61,86,C=CC=CC.OC=CS,CC1C=CCC(O)C1S,C=CC=CC.OC=CS>>CC1C=CCC(O)C1S,0,1,[CH3:1][CH:2]=[CH:3][CH:4]=[CH2:5].[CH:6]([OH:7])=[CH:8][SH:9].[He]>>[CH3:1][CH:2]1[CH:3]=[CH:4][CH2:5][CH:6]([OH:7])[CH:8]1[SH:9]
87,87,29,87,C=CC=CN.C=CC,CC1CC=CC(N)C1,C=CC=CN.C=CC>>CC1CC=CC(N)C1,0,1,[CH2:1]=[CH:2][CH3:8].[CH2:3]=[CH:4][CH:5]=[CH:6][NH2:7].[He]>>[CH3:1][CH:2]1[CH2:3][CH:4]=[CH:5][CH:6]([NH2:7])[CH2:8]1
88,88,62,88,CC=CC=CO.CC=CCl,CC1C=CC(O)C(Cl)C1C,CC=CC=CO.CC=CCl>>CC1C=CC(O)C(Cl)C1C,0,1,[CH3:1][CH:2]=[CH:3][CH:4]=[CH:5][OH:6].[CH:7]([Cl:8])=[CH:9][CH3:10].[He]>>[CH3:1][CH:2]1[CH:3]=[CH:4][CH:5]([OH:6])[CH:7]([Cl:8])[CH:9]1[CH3:10]
89,89,42,89,C=CC=CC.CC=CC,CC1C=CCC(C)C1C,C=CC=CC.CC=CC>>CC1C=CCC(C)C1C,0,1,[CH2:3]=[CH:4][CH:5]=[CH:6][CH3:7].[CH3:1][CH:2]=[CH:8][CH3:9].[He]>>[CH3:1][CH:2]1[CH:3]=[CH:4][CH2:5][CH:6]([CH3:7])[CH:8]1[CH3:9]
90,90,63,90,CC=CC=CC.C=C(C)O,CC1C=CC(C)C(C)(O)C1,CC=CC=CC.C=C(C)O>>CC1C=CC(C)C(C)(O)C1,1,1,[CH2:5]=[C:7]([CH3:8])[OH:9].[CH3:1][CH:2]=[CH:3][CH:4]=[CH:10][CH3:6].[He]>>[CH3:1][CH:2]1[CH:3]=[CH:4][CH:5]([CH3:6])[C:7]([CH3:8])([OH:9])[CH2:10]1
91,91,64,91,CC(C)=CC=C(C)O.C=CC,CC1CC(C)(O)C=CC1(C)C,CC(C)=CC=C(C)O.C=CC>>CC1CC(C)(O)C=CC1(C)C,1,1,[CH3:1][CH:7]=[CH2:8].[CH:2]([CH:3]=[C:4]([CH3:5])[OH:6])=[C:9]([CH3:10])[CH3:11].[He]>>[CH3:1][CH:2]1[CH2:3][C:4]([CH3:5])([OH:6])[CH:7]=[CH:8][C:9]1([CH3:10])[CH3:11]
92,92,44,92,C=CC=CC.CC(O)=CO,CC1C=CCC(C)(O)C1O,C=CC=CC.CC(O)=CO>>CC1C=CCC(C)(O)C1O,1,1,[CH3:1][CH:2]=[CH:3][CH:4]=[CH2:5].[C:6]([CH3:7])([OH:8])=[CH:9][OH:10].[He]>>[CH3:1][CH:2]1[CH:3]=[CH:4][CH2:5][C:6]([CH3:7])([OH:8])[CH:9]1[OH:10]
93,93,65,93,CC(O)=CC=CO.C=CC,CC1CC(O)C=CC1(C)O,CC(O)=CC=CO.C=CC>>CC1CC(O)C=CC1(C)O,1,1,[CH2:1]=[CH:2][CH3:3].[CH:4]([OH:5])=[CH:6][CH:7]=[C:8]([CH3:9])[OH:10].[He]>>[CH3:1][CH:2]1[CH2:3][CH:4]([OH:5])[CH:6]=[CH:7][C:8]1([CH3:9])[OH:10]
94,94,3,94,CC=CC=C(C)C.C=CC,CC1C=CC(C)(C)CC1C,CC=CC=C(C)C.C=CC>>CC1C=CC(C)(C)CC1C,0,1,[CH3:7][CH:9]=[CH2:10].[CH3:1][CH:2]=[CH:3][CH:4]=[C:5]([CH3:6])[CH3:8].[He]>>[CH3:1][CH:2]1[CH:3]=[CH:4][C:5]([CH3:6])([CH3:7])[CH2:8][CH:9]1[CH3:10]
95,95,40,95,C=CC=CC.C=C(C)O,CC1C=CCCC1(C)O,C=CC=CC.C=C(C)O>>CC1C=CCCC1(C)O,0,1,[CH2:6]=[C:7]([CH3:8])[OH:9].[CH3:1][CH:2]=[CH:3][CH:4]=[CH2:5].[He]>>[CH3:1][CH:2]1[CH:3]=[CH:4][CH2:5][CH2:6][C:7]1([CH3:8])[OH:9]
96,96,66,96,C=CC=CO.C=C(C)O,CC1(O)CC=CC(O)C1,C=CC=CO.C=C(C)O>>CC1(O)CC=CC(O)C1,1,1,[CH2:1]=[C:2]([OH:3])[CH3:9].[CH2:4]=[CH:5][CH:6]=[CH:7][OH:8].[He]>>[CH3:1][C:2]1([OH:3])[CH2:4][CH:5]=[CH:6][CH:7]([OH:8])[CH2:9]1
97,97,31,97,CC=CC=C(C)C.CC=CO,CC1C=CC(C)(C)C(O)C1C,CC=CC=C(C)C.CC=CO>>CC1C=CC(C)(C)C(O)C1C,0,1,[CH3:1][CH:2]=[CH:3][CH:4]=[C:5]([CH3:6])[CH3:7].[CH:8]([OH:9])=[CH:10][CH3:11].[He]>>[CH3:1][CH:2]1[CH:3]=[CH:4][C:5]([CH3:6])([CH3:7])[CH:8]([OH:9])[CH:10]1[CH3:11]
98,98,3,98,CC=CC=C(C)C.C=CC,CC1C=CC(C)(C)CC1C,CC=CC=C(C)C.C=CC>>CC1C=CC(C)(C)CC1C,1,1,[CH3:7][CH:9]=[CH2:10].[CH3:1][CH:2]=[CH:3][CH:4]=[C:5]([CH3:6])[CH3:8].[He]>>[CH3:1][CH:2]1[CH:3]=[CH:4][C:5]([CH3:6])([CH3:7])[CH2:8][CH:9]1[CH3:10]
99,99,34,99,C=CC=CC.CC=CO,CC1C=CCC(C)C1O,C=CC=CC.CC=CO>>CC1C=CCC(C)C1O,0,1,[CH3:1][CH:2]=[CH:3][CH:4]=[CH2:5].[CH:6]([CH3:7])=[CH:8][OH:9].[He]>>[CH3:1][CH:2]1[CH:3]=[CH:4][CH2:5][CH:6]([CH3:7])[CH:8]1[OH:9]
100,100,67,100,CC=CC=CC.CC=CC,CC1C=CC(C)C(C)C1C,CC=CC=CC.CC=CC>>CC1C=CC(C)C(C)C1C,0,1,[CH:7]([CH3:8])=[CH:9][CH3:10].[CH3:1][CH:2]=[CH:3][CH:4]=[CH:5][CH3:6].[He]>>[CH3:1][CH:2]1[CH:3]=[CH:4][CH:5]([CH3:6])[CH:7]([CH3:8])[CH:9]1[CH3:10]
101,101,65,101,CC(O)=CC=CO.C=CC,CC1CC(O)C=CC1(C)O,CC(O)=CC=CO.C=CC>>CC1CC(O)C=CC1(C)O,0,1,[CH2:1]=[CH:2][CH3:3].[CH:4]([OH:5])=[CH:6][CH:7]=[C:8]([CH3:9])[OH:10].[He]>>[CH3:1][CH:2]1[CH2:3][CH:4]([OH:5])[CH:6]=[CH:7][C:8]1([CH3:9])[OH:10]
102,102,33,102,C=CC=CC.C=CC,CC1C=CCCC1C,C=CC=CC.C=CC>>CC1C=CCCC1C,0,1,[CH3:1][CH:2]=[CH2:3].[CH2:4]=[CH:5][CH:6]=[CH:7][CH3:8].[He]>>[CH3:1][CH:2]1[CH:3]=[CH:4][CH2:5][CH2:6][CH:7]1[CH3:8]
103,103,52,103,C=CC=CO.CC(C)=CF,CC1(C)C(O)C=CCC1F,C=CC=CO.CC(C)=CF>>CC1(C)C(O)C=CCC1F,0,1,[CH:4]([OH:5])=[CH:6][CH:7]=[CH2:8].[CH3:1][C:2]([CH3:3])=[CH:9][F:10].[He]>>[CH3:1][C:2]1([CH3:3])[CH:4]([OH:5])[CH:6]=[CH:7][CH2:8][CH:9]1[F:10]
104,104,68,104,CC=CC=CN.CC=CC,CC1C=CC(N)C(C)C1C,CC=CC=CN.CC=CC>>CC1C=CC(N)C(C)C1C,0,1,[CH:7]([CH3:8])=[CH:9][CH3:10].[CH3:1][CH:2]=[CH:3][CH:4]=[CH:5][NH2:6].[He]>>[CH3:1][CH:2]1[CH:3]=[CH:4][CH:5]([NH2:6])[CH:7]([CH3:8])[CH:9]1[CH3:10]
105,105,40,105,C=CC=CC.C=C(C)O,CC1C=CCCC1(C)O,C=CC=CC.C=C(C)O>>CC1C=CCCC1(C)O,0,1,[CH2:6]=[C:7]([CH3:8])[OH:9].[CH3:1][CH:2]=[CH:3][CH:4]=[CH2:5].[He]>>[CH3:1][CH:2]1[CH:3]=[CH:4][CH2:5][CH2:6][C:7]1([CH3:8])[OH:9]
106,106,69,106,CC=CC=C(C)O.CC=C(C)S,CC1C=CC(C)(O)C(C)C1(C)S,CC=CC=C(C)O.CC=C(C)S>>CC1C=CC(C)(O)C(C)C1(C)S,1,1,[CH:8]([CH3:9])=[C:10]([CH3:11])[SH:12].[CH3:1][CH:2]=[CH:3][CH:4]=[C:5]([CH3:6])[OH:7].[He]>>[CH3:1][CH:2]1[CH:3]=[CH:4][C:5]([CH3:6])([OH:7])[CH:8]([CH3:9])[C:10]1([CH3:11])[SH:12]
107,107,18,107,C=CC=CS.CC=CC,CC1CC=CC(S)C1C,C=CC=CS.CC=CC>>CC1CC=CC(S)C1C,0,1,[CH2:3]=[CH:4][CH:5]=[CH:6][SH:7].[CH3:1][CH:2]=[CH:8][CH3:9].[He]>>[CH3:1][CH:2]1[CH2:3][CH:4]=[CH:5][CH:6]([SH:7])[CH:8]1[CH3:9]
108,108,70,108,CC=CC=CO.C=C(C)O,CC1C=CC(O)C(C)(O)C1,CC=CC=CO.C=C(C)O>>CC1C=CC(O)C(C)(O)C1,1,1,[C:7]([CH3:8])([OH:9])=[CH2:10].[CH3:1][CH:2]=[CH:3][CH:4]=[CH:5][OH:6].[He]>>[CH3:1][CH:2]1[CH:3]=[CH:4][CH:5]([OH:6])[C:7]([CH3:8])([OH:9])[CH2:10]1
109,109,39,109,OC=CC=CS.C=CO,OC1C=CC(S)CC1O,OC=CC=CS.C=CO>>OC1C=CC(S)CC1O,0,1,[CH2:3]=[CH:4][OH:9].[OH:1][CH:2]=[CH:8][CH:7]=[CH:5][SH:6].[He]>>[OH:1][CH:2]1[CH:3]=[CH:4][CH:5]([SH:6])[CH2:7][CH:8]1[OH:9]
110,110,15,110,C=CC=CC.C=C(C)N,CC1C=CCC(C)(N)C1,C=CC=CC.C=C(C)N>>CC1C=CCC(C)(N)C1,0,1,[CH2:5]=[C:6]([CH3:7])[NH2:8].[CH3:1][CH:2]=[CH:3][CH:4]=[CH2:9].[He]>>[CH3:1][CH:2]1[CH:3]=[CH:4][CH2:5][C:6]([CH3:7])([NH2:8])[CH2:9]1
111,111,42,111,C=CC=CC.CC=CC,CC1C=CCC(C)C1C,C=CC=CC.CC=CC>>CC1C=CCC(C)C1C,1,1,[CH2:3]=[CH:4][CH:5]=[CH:6][CH3:7].[CH3:1][CH:2]=[CH:8][CH3:9].[He]>>[CH3:1][CH:2]1[CH:3]=[CH:4][CH2:5][CH:6]([CH3:7])[CH:8]1[CH3:9]
112,112,27,112,CC=CC=C(C)O.C=CN,CC1C=CC(C)(O)CC1N,CC=CC=C(C)O.C=CN>>CC1C=CC(C)(O)CC1N,0,1,[CH2:4]=[CH:9][NH2:10].[CH3:1][CH:2]=[CH:3][CH:8]=[C:5]([CH3:6])[OH:7].[He]>>[CH3:1][CH:2]1[CH:3]=[CH:4][C:5]([CH3:6])([OH:7])[CH2:8][CH:9]1[NH2:10]
113,113,48,113,CC=CC=CC.CC=C(O)O,CC1C=CC(C)C(O)(O)C1C,CC=CC=CC.CC=C(O)O>>CC1C=CC(C)C(O)(O)C1C,1,1,[C:7]([OH:8])([OH:9])=[CH:10][CH3:11].[CH3:1][CH:2]=[CH:3][CH:4]=[CH:5][CH3:6].[He]>>[CH3:1][CH:2]1[CH:3]=[CH:4][CH:5]([CH3:6])[C:7]([OH:8])([OH:9])[CH:10]1[CH3:11]
114,114,71,114,CC=CC=CO.C=C,CC1C=CC(O)CC1,CC=CC=CO.C=C>>CC1C=CC(O)CC1,0,1,[CH2:7]=[CH2:8].[CH3:1][CH:2]=[CH:3][CH:4]=[CH:5][OH:6].[He]>>[CH3:1][CH:2]1[CH:3]=[CH:4][CH:5]([OH:6])[CH2:7][CH2:8]1
115,115,31,115,CC=CC=C(C)C.CC=CO,CC1C=CC(C)(C)C(O)C1C,CC=CC=C(C)C.CC=CO>>CC1C=CC(C)(C)C(O)C1C,0,1,[CH3:1][CH:2]=[CH:3][CH:4]=[C:5]([CH3:6])[CH3:7].[CH:8]([OH:9])=[CH:10][CH3:11].[He]>>[CH3:1][CH:2]1[CH:3]=[CH:4][C:5]([CH3:6])([CH3:7])[CH:8]([OH:9])[CH:10]1[CH3:11]
116,116,53,116,C=CC=CC.CC=CS,CC1C=CCC(C)C1S,C=CC=CC.CC=CS>>CC1C=CCC(C)C1S,1,1,[CH3:1][CH:2]=[CH:3][CH:4]=[CH2:5].[CH:6]([CH3:7])=[CH:8][SH:9].[He]>>[CH3:1][CH:2]1[CH:3]=[CH:4][CH2:5][CH:6]([CH3:7])[CH:8]1[SH:9]
117,117,9,117,CC=CC=CN.C=C,CC1C=CC(N)CC1,CC=CC=CN.C=C>>CC1C=CC(N)CC1,1,1,[CH2:1]=[CH2:7].[CH:2](=[CH:3][CH:4]=[CH:5][NH2:6])[CH3:8].[He]>>[CH3:1][CH:2]1[CH:3]=[CH:4][CH:5]([NH2:6])[CH2:7][CH2:8]1
118,118,26,118,C=CC=CC.CC(C)=C(C)O,CC1C=CCC(C)(O)C1(C)C,C=CC=CC.CC(C)=C(C)O>>CC1C=CCC(C)(O)C1(C)C,0,1,[CH3:1][CH:2]=[CH:3][CH:4]=[CH2:5].[C:6]([CH3:7])([OH:8])=[C:9]([CH3:10])[CH3:11].[He]>>[CH3:1][CH:2]1[CH:3]=[CH:4][CH2:5][C:6]([CH3:7])([OH:8])[C:9]1([CH3:10])[CH3:11]
119,119,3,119,CC=CC=C(C)C.C=CC,CC1C=CC(C)(C)CC1C,CC=CC=C(C)C.C=CC>>CC1C=CC(C)(C)CC1C,0,1,[CH3:7][CH:9]=[CH2:10].[CH3:1][CH:2]=[CH:3][CH:4]=[C:5]([CH3:6])[CH3:8].[He]>>[CH3:1][CH:2]1[CH:3]=[CH:4][C:5]([CH3:6])([CH3:7])[CH2:8][CH:9]1[CH3:10]
120,120,40,120,C=CC=CC.C=C(C)O,CC1C=CCCC1(C)O,C=CC=CC.C=C(C)O>>CC1C=CCCC1(C)O,0,1,[CH2:6]=[C:7]([CH3:8])[OH:9].[CH3:1][CH:2]=[CH:3][CH:4]=[CH2:5].[He]>>[CH3:1][CH:2]1[CH:3]=[CH:4][CH2:5][CH2:6][C:7]1([CH3:8])[OH:9]
121,121,72,121,OC=CC=CS.C=C(C)S,CC1(S)CC(S)C=CC1O,OC=CC=CS.C=C(C)S>>CC1(S)CC(S)C=CC1O,1,1,[CH3:1][C:5](=[CH2:4])[SH:6].[CH:2]([SH:3])=[CH:7][CH:8]=[CH:9][OH:10].[He]>>[CH3:1][C:2]1([SH:3])[CH2:4][CH:5]([SH:6])[CH:7]=[CH:8][CH:9]1[OH:10]
122,122,68,122,CC=CC=CN.CC=CC,CC1C=CC(N)C(C)C1C,CC=CC=CN.CC=CC>>CC1C=CC(N)C(C)C1C,0,1,[CH:7]([CH3:8])=[CH:9][CH3:10].[CH3:1][CH:2]=[CH:3][CH:4]=[CH:5][NH2:6].[He]>>[CH3:1][CH:2]1[CH:3]=[CH:4][CH:5]([NH2:6])[CH:7]([CH3:8])[CH:9]1[CH3:10]
123,123,73,123,C=CC=CO.C=CS,OC1C=CCCC1S,C=CC=CO.C=CS>>OC1C=CCCC1S,1,1,[OH:1][CH:2]=[CH:3][CH:4]=[CH2:5].[CH2:6]=[CH:7][SH:8].[He]>>[OH:1][CH:2]1[CH:3]=[CH:4][CH2:5][CH2:6][CH:7]1[SH:8]
124,124,74,124,CC=CC=CO.CC=CS,CC1C=CC(O)C(C)C1S,CC=CC=CO.CC=CS>>CC1C=CC(O)C(C)C1S,0,1,[CH3:1][CH:2]=[CH:3][CH:4]=[CH:5][OH:6].[CH:7]([CH3:8])=[CH:9][SH:10].[He]>>[CH3:1][CH:2]1[CH:3]=[CH:4][CH:5]([OH:6])[CH:7]([CH3:8])[CH:9]1[SH:10]
125,125,75,125,C=CC=C(C)S.C=CC,CC1CCC=CC1(C)S,C=CC=C(C)S.C=CC>>CC1CCC=CC1(C)S,0,1,[CH2:1]=[CH:2][CH3:3].[CH2:4]=[CH:5][CH:6]=[C:7]([CH3:8])[SH:9].[He]>>[CH3:1][CH:2]1[CH2:3][CH2:4][CH:5]=[CH:6][C:7]1([CH3:8])[SH:9]
126,126,8,126,C=CC=CS.C=CC,CC1CCC=CC1S,C=CC=CS.C=CC>>CC1CCC=CC1S,0,1,[CH2:1]=[CH:2][CH3:3].[CH2:4]=[CH:5][CH:6]=[CH:7][SH:8].[He]>>[CH3:1][CH:2]1[CH2:3][CH2:4][CH:5]=[CH:6][CH:7]1[SH:8]
127,127,33,127,C=CC=CC.C=CC,CC1C=CCCC1C,C=CC=CC.C=CC>>CC1C=CCCC1C,0,1,[CH3:1][CH:2]=[CH2:3].[CH2:4]=[CH:5][CH:6]=[CH:7][CH3:8].[He]>>[CH3:1][CH:2]1[CH:3]=[CH:4][CH2:5][CH2:6][CH:7]1[CH3:8]
128,128,45,128,C=CC=C.CC=CN,CC1CC=CCC1N,C=CC=C.CC=CN>>CC1CC=CCC1N,0,1,[CH2:3]=[CH:4][CH:5]=[CH2:6].[CH3:1][CH:2]=[CH:7][NH2:8].[He]>>[CH3:1][CH:2]1[CH2:3][CH:4]=[CH:5][CH2:6][CH:7]1[NH2:8]
129,129,76,129,CC=CC=CO.CC=C(C)O,CC1C=CC(O)C(C)C1(C)O,CC=CC=CO.CC=C(C)O>>CC1C=CC(O)C(C)C1(C)O,1,1,[CH:7]([CH3:8])=[C:9]([CH3:10])[OH:11].[CH3:1][CH:2]=[CH:3][CH:4]=[CH:5][OH:6].[He]>>[CH3:1][CH:2]1[CH:3]=[CH:4][CH:5]([OH:6])[CH:7]([CH3:8])[C:9]1([CH3:10])[OH:11]
130,130,19,130,C=CC=C(C)S.CC=CC,CC1CC=CC(C)(S)C1C,C=CC=C(C)S.CC=CC>>CC1CC=CC(C)(S)C1C,0,1,[CH2:3]=[CH:4][CH:5]=[C:6]([CH3:7])[SH:8].[CH3:1][CH:2]=[CH:9][CH3:10].[He]>>[CH3:1][CH:2]1[CH2:3][CH:4]=[CH:5][C:6]([CH3:7])([SH:8])[CH:9]1[CH3:10]
131,131,77,131,CC=CC=C(C)O.C=CC,CC1C=CC(C)(O)CC1C,CC=CC=C(C)O.C=CC>>CC1C=CC(C)(O)CC1C,0,1,[CH:3](=[CH2:4])[CH3:10].[CH3:1][CH:2]=[CH:9][CH:8]=[C:5]([CH3:6])[OH:7].[He]>>[CH3:1][CH:2]1[CH:3]=[CH:4][C:5]([CH3:6])([OH:7])[CH2:8][CH:9]1[CH3:10]
132,132,78,132,NC=CC=CN.CC=CC,CC1C(N)C=CC(N)C1C,NC=CC=CN.CC=CC>>CC1C(N)C=CC(N)C1C,0,1,[CH3:1][CH:2]=[CH:9][CH3:10].[CH:3]([NH2:4])=[CH:5][CH:6]=[CH:7][NH2:8].[He]>>[CH3:1][CH:2]1[CH:3]([NH2:4])[CH:5]=[CH:6][CH:7]([NH2:8])[CH:9]1[CH3:10]
133,133,77,133,CC=CC=C(C)O.C=CC,CC1C=CC(C)(O)CC1C,CC=CC=C(C)O.C=CC>>CC1C=CC(C)(O)CC1C,1,1,[CH:3](=[CH2:4])[CH3:10].[CH3:1][CH:2]=[CH:9][CH:8]=[C:5]([CH3:6])[OH:7].[He]>>[CH3:1][CH:2]1[CH:3]=[CH:4][C:5]([CH3:6])([OH:7])[CH2:8][CH:9]1[CH3:10]
134,134,67,134,CC=CC=CC.CC=CC,CC1C=CC(C)C(C)C1C,CC=CC=CC.CC=CC>>CC1C=CC(C)C(C)C1C,0,1,[CH:7]([CH3:8])=[CH:9][CH3:10].[CH3:1][CH:2]=[CH:3][CH:4]=[CH:5][CH3:6].[He]>>[CH3:1][CH:2]1[CH:3]=[CH:4][CH:5]([CH3:6])[CH:7]([CH3:8])[CH:9]1[CH3:10]
135,135,79,135,C=CC=CC.CC=C(C)O,CC1C=CCC(C)(O)C1C,C=CC=CC.CC=C(C)O>>CC1C=CCC(C)(O)C1C,0,1,[CH3:1][CH:2]=[CH:3][CH:4]=[CH2:5].[C:6]([CH3:7])([OH:8])=[CH:9][CH3:10].[He]>>[CH3:1][CH:2]1[CH:3]=[CH:4][CH2:5][C:6]([CH3:7])([OH:8])[CH:9]1[CH3:10]
136,136,80,136,CC=CC=CI.NC=C(O)S,CC1C=CC(I)C(N)C1(O)S,CC=CC=CI.NC=C(O)S>>CC1C=CC(I)C(N)C1(O)S,1,1,[CH3:1][CH:2]=[CH:3][CH:4]=[CH:5][I:6].[CH:7]([NH2:8])=[C:9]([OH:10])[SH:11].[He]>>[CH3:1][CH:2]1[CH:3]=[CH:4][CH:5]([I:6])[CH:7]([NH2:8])[C:9]1([OH:10])[SH:11]
137,137,78,137,NC=CC=CN.CC=CC,CC1C(N)C=CC(N)C1C,NC=CC=CN.CC=CC>>CC1C(N)C=CC(N)C1C,1,1,[CH3:1][CH:2]=[CH:9][CH3:10].[CH:3]([NH2:4])=[CH:5][CH:6]=[CH:7][NH2:8].[He]>>[CH3:1][CH:2]1[CH:3]([NH2:4])[CH:5]=[CH:6][CH:7]([NH2:8])[CH:9]1[CH3:10]
138,138,81,138,CC=CC=CO.CC=CO,CC1C=CC(O)C(O)C1C,CC=CC=CO.CC=CO>>CC1C=CC(O)C(O)C1C,0,1,[CH3:1][CH:2]=[CH:3][CH:4]=[CH:5][OH:6].[CH:7]([OH:8])=[CH:9][CH3:10].[He]>>[CH3:1][CH:2]1[CH:3]=[CH:4][CH:5]([OH:6])[CH:7]([OH:8])[CH:9]1[CH3:10]
139,139,57,139,C=CC=CO.C=CC,CC1CC=CC(O)C1,C=CC=CO.C=CC>>CC1CC=CC(O)C1,1,1,[CH2:1]=[CH:2][CH3:8].[CH2:3]=[CH:4][CH:5]=[CH:6][OH:7].[He]>>[CH3:1][CH:2]1[CH2:3][CH:4]=[CH:5][CH:6]([OH:7])[CH2:8]1
140,140,33,140,C=CC=CC.C=CC,CC1C=CCCC1C,C=CC=CC.C=CC>>CC1C=CCCC1C,0,1,[CH3:1][CH:2]=[CH2:3].[CH2:4]=[CH:5][CH:6]=[CH:7][CH3:8].[He]>>[CH3:1][CH:2]1[CH:3]=[CH:4][CH2:5][CH2:6][CH:7]1[CH3:8]
141,141,59,141,C=CC=CS.C=CO,OC1CC=CC(S)C1,C=CC=CS.C=CO>>OC1CC=CC(S)C1,0,1,[CH2:3]=[CH:4][CH:5]=[CH:6][SH:7].[OH:1][CH:2]=[CH2:8].[He]>>[OH:1][CH:2]1[CH2:3][CH:4]=[CH:5][CH:6]([SH:7])[CH2:8]1
142,142,76,142,CC=CC=CO.CC=C(C)O,CC1C=CC(O)C(C)C1(C)O,CC=CC=CO.CC=C(C)O>>CC1C=CC(O)C(C)C1(C)O,0,1,[CH:7]([CH3:8])=[C:9]([CH3:10])[OH:11].[CH3:1][CH:2]=[CH:3][CH:4]=[CH:5][OH:6].[He]>>[CH3:1][CH:2]1[CH:3]=[CH:4][CH:5]([OH:6])[CH:7]([CH3:8])[C:9]1([CH3:10])[OH:11]
143,143,82,143,C=CC=C.CC=CC,CC1CC=CCC1C,C=CC=C.CC=CC>>CC1CC=CCC1C,0,1,[CH2:1]=[CH:4][CH:5]=[CH2:6].[CH:2]([CH3:3])=[CH:7][CH3:8].[He]>>[CH3:1][CH:2]1[CH2:3][CH:4]=[CH:5][CH2:6][CH:7]1[CH3:8]
144,144,61,144,C=CC=CC.OC=CS,CC1C=CCC(O)C1S,C=CC=CC.OC=CS>>CC1C=CCC(O)C1S,0,1,[CH3:1][CH:2]=[CH:3][CH:4]=[CH2:5].[CH:6]([OH:7])=[CH:8][SH:9].[He]>>[CH3:1][CH:2]1[CH:3]=[CH:4][CH2:5][CH:6]([OH:7])[CH:8]1[SH:9]
145,145,83,145,CC(C)=CC=CN.CC=CC,CC1C(N)C=CC(C)(C)C1C,CC(C)=CC=CN.CC=CC>>CC1C(N)C=CC(C)(C)C1C,1,1,[CH:3]([NH2:4])=[CH:5][CH:6]=[C:7]([CH3:8])[CH3:9].[CH3:1][CH:2]=[CH:10][CH3:11].[He]>>[CH3:1][CH:2]1[CH:3]([NH2:4])[CH:5]=[CH:6][C:7]([CH3:8])([CH3:9])[CH:10]1[CH3:11]
146,146,28,146,CC=CC=CO.C=CC,CC1C=CC(O)C(C)C1,CC=CC=CO.C=CC>>CC1C=CC(O)C(C)C1,0,1,[CH:7]([CH3:8])=[CH2:9].[CH3:1][CH:2]=[CH:3][CH:4]=[CH:5][OH:6].[He]>>[CH3:1][CH:2]1[CH:3]=[CH:4][CH:5]([OH:6])[CH:7]([CH3:8])[CH2:9]1
147,147,84,147,C=CC=CN.CC=CC,CC1CC=CC(N)C1C,C=CC=CN.CC=CC>>CC1CC=CC(N)C1C,1,1,[CH2:3]=[CH:4][CH:5]=[CH:6][NH2:7].[CH3:1][CH:2]=[CH:8][CH3:9].[He]>>[CH3:1][CH:2]1[CH2:3][CH:4]=[CH:5][CH:6]([NH2:7])[CH:8]1[CH3:9]
148,148,35,148,C=CC=CO.C=C(C)C,CC1(C)CC=CC(O)C1,C=CC=CO.C=C(C)C>>CC1(C)CC=CC(O)C1,0,1,[CH2:1]=[C:2]([CH3:3])[CH3:9].[CH2:4]=[CH:5][CH:6]=[CH:7][OH:8].[He]>>[CH3:1][C:2]1([CH3:3])[CH2:4][CH:5]=[CH:6][CH:7]([OH:8])[CH2:9]1
149,149,49,149,C=CC=CO.CC=CC,CC1CC=CC(O)C1C,C=CC=CO.CC=CC>>CC1CC=CC(O)C1C,0,1,[CH2:3]=[CH:4][CH:5]=[CH:6][OH:7].[CH3:1][CH:2]=[CH:8][CH3:9].[He]>>[CH3:1][CH:2]1[CH2:3][CH:4]=[CH:5][CH:6]([OH:7])[CH:8]1[CH3:9]
150,150,17,150,C=CC=C.C=CO,OC1CC=CCC1,C=CC=C.C=CO>>OC1CC=CCC1,0,1,[CH2:4]=[CH:5][CH:6]=[CH2:7].[OH:1][CH:2]=[CH2:3].[He]>>[OH:1][CH:2]1[CH2:3][CH:4]=[CH:5][CH2:6][CH2:7]1
151,151,43,151,C=CC=C(C)O.CC=CC,CC1CC=CC(C)(O)C1C,C=CC=C(C)O.CC=CC>>CC1CC=CC(C)(O)C1C,1,1,[CH2:3]=[CH:4][CH:5]=[C:6]([CH3:7])[OH:8].[CH3:1][CH:2]=[CH:9][CH3:10].[He]>>[CH3:1][CH:2]1[CH2:3][CH:4]=[CH:5][C:6]([CH3:7])([OH:8])[CH:9]1[CH3:10]
152,152,85,152,C=CC=CO.C=C,OC1C=CCCC1,C=CC=CO.C=C>>OC1C=CCCC1,1,1,[CH2:6]=[CH2:7].[OH:1][CH:2]=[CH:3][CH:4]=[CH2:5].[He]>>[OH:1][CH:2]1[CH:3]=[CH:4][CH2:5][CH2:6][CH2:7]1
153,153,82,153,C=CC=C.CC=CC,CC1CC=CCC1C,C=CC=C.CC=CC>>CC1CC=CCC1C,1,1,[CH2:1]=[CH:4][CH:5]=[CH2:6].[CH:2]([CH3:3])=[CH:7][CH3:8].[He]>>[CH3:1][CH:2]1[CH2:3][CH:4]=[CH:5][CH2:6][CH:7]1[CH3:8]
154,154,6,154,CC=CC=CC.CC=C(C)O,CC1C=CC(C)C(C)(O)C1C,CC=CC=CC.CC=C(C)O>>CC1C=CC(C)C(C)(O)C1C,1,1,[C:7]([CH3:8])([OH:9])=[CH:10][CH3:11].[CH3:1][CH:2]=[CH:3][CH:4]=[CH:5][CH3:6].[He]>>[CH3:1][CH:2]1[CH:3]=[CH:4][CH:5]([CH3:6])[C:7]([CH3:8])([OH:9])[CH:10]1[CH3:11]
155,155,86,155,C=CC=C(C)N.CC=CC,CC1CC=CC(C)(N)C1C,C=CC=C(C)N.CC=CC>>CC1CC=CC(C)(N)C1C,1,1,[CH2:3]=[CH:4][CH:5]=[C:6]([CH3:7])[NH2:8].[CH3:1][CH:2]=[CH:9][CH3:10].[He]>>[CH3:1][CH:2]1[CH2:3][CH:4]=[CH:5][C:6]([CH3:7])([NH2:8])[CH:9]1[CH3:10]
156,156,67,156,CC=CC=CC.CC=CC,CC1C=CC(C)C(C)C1C,CC=CC=CC.CC=CC>>CC1C=CC(C)C(C)C1C,1,1,[CH:7]([CH3:8])=[CH:9][CH3:10].[CH3:1][CH:2]=[CH:3][CH:4]=[CH:5][CH3:6].[He]>>[CH3:1][CH:2]1[CH:3]=[CH:4][CH:5]([CH3:6])[CH:7]([CH3:8])[CH:9]1[CH3:10]
157,157,30,157,OC=CC=CO.C=CC,CC1CC(O)C=CC1O,OC=CC=CO.C=CC>>CC1CC(O)C=CC1O,1,1,[CH2:1]=[CH:2][CH3:3].[CH:4]([OH:5])=[CH:6][CH:7]=[CH:8][OH:9].[He]>>[CH3:1][CH:2]1[CH2:3][CH:4]([OH:5])[CH:6]=[CH:7][CH:8]1[OH:9]
158,158,39,158,OC=CC=CS.C=CO,OC1C=CC(S)CC1O,OC=CC=CS.C=CO>>OC1C=CC(S)CC1O,1,1,[CH2:3]=[CH:4][OH:9].[OH:1][CH:2]=[CH:8][CH:7]=[CH:5][SH:6].[He]>>[OH:1][CH:2]1[CH:3]=[CH:4][CH:5]([SH:6])[CH2:7][CH:8]1[OH:9]
159,159,87,159,CC=CC=C(C)N.CC=CO,CC1C=CC(C)(N)C(C)C1O,CC=CC=C(C)N.CC=CO>>CC1C=CC(C)(N)C(C)C1O,0,1,[CH3:1][CH:2]=[CH:3][CH:4]=[C:5]([CH3:6])[NH2:7].[CH:8]([CH3:9])=[CH:10][OH:11].[He]>>[CH3:1][CH:2]1[CH:3]=[CH:4][C:5]([CH3:6])([NH2:7])[CH:8]([CH3:9])[CH:10]1[OH:11]
160,160,83,160,CC(C)=CC=CN.CC=CC,CC1C(N)C=CC(C)(C)C1C,CC(C)=CC=CN.CC=CC>>CC1C(N)C=CC(C)(C)C1C,0,1,[CH:3]([NH2:4])=[CH:5][CH:6]=[C:7]([CH3:8])[CH3:9].[CH3:1][CH:2]=[CH:10][CH3:11].[He]>>[CH3:1][CH:2]1[CH:3]([NH2:4])[CH:5]=[CH:6][C:7]([CH3:8])([CH3:9])[CH:10]1[CH3:11]
161,161,51,161,CC(O)=CC=CN.CC=C(C)C,CC1C(C)(O)C=CC(N)C1(C)C,CC(O)=CC=CN.CC=C(C)C>>CC1C(C)(O)C=CC(N)C1(C)C,1,1,[C:3]([CH3:4])([OH:5])=[CH:6][CH:7]=[CH:8][NH2:9].[CH3:1][CH:2]=[C:10]([CH3:11])[CH3:12].[He]>>[CH3:1][CH:2]1[C:3]([CH3:4])([OH:5])[CH:6]=[CH:7][CH:8]([NH2:9])[C:10]1([CH3:11])[CH3:12]
162,162,88,162,CC=CC=CC.C=C(C)C,CC1C=CC(C)C(C)(C)C1,CC=CC=CC.C=C(C)C>>CC1C=CC(C)C(C)(C)C1,1,1,[CH2:5]=[C:7]([CH3:8])[CH3:9].[CH3:1][CH:2]=[CH:3][CH:4]=[CH:10][CH3:6].[He]>>[CH3:1][CH:2]1[CH:3]=[CH:4][CH:5]([CH3:6])[C:7]([CH3:8])([CH3:9])[CH2:10]1
163,163,65,163,CC(O)=CC=CO.C=CC,CC1CC(O)C=CC1(C)O,CC(O)=CC=CO.C=CC>>CC1CC(O)C=CC1(C)O,0,1,[CH2:1]=[CH:2][CH3:3].[CH:4]([OH:5])=[CH:6][CH:7]=[C:8]([CH3:9])[OH:10].[He]>>[CH3:1][CH:2]1[CH2:3][CH:4]([OH:5])[CH:6]=[CH:7][C:8]1([CH3:9])[OH:10]
164,164,54,164,OC=CC=CS.CC=CN,CC1C(S)C=CC(O)C1N,OC=CC=CS.CC=CN>>CC1C(S)C=CC(O)C1N,0,1,[CH3:1][CH:2]=[CH:9][NH2:10].[CH:3]([SH:4])=[CH:5][CH:6]=[CH:7][OH:8].[He]>>[CH3:1][CH:2]1[CH:3]([SH:4])[CH:5]=[CH:6][CH:7]([OH:8])[CH:9]1[NH2:10]
165,165,55,165,NC=CC=CO.CC=CO,CC1C(O)C=CC(N)C1O,NC=CC=CO.CC=CO>>CC1C(O)C=CC(N)C1O,0,1,[CH3:1][CH:2]=[CH:9][OH:10].[CH:3]([OH:4])=[CH:5][CH:6]=[CH:7][NH2:8].[He]>>[CH3:1][CH:2]1[CH:3]([OH:4])[CH:5]=[CH:6][CH:7]([NH2:8])[CH:9]1[OH:10]
166,166,33,166,C=CC=CC.C=CC,CC1C=CCCC1C,C=CC=CC.C=CC>>CC1C=CCCC1C,0,1,[CH3:1][CH:2]=[CH2:3].[CH2:4]=[CH:5][CH:6]=[CH:7][CH3:8].[He]>>[CH3:1][CH:2]1[CH:3]=[CH:4][CH2:5][CH2:6][CH:7]1[CH3:8]
167,167,59,167,C=CC=CS.C=CO,OC1CC=CC(S)C1,C=CC=CS.C=CO>>OC1CC=CC(S)C1,0,1,[CH2:3]=[CH:4][CH:5]=[CH:6][SH:7].[OH:1][CH:2]=[CH2:8].[He]>>[OH:1][CH:2]1[CH2:3][CH:4]=[CH:5][CH:6]([SH:7])[CH2:8]1
168,168,68,168,CC=CC=CN.CC=CC,CC1C=CC(N)C(C)C1C,CC=CC=CN.CC=CC>>CC1C=CC(N)C(C)C1C,1,1,[CH:7]([CH3:8])=[CH:9][CH3:10].[CH3:1][CH:2]=[CH:3][CH:4]=[CH:5][NH2:6].[He]>>[CH3:1][CH:2]1[CH:3]=[CH:4][CH:5]([NH2:6])[CH:7]([CH3:8])[CH:9]1[CH3:10]
169,169,81,169,CC=CC=CO.CC=CO,CC1C=CC(O)C(O)C1C,CC=CC=CO.CC=CO>>CC1C=CC(O)C(O)C1C,1,1,[CH3:1][CH:2]=[CH:3][CH:4]=[CH:5][OH:6].[CH:7]([OH:8])=[CH:9][CH3:10].[He]>>[CH3:1][CH:2]1[CH:3]=[CH:4][CH:5]([OH:6])[CH:7]([OH:8])[CH:9]1[CH3:10]
170,170,17,170,C=CC=C.C=CO,OC1CC=CCC1,C=CC=C.C=CO>>OC1CC=CCC1,0,1,[CH2:4]=[CH:5][CH:6]=[CH2:7].[OH:1][CH:2]=[CH2:3].[He]>>[OH:1][CH:2]1[CH2:3][CH:4]=[CH:5][CH2:6][CH2:7]1
171,171,61,171,C=CC=CC.OC=CS,CC1C=CCC(O)C1S,C=CC=CC.OC=CS>>CC1C=CCC(O)C1S,0,1,[CH3:1][CH:2]=[CH:3][CH:4]=[CH2:5].[CH:6]([OH:7])=[CH:8][SH:9].[He]>>[CH3:1][CH:2]1[CH:3]=[CH:4][CH2:5][CH:6]([OH:7])[CH:8]1[SH:9]
172,172,89,172,C=CC=CC.NC=CO,CC1C=CCC(O)C1N,C=CC=CC.NC=CO>>CC1C=CCC(O)C1N,0,1,[CH3:1][CH:2]=[CH:3][CH:4]=[CH2:5].[CH:6]([OH:7])=[CH:8][NH2:9].[He]>>[CH3:1][CH:2]1[CH:3]=[CH:4][CH2:5][CH:6]([OH:7])[CH:8]1[NH2:9]
173,173,90,173,C=CC=CC.C=C(C)C,CC1C=CCCC1(C)C,C=CC=CC.C=C(C)C>>CC1C=CCCC1(C)C,0,1,[CH2:6]=[C:7]([CH3:8])[CH3:9].[CH3:1][CH:2]=[CH:3][CH:4]=[CH2:5].[He]>>[CH3:1][CH:2]1[CH:3]=[CH:4][CH2:5][CH2:6][C:7]1([CH3:8])[CH3:9]
174,174,89,174,C=CC=CC.NC=CO,CC1C=CCC(O)C1N,C=CC=CC.NC=CO>>CC1C=CCC(O)C1N,1,1,[CH3:1][CH:2]=[CH:3][CH:4]=[CH2:5].[CH:6]([OH:7])=[CH:8][NH2:9].[He]>>[CH3:1][CH:2]1[CH:3]=[CH:4][CH2:5][CH:6]([OH:7])[CH:8]1[NH2:9]
175,175,7,175,C=CC=CS.C=C,SC1C=CCCC1,C=CC=CS.C=C>>SC1C=CCCC1,0,1,[CH2:3]=[CH2:4].[SH:1][CH:2]=[CH:7][CH:6]=[CH2:5].[He]>>[SH:1][CH:2]1[CH:3]=[CH:4][CH2:5][CH2:6][CH2:7]1
176,176,15,176,C=CC=CC.C=C(C)N,CC1C=CCC(C)(N)C1,C=CC=CC.C=C(C)N>>CC1C=CCC(C)(N)C1,0,1,[CH2:5]=[C:6]([CH3:7])[NH2:8].[CH3:1][CH:2]=[CH:3][CH:4]=[CH2:9].[He]>>[CH3:1][CH:2]1[CH:3]=[CH:4][CH2:5][C:6]([CH3:7])([NH2:8])[CH2:9]1
177,177,28,177,CC=CC=CO.C=CC,CC1C=CC(O)C(C)C1,CC=CC=CO.C=CC>>CC1C=CC(O)C(C)C1,0,1,[CH:7]([CH3:8])=[CH2:9].[CH3:1][CH:2]=[CH:3][CH:4]=[CH:5][OH:6].[He]>>[CH3:1][CH:2]1[CH:3]=[CH:4][CH:5]([OH:6])[CH:7]([CH3:8])[CH2:9]1
178,178,17,178,C=CC=C.C=CO,OC1CC=CCC1,C=CC=C.C=CO>>OC1CC=CCC1,0,1,[CH2:4]=[CH:5][CH:6]=[CH2:7].[OH:1][CH:2]=[CH2:3].[He]>>[OH:1][CH:2]1[CH2:3][CH:4]=[CH:5][CH2:6][CH2:7]1
179,179,63,179,CC=CC=CC.C=C(C)O,CC1C=CC(C)C(C)(O)C1,CC=CC=CC.C=C(C)O>>CC1C=CC(C)C(C)(O)C1,0,1,[CH2:5]=[C:7]([CH3:8])[OH:9].[CH3:1][CH:2]=[CH:3][CH:4]=[CH:10][CH3:6].[He]>>[CH3:1][CH:2]1[CH:3]=[CH:4][CH:5]([CH3:6])[C:7]([CH3:8])([OH:9])[CH2:10]1
180,180,33,180,C=CC=CC.C=CC,CC1C=CCCC1C,C=CC=CC.C=CC>>CC1C=CCCC1C,0,1,[CH3:1][CH:2]=[CH2:3].[CH2:4]=[CH:5][CH:6]=[CH:7][CH3:8].[He]>>[CH3:1][CH:2]1[CH:3]=[CH:4][CH2:5][CH2:6][CH:7]1[CH3:8]
181,181,38,181,CC=CC=CO.C=CO,CC1C=CC(O)C(O)C1,CC=CC=CO.C=CO>>CC1C=CC(O)C(O)C1,0,1,[CH:7]([OH:8])=[CH2:9].[CH3:1][CH:2]=[CH:3][CH:4]=[CH:5][OH:6].[He]>>[CH3:1][CH:2]1[CH:3]=[CH:4][CH:5]([OH:6])[CH:7]([OH:8])[CH2:9]1
182,182,74,182,CC=CC=CO.CC=CS,CC1C=CC(O)C(C)C1S,CC=CC=CO.CC=CS>>CC1C=CC(O)C(C)C1S,1,1,[CH3:1][CH:2]=[CH:3][CH:4]=[CH:5][OH:6].[CH:7]([CH3:8])=[CH:9][SH:10].[He]>>[CH3:1][CH:2]1[CH:3]=[CH:4][CH:5]([OH:6])[CH:7]([CH3:8])[CH:9]1[SH:10]
183,183,16,183,C=CC=CC.CC=CN,CC1C=CCC(C)C1N,C=CC=CC.CC=CN>>CC1C=CCC(C)C1N,0,1,[CH3:1][CH:2]=[CH:3][CH:4]=[CH2:5].[CH:6]([CH3:7])=[CH:8][NH2:9].[He]>>[CH3:1][CH:2]1[CH:3]=[CH:4][CH2:5][CH:6]([CH3:7])[CH:8]1[NH2:9]
184,184,71,184,CC=CC=CO.C=C,CC1C=CC(O)CC1,CC=CC=CO.C=C>>CC1C=CC(O)CC1,1,1,[CH2:7]=[CH2:8].[CH3:1][CH:2]=[CH:3][CH:4]=[CH:5][OH:6].[He]>>[CH3:1][CH:2]1[CH:3]=[CH:4][CH:5]([OH:6])[CH2:7][CH2:8]1
185,185,77,185,CC=CC=C(C)O.C=CC,CC1C=CC(C)(O)CC1C,CC=CC=C(C)O.C=CC>>CC1C=CC(C)(O)CC1C,0,1,[CH:3](=[CH2:4])[CH3:10].[CH3:1][CH:2]=[CH:9][CH:8]=[C:5]([CH3:6])[OH:7].[He]>>[CH3:1][CH:2]1[CH:3]=[CH:4][C:5]([CH3:6])([OH:7])[CH2:8][CH:9]1[CH3:10]
186,186,70,186,CC=CC=CO.C=C(C)O,CC1C=CC(O)C(C)(O)C1,CC=CC=CO.C=C(C)O>>CC1C=CC(O)C(C)(O)C1,0,1,[C:7]([CH3:8])([OH:9])=[CH2:10].[CH3:1][CH:2]=[CH:3][CH:4]=[CH:5][OH:6].[He]>>[CH3:1][CH:2]1[CH:3]=[CH:4][CH:5]([OH:6])[C:7]([CH3:8])([OH:9])[CH2:10]1
187,187,42,187,C=CC=CC.CC=CC,CC1C=CCC(C)C1C,C=CC=CC.CC=CC>>CC1C=CCC(C)C1C,0,1,[CH2:3]=[CH:4][CH:5]=[CH:6][CH3:7].[CH3:1][CH:2]=[CH:8][CH3:9].[He]>>[CH3:1][CH:2]1[CH:3]=[CH:4][CH2:5][CH:6]([CH3:7])[CH:8]1[CH3:9]
188,188,12,188,C=CC=CBr.C=CO,OC1CC=CC(Br)C1,C=CC=CBr.C=CO>>OC1CC=CC(Br)C1,0,1,[CH2:3]=[CH:4][CH:5]=[CH:6][Br:7].[OH:1][CH:2]=[CH2:8].[He]>>[OH:1][CH:2]1[CH2:3][CH:4]=[CH:5][CH:6]([Br:7])[CH2:8]1
189,189,69,189,CC=CC=C(C)O.CC=C(C)S,CC1C=CC(C)(O)C(C)C1(C)S,CC=CC=C(C)O.CC=C(C)S>>CC1C=CC(C)(O)C(C)C1(C)S,0,1,[CH:8]([CH3:9])=[C:10]([CH3:11])[SH:12].[CH3:1][CH:2]=[CH:3][CH:4]=[C:5]([CH3:6])[OH:7].[He]>>[CH3:1][CH:2]1[CH:3]=[CH:4][C:5]([CH3:6])([OH:7])[CH:8]([CH3:9])[C:10]1([CH3:11])[SH:12]
190,190,33,190,C=CC=CC.C=CC,CC1C=CCCC1C,C=CC=CC.C=CC>>CC1C=CCCC1C,0,1,[CH3:1][CH:2]=[CH2:3].[CH2:4]=[CH:5][CH:6]=[CH:7][CH3:8].[He]>>[CH3:1][CH:2]1[CH:3]=[CH:4][CH2:5][CH2:6][CH:7]1[CH3:8]
191,191,53,191,C=CC=CC.CC=CS,CC1C=CCC(C)C1S,C=CC=CC.CC=CS>>CC1C=CCC(C)C1S,0,1,[CH3:1][CH:2]=[CH:3][CH:4]=[CH2:5].[CH:6]([CH3:7])=[CH:8][SH:9].[He]>>[CH3:1][CH:2]1[CH:3]=[CH:4][CH2:5][CH:6]([CH3:7])[CH:8]1[SH:9]
192,192,91,192,C=CC=CO.OC=CS,OC1C=CCC(O)C1S,C=CC=CO.OC=CS>>OC1C=CCC(O)C1S,1,1,[CH2:3]=[CH:4][CH:5]=[CH:6][OH:7].[OH:1][CH:2]=[CH:8][SH:9].[He]>>[OH:1][CH:2]1[CH:3]=[CH:4][CH2:5][CH:6]([OH:7])[CH:8]1[SH:9]
193,193,92,193,OC=CC=CF.C=CC,CC1CC(O)C=CC1F,OC=CC=CF.C=CC>>CC1CC(O)C=CC1F,1,1,[CH3:1][CH:7]=[CH2:6].[CH:2]([CH:3]=[CH:4][OH:5])=[CH:8][F:9].[He]>>[CH3:1][CH:2]1[CH2:3][CH:4]([OH:5])[CH:6]=[CH:7][CH:8]1[F:9]
194,194,93,194,C=CC=CO.CC=CS,CC1C(O)C=CCC1S,C=CC=CO.CC=CS>>CC1C(O)C=CCC1S,0,1,[CH:3]([OH:4])=[CH:5][CH:6]=[CH2:7].[CH3:1][CH:2]=[CH:8][SH:9].[He]>>[CH3:1][CH:2]1[CH:3]([OH:4])[CH:5]=[CH:6][CH2:7][CH:8]1[SH:9]
195,195,57,195,C=CC=CO.C=CC,CC1CC=CC(O)C1,C=CC=CO.C=CC>>CC1CC=CC(O)C1,0,1,[CH2:1]=[CH:2][CH3:8].[CH2:3]=[CH:4][CH:5]=[CH:6][OH:7].[He]>>[CH3:1][CH:2]1[CH2:3][CH:4]=[CH:5][CH:6]([OH:7])[CH2:8]1
196,196,73,196,C=CC=CO.C=CS,OC1C=CCCC1S,C=CC=CO.C=CS>>OC1C=CCCC1S,0,1,[OH:1][CH:2]=[CH:3][CH:4]=[CH2:5].[CH2:6]=[CH:7][SH:8].[He]>>[OH:1][CH:2]1[CH:3]=[CH:4][CH2:5][CH2:6][CH:7]1[SH:8]
197,197,0,197,CC=CC=CC.CC=CO,CC1C=CC(C)C(O)C1C,CC=CC=CC.CC=CO>>CC1C=CC(C)C(O)C1C,0,1,[CH3:1][CH:2]=[CH:3][CH:4]=[CH:9][CH3:10].[CH:5]([CH3:6])=[CH:7][OH:8].[He]>>[CH3:1][CH:2]1[CH:3]=[CH:4][CH:5]([CH3:6])[CH:7]([OH:8])[CH:9]1[CH3:10]
198,198,93,198,C=CC=CO.CC=CS,CC1C(O)C=CCC1S,C=CC=CO.CC=CS>>CC1C(O)C=CCC1S,1,1,[CH:3]([OH:4])=[CH:5][CH:6]=[CH2:7].[CH3:1][CH:2]=[CH:8][SH:9].[He]>>[CH3:1][CH:2]1[CH:3]([OH:4])[CH:5]=[CH:6][CH2:7][CH:8]1[SH:9]
199,199,17,199,C=CC=C.C=CO,OC1CC=CCC1,C=CC=C.C=CO>>OC1CC=CCC1,0,1,[CH2:4]=[CH:5][CH:6]=[CH2:7].[OH:1][CH:2]=[CH2:3].[He]>>[OH:1][CH:2]1[CH2:3][CH:4]=[CH:5][CH2:6][CH2:7]1
200,200,8,200,C=CC=CS.C=CC,CC1CCC=CC1S,C=CC=CS.C=CC>>CC1CCC=CC1S,0,1,[CH2:1]=[CH:2][CH3:3].[CH2:4]=[CH:5][CH:6]=[CH:7][SH:8].[He]>>[CH3:1][CH:2]1[CH2:3][CH2:4][CH:5]=[CH:6][CH:7]1[SH:8]
201,201,94,201,CC=CC=CO.C=C(C)N,CC1C=CC(O)CC1(C)N,CC=CC=CO.C=C(C)N>>CC1C=CC(O)CC1(C)N,0,1,[CH2:7]=[C:8]([CH3:9])[NH2:10].[CH3:1][CH:2]=[CH:3][CH:4]=[CH:5][OH:6].[He]>>[CH3:1][CH:2]1[CH:3]=[CH:4][CH:5]([OH:6])[CH2:7][C:8]1([CH3:9])[NH2:10]
202,202,56,202,CC=CC=C(C)I.C=CC,CC1C=CC(C)(I)C(C)C1,CC=CC=C(C)I.C=CC>>CC1C=CC(C)(I)C(C)C1,0,1,[CH:8](=[CH2:9])[CH3:10].[CH3:1][CH:2]=[CH:3][CH:4]=[C:5]([CH3:6])[I:7].[He]>>[CH3:1][CH:2]1[CH:3]=[CH:4][C:5]([CH3:6])([I:7])[CH:8]([CH3:9])[CH2:10]1
203,203,89,203,C=CC=CC.NC=CO,CC1C=CCC(O)C1N,C=CC=CC.NC=CO>>CC1C=CCC(O)C1N,0,1,[CH3:1][CH:2]=[CH:3][CH:4]=[CH2:5].[CH:6]([OH:7])=[CH:8][NH2:9].[He]>>[CH3:1][CH:2]1[CH:3]=[CH:4][CH2:5][CH:6]([OH:7])[CH:8]1[NH2:9]
204,204,10,204,C=CC=CO.C=CN,NC1CC=CC(O)C1,C=CC=CO.C=CN>>NC1CC=CC(O)C1,0,1,[CH2:3]=[CH:4][CH:5]=[CH:6][OH:7].[NH2:1][CH:2]=[CH2:8].[He]>>[NH2:1][CH:2]1[CH2:3][CH:4]=[CH:5][CH:6]([OH:7])[CH2:8]1
205,205,57,205,C=CC=CO.C=CC,CC1CC=CC(O)C1,C=CC=CO.C=CC>>CC1CC=CC(O)C1,0,1,[CH2:1]=[CH:2][CH3:8].[CH2:3]=[CH:4][CH:5]=[CH:6][OH:7].[He]>>[CH3:1][CH:2]1[CH2:3][CH:4]=[CH:5][CH:6]([OH:7])[CH2:8]1
206,206,72,206,OC=CC=CS.C=C(C)S,CC1(S)CC(S)C=CC1O,OC=CC=CS.C=C(C)S>>CC1(S)CC(S)C=CC1O,0,1,[CH3:1][C:5](=[CH2:4])[SH:6].[CH:2]([SH:3])=[CH:7][CH:8]=[CH:9][OH:10].[He]>>[CH3:1][C:2]1([SH:3])[CH2:4][CH:5]([SH:6])[CH:7]=[CH:8][CH:9]1[OH:10]
207,207,95,207,C=CC=C.C=CC,CC1CC=CCC1,C=CC=C.C=CC>>CC1CC=CCC1,1,1,[CH2:1]=[CH:2][CH3:3].[CH2:4]=[CH:5][CH:6]=[CH2:7].[He]>>[CH3:1][CH:2]1[CH2:3][CH:4]=[CH:5][CH2:6][CH2:7]1
208,208,91,208,C=CC=CO.OC=CS,OC1C=CCC(O)C1S,C=CC=CO.OC=CS>>OC1C=CCC(O)C1S,0,1,[CH2:3]=[CH:4][CH:5]=[CH:6][OH:7].[OH:1][CH:2]=[CH:8][SH:9].[He]>>[OH:1][CH:2]1[CH:3]=[CH:4][CH2:5][CH:6]([OH:7])[CH:8]1[SH:9]
209,209,33,209,C=CC=CC.C=CC,CC1C=CCCC1C,C=CC=CC.C=CC>>CC1C=CCCC1C,0,1,[CH3:1][CH:2]=[CH2:3].[CH2:4]=[CH:5][CH:6]=[CH:7][CH3:8].[He]>>[CH3:1][CH:2]1[CH:3]=[CH:4][CH2:5][CH2:6][CH:7]1[CH3:8]
210,210,62,210,CC=CC=CO.CC=CCl,CC1C=CC(O)C(Cl)C1C,CC=CC=CO.CC=CCl>>CC1C=CC(O)C(Cl)C1C,0,1,[CH3:1][CH:2]=[CH:3][CH:4]=[CH:5][OH:6].[CH:7]([Cl:8])=[CH:9][CH3:10].[He]>>[CH3:1][CH:2]1[CH:3]=[CH:4][CH:5]([OH:6])[CH:7]([Cl:8])[CH:9]1[CH3:10]
211,211,61,211,C=CC=CC.OC=CS,CC1C=CCC(O)C1S,C=CC=CC.OC=CS>>CC1C=CCC(O)C1S,1,1,[CH3:1][CH:2]=[CH:3][CH:4]=[CH2:5].[CH:6]([OH:7])=[CH:8][SH:9].[He]>>[CH3:1][CH:2]1[CH:3]=[CH:4][CH2:5][CH:6]([OH:7])[CH:8]1[SH:9]
212,212,23,212,CC=CC=CC.NC=CO,CC1C=CC(C)C(O)C1N,CC=CC=CC.NC=CO>>CC1C=CC(C)C(O)C1N,0,1,[CH3:1][CH:2]=[CH:3][CH:4]=[CH:5][CH3:6].[CH:7]([OH:8])=[CH:9][NH2:10].[He]>>[CH3:1][CH:2]1[CH:3]=[CH:4][CH:5]([CH3:6])[CH:7]([OH:8])[CH:9]1[NH2:10]
213,213,80,213,CC=CC=CI.NC=C(O)S,CC1C=CC(I)C(N)C1(O)S,CC=CC=CI.NC=C(O)S>>CC1C=CC(I)C(N)C1(O)S,0,1,[CH3:1][CH:2]=[CH:3][CH:4]=[CH:5][I:6].[CH:7]([NH2:8])=[C:9]([OH:10])[SH:11].[He]>>[CH3:1][CH:2]1[CH:3]=[CH:4][CH:5]([I:6])[CH:7]([NH2:8])[C:9]1([OH:10])[SH:11]
214,214,88,214,CC=CC=CC.C=C(C)C,CC1C=CC(C)C(C)(C)C1,CC=CC=CC.C=C(C)C>>CC1C=CC(C)C(C)(C)C1,0,1,[CH2:5]=[C:7]([CH3:8])[CH3:9].[CH3:1][CH:2]=[CH:3][CH:4]=[CH:10][CH3:6].[He]>>[CH3:1][CH:2]1[CH:3]=[CH:4][CH:5]([CH3:6])[C:7]([CH3:8])([CH3:9])[CH2:10]1
215,215,89,215,C=CC=CC.NC=CO,CC1C=CCC(O)C1N,C=CC=CC.NC=CO>>CC1C=CCC(O)C1N,0,1,[CH3:1][CH:2]=[CH:3][CH:4]=[CH2:5].[CH:6]([OH:7])=[CH:8][NH2:9].[He]>>[CH3:1][CH:2]1[CH:3]=[CH:4][CH2:5][CH:6]([OH:7])[CH:8]1[NH2:9]
216,216,16,216,C=CC=CC.CC=CN,CC1C=CCC(C)C1N,C=CC=CC.CC=CN>>CC1C=CCC(C)C1N,1,1,[CH3:1][CH:2]=[CH:3][CH:4]=[CH2:5].[CH:6]([CH3:7])=[CH:8][NH2:9].[He]>>[CH3:1][CH:2]1[CH:3]=[CH:4][CH2:5][CH:6]([CH3:7])[CH:8]1[NH2:9]
217,217,96,217,CC(C)=CC=C(C)N.C=CC,CC1CC(C)(N)C=CC1(C)C,CC(C)=CC=C(C)N.C=CC>>CC1CC(C)(N)C=CC1(C)C,0,1,[CH3:1][CH:2]=[CH2:3].[C:4]([CH3:5])([NH2:6])=[CH:7][CH:8]=[C:9]([CH3:10])[CH3:11].[He]>>[CH3:1][CH:2]1[CH2:3][C:4]([CH3:5])([NH2:6])[CH:7]=[CH:8][C:9]1([CH3:10])[CH3:11]
218,218,41,218,C=CC=CC.CC=C(C)F,CC1C=CCC(C)C1(C)F,C=CC=CC.CC=C(C)F>>CC1C=CCC(C)C1(C)F,0,1,[CH3:1][CH:2]=[CH:3][CH:4]=[CH2:5].[CH:6]([CH3:7])=[C:8]([CH3:9])[F:10].[He]>>[CH3:1][CH:2]1[CH:3]=[CH:4][CH2:5][CH:6]([CH3:7])[C:8]1([CH3:9])[F:10]
219,219,33,219,C=CC=CC.C=CC,CC1C=CCCC1C,C=CC=CC.C=CC>>CC1C=CCCC1C,0,1,[CH3:1][CH:2]=[CH2:3].[CH2:4]=[CH:5][CH:6]=[CH:7][CH3:8].[He]>>[CH3:1][CH:2]1[CH:3]=[CH:4][CH2:5][CH2:6][CH:7]1[CH3:8]
220,220,6,220,CC=CC=CC.CC=C(C)O,CC1C=CC(C)C(C)(O)C1C,CC=CC=CC.CC=C(C)O>>CC1C=CC(C)C(C)(O)C1C,0,1,[C:7]([CH3:8])([OH:9])=[CH:10][CH3:11].[CH3:1][CH:2]=[CH:3][CH:4]=[CH:5][CH3:6].[He]>>[CH3:1][CH:2]1[CH:3]=[CH:4][CH:5]([CH3:6])[C:7]([CH3:8])([OH:9])[CH:10]1[CH3:11]
221,221,66,221,C=CC=CO.C=C(C)O,CC1(O)CC=CC(O)C1,C=CC=CO.C=C(C)O>>CC1(O)CC=CC(O)C1,0,1,[CH2:1]=[C:2]([OH:3])[CH3:9].[CH2:4]=[CH:5][CH:6]=[CH:7][OH:8].[He]>>[CH3:1][C:2]1([OH:3])[CH2:4][CH:5]=[CH:6][CH:7]([OH:8])[CH2:9]1
222,222,60,222,C=CC=C.C=C,C1=CCCCC1,C=CC=C.C=C>>C1=CCCCC1,0,1,[CH2:1]=[CH2:2].[CH2:3]=[CH:4][CH:5]=[CH2:6].[He]>>[CH:1]1=[CH:2][CH2:3][CH2:4][CH2:5][CH2:6]1
223,223,70,223,CC=CC=CO.C=C(C)O,CC1C=CC(O)C(C)(O)C1,CC=CC=CO.C=C(C)O>>CC1C=CC(O)C(C)(O)C1,0,1,[C:7]([CH3:8])([OH:9])=[CH2:10].[CH3:1][CH:2]=[CH:3][CH:4]=[CH:5][OH:6].[He]>>[CH3:1][CH:2]1[CH:3]=[CH:4][CH:5]([OH:6])[C:7]([CH3:8])([OH:9])[CH2:10]1
224,224,14,224,C=CC=C(C)O.CC=CO,CC1CC=CC(C)(O)C1O,C=CC=C(C)O.CC=CO>>CC1CC=CC(C)(O)C1O,1,1,[CH2:3]=[CH:4][CH:5]=[C:6]([CH3:7])[OH:8].[CH3:1][CH:2]=[CH:9][OH:10].[He]>>[CH3:1][CH:2]1[CH2:3][CH:4]=[CH:5][C:6]([CH3:7])([OH:8])[CH:9]1[OH:10]
225,225,21,225,C=CC=CO.CC=CO,CC1CC=CC(O)C1O,C=CC=CO.CC=CO>>CC1CC=CC(O)C1O,1,1,[CH2:3]=[CH:4][CH:5]=[CH:6][OH:7].[CH3:1][CH:2]=[CH:8][OH:9].[He]>>[CH3:1][CH:2]1[CH2:3][CH:4]=[CH:5][CH:6]([OH:7])[CH:8]1[OH:9]
226,226,85,226,C=CC=CO.C=C,OC1C=CCCC1,C=CC=CO.C=C>>OC1C=CCCC1,0,1,[CH2:6]=[CH2:7].[OH:1][CH:2]=[CH:3][CH:4]=[CH2:5].[He]>>[OH:1][CH:2]1[CH:3]=[CH:4][CH2:5][CH2:6][CH2:7]1
227,227,32,227,CC=CC=CI.CC=CC,CC1C=CC(I)C(C)C1C,CC=CC=CI.CC=CC>>CC1C=CC(I)C(C)C1C,0,1,[CH:7]([CH3:8])=[CH:9][CH3:10].[CH3:1][CH:2]=[CH:3][CH:4]=[CH:5][I:6].[He]>>[CH3:1][CH:2]1[CH:3]=[CH:4][CH:5]([I:6])[CH:7]([CH3:8])[CH:9]1[CH3:10]
228,228,20,228,C=CC=C.CC=CO,CC1CC=CCC1O,C=CC=C.CC=CO>>CC1CC=CCC1O,0,1,[CH2:3]=[CH:4][CH:5]=[CH2:6].[CH3:1][CH:2]=[CH:7][OH:8].[He]>>[CH3:1][CH:2]1[CH2:3][CH:4]=[CH:5][CH2:6][CH:7]1[OH:8]
229,229,33,229,C=CC=CC.C=CC,CC1C=CCCC1C,C=CC=CC.C=CC>>CC1C=CCCC1C,1,1,[CH3:1][CH:2]=[CH2:3].[CH2:4]=[CH:5][CH:6]=[CH:7][CH3:8].[He]>>[CH3:1][CH:2]1[CH:3]=[CH:4][CH2:5][CH2:6][CH:7]1[CH3:8]
230,230,58,230,C=CC=C(C)C.C=CO,CC1(C)C=CCC(O)C1,C=CC=C(C)C.C=CO>>CC1(C)C=CCC(O)C1,1,1,[CH2:1]=[CH:5][CH:4]=[C:2]([CH3:3])[CH3:9].[CH2:6]=[CH:7][OH:8].[He]>>[CH3:1][C:2]1([CH3:3])[CH:4]=[CH:5][CH2:6][CH:7]([OH:8])[CH2:9]1
231,231,87,231,CC=CC=C(C)N.CC=CO,CC1C=CC(C)(N)C(C)C1O,CC=CC=C(C)N.CC=CO>>CC1C=CC(C)(N)C(C)C1O,1,1,[CH3:1][CH:2]=[CH:3][CH:4]=[C:5]([CH3:6])[NH2:7].[CH:8]([CH3:9])=[CH:10][OH:11].[He]>>[CH3:1][CH:2]1[CH:3]=[CH:4][C:5]([CH3:6])([NH2:7])[CH:8]([CH3:9])[CH:10]1[OH:11]
232,232,62,232,CC=CC=CO.CC=CCl,CC1C=CC(O)C(Cl)C1C,CC=CC=CO.CC=CCl>>CC1C=CC(O)C(Cl)C1C,1,1,[CH3:1][CH:2]=[CH:3][CH:4]=[CH:5][OH:6].[CH:7]([Cl:8])=[CH:9][CH3:10].[He]>>[CH3:1][CH:2]1[CH:3]=[CH:4][CH:5]([OH:6])[CH:7]([Cl:8])[CH:9]1[CH3:10]
233,233,90,233,C=CC=CC.C=C(C)C,CC1C=CCCC1(C)C,C=CC=CC.C=C(C)C>>CC1C=CCCC1(C)C,0,1,[CH2:6]=[C:7]([CH3:8])[CH3:9].[CH3:1][CH:2]=[CH:3][CH:4]=[CH2:5].[He]>>[CH3:1][CH:2]1[CH:3]=[CH:4][CH2:5][CH2:6][C:7]1([CH3:8])[CH3:9]
234,234,34,234,C=CC=CC.CC=CO,CC1C=CCC(C)C1O,C=CC=CC.CC=CO>>CC1C=CCC(C)C1O,0,1,[CH3:1][CH:2]=[CH:3][CH:4]=[CH2:5].[CH:6]([CH3:7])=[CH:8][OH:9].[He]>>[CH3:1][CH:2]1[CH:3]=[CH:4][CH2:5][CH:6]([CH3:7])[CH:8]1[OH:9]
235,235,96,235,CC(C)=CC=C(C)N.C=CC,CC1CC(C)(N)C=CC1(C)C,CC(C)=CC=C(C)N.C=CC>>CC1CC(C)(N)C=CC1(C)C,1,1,[CH3:1][CH:2]=[CH2:3].[C:4]([CH3:5])([NH2:6])=[CH:7][CH:8]=[C:9]([CH3:10])[CH3:11].[He]>>[CH3:1][CH:2]1[CH2:3][C:4]([CH3:5])([NH2:6])[CH:7]=[CH:8][C:9]1([CH3:10])[CH3:11]
236,236,33,236,C=CC=CC.C=CC,CC1C=CCCC1C,C=CC=CC.C=CC>>CC1C=CCCC1C,0,1,[CH3:1][CH:2]=[CH2:3].[CH2:4]=[CH:5][CH:6]=[CH:7][CH3:8].[He]>>[CH3:1][CH:2]1[CH:3]=[CH:4][CH2:5][CH2:6][CH:7]1[CH3:8]
237,237,46,237,OC=CC=CO.CC=CO,CC1C(O)C=CC(O)C1O,OC=CC=CO.CC=CO>>CC1C(O)C=CC(O)C1O,1,1,[CH3:1][CH:2]=[CH:3][OH:4].[CH:5]([CH:6]=[CH:7][OH:8])=[CH:9][OH:10].[He]>>[CH3:1][CH:2]1[CH:3]([OH:4])[CH:5]=[CH:6][CH:7]([OH:8])[CH:9]1[OH:10]
238,238,57,238,C=CC=CO.C=CC,CC1CC=CC(O)C1,C=CC=CO.C=CC>>CC1CC=CC(O)C1,0,1,[CH2:1]=[CH:2][CH3:8].[CH2:3]=[CH:4][CH:5]=[CH:6][OH:7].[He]>>[CH3:1][CH:2]1[CH2:3][CH:4]=[CH:5][CH:6]([OH:7])[CH2:8]1
239,239,22,239,CC=CC=C(C)O.C=CO,CC1C=CC(C)(O)CC1O,CC=CC=C(C)O.C=CO>>CC1C=CC(C)(O)CC1O,0,1,[CH2:4]=[CH:9][OH:10].[CH3:1][CH:2]=[CH:3][CH:8]=[C:5]([CH3:6])[OH:7].[He]>>[CH3:1][CH:2]1[CH:3]=[CH:4][C:5]([CH3:6])([OH:7])[CH2:8][CH:9]1[OH:10]
240,240,0,240,CC=CC=CC.CC=CO,CC1C=CC(C)C(O)C1C,CC=CC=CC.CC=CO>>CC1C=CC(C)C(O)C1C,1,1,[CH3:1][CH:2]=[CH:3][CH:4]=[CH:9][CH3:10].[CH:5]([CH3:6])=[CH:7][OH:8].[He]>>[CH3:1][CH:2]1[CH:3]=[CH:4][CH:5]([CH3:6])[CH:7]([OH:8])[CH:9]1[CH3:10]
241,241,70,241,CC=CC=CO.C=C(C)O,CC1C=CC(O)C(C)(O)C1,CC=CC=CO.C=C(C)O>>CC1C=CC(O)C(C)(O)C1,0,1,[C:7]([CH3:8])([OH:9])=[CH2:10].[CH3:1][CH:2]=[CH:3][CH:4]=[CH:5][OH:6].[He]>>[CH3:1][CH:2]1[CH:3]=[CH:4][CH:5]([OH:6])[C:7]([CH3:8])([OH:9])[CH2:10]1
242,242,8,242,C=CC=CS.C=CC,CC1CCC=CC1S,C=CC=CS.C=CC>>CC1CCC=CC1S,0,1,[CH2:1]=[CH:2][CH3:3].[CH2:4]=[CH:5][CH:6]=[CH:7][SH:8].[He]>>[CH3:1][CH:2]1[CH2:3][CH2:4][CH:5]=[CH:6][CH:7]1[SH:8]
243,243,47,243,CC=CC=CN.C=CC,CC1C=CC(N)CC1C,CC=CC=CN.C=CC>>CC1C=CC(N)CC1C,0,1,[CH2:7]=[CH:8][CH3:9].[CH3:1][CH:2]=[CH:3][CH:4]=[CH:5][NH2:6].[He]>>[CH3:1][CH:2]1[CH:3]=[CH:4][CH:5]([NH2:6])[CH2:7][CH:8]1[CH3:9]
244,244,29,244,C=CC=CN.C=CC,CC1CC=CC(N)C1,C=CC=CN.C=CC>>CC1CC=CC(N)C1,1,1,[CH2:1]=[CH:2][CH3:8].[CH2:3]=[CH:4][CH:5]=[CH:6][NH2:7].[He]>>[CH3:1][CH:2]1[CH2:3][CH:4]=[CH:5][CH:6]([NH2:7])[CH2:8]1
245,245,84,245,C=CC=CN.CC=CC,CC1CC=CC(N)C1C,C=CC=CN.CC=CC>>CC1CC=CC(N)C1C,0,1,[CH2:3]=[CH:4][CH:5]=[CH:6][NH2:7].[CH3:1][CH:2]=[CH:8][CH3:9].[He]>>[CH3:1][CH:2]1[CH2:3][CH:4]=[CH:5][CH:6]([NH2:7])[CH:8]1[CH3:9]
246,246,94,246,CC=CC=CO.C=C(C)N,CC1C=CC(O)CC1(C)N,CC=CC=CO.C=C(C)N>>CC1C=CC(O)CC1(C)N,1,1,[CH2:7]=[C:8]([CH3:9])[NH2:10].[CH3:1][CH:2]=[CH:3][CH:4]=[CH:5][OH:6].[He]>>[CH3:1][CH:2]1[CH:3]=[CH:4][CH:5]([OH:6])[CH2:7][C:8]1([CH3:9])[NH2:10]
247,247,33,247,C=CC=CC.C=CC,CC1C=CCCC1C,C=CC=CC.C=CC>>CC1C=CCCC1C,0,1,[CH3:1][CH:2]=[CH2:3].[CH2:4]=[CH:5][CH:6]=[CH:7][CH3:8].[He]>>[CH3:1][CH:2]1[CH:3]=[CH:4][CH2:5][CH2:6][CH:7]1[CH3:8]
248,248,33,248,C=CC=CC.C=CC,CC1C=CCCC1C,C=CC=CC.C=CC>>CC1C=CCCC1C,0,1,[CH3:1][CH:2]=[CH2:3].[CH2:4]=[CH:5][CH:6]=[CH:7][CH3:8].[He]>>[CH3:1][CH:2]1[CH:3]=[CH:4][CH2:5][CH2:6][CH:7]1[CH3:8]
249,249,58,249,C=CC=C(C)C.C=CO,CC1(C)C=CCC(O)C1,C=CC=C(C)C.C=CO>>CC1(C)C=CCC(O)C1,0,1,[CH2:1]=[CH:5][CH:4]=[C:2]([CH3:3])[CH3:9].[CH2:6]=[CH:7][OH:8].[He]>>[CH3:1][C:2]1([CH3:3])[CH:4]=[CH:5][CH2:6][CH:7]([OH:8])[CH2:9]1
250,250,33,250,C=CC=CC.C=CC,CC1C=CCCC1C,C=CC=CC.C=CC>>CC1C=CCCC1C,0,1,[CH3:1][CH:2]=[CH2:3].[CH2:4]=[CH:5][CH:6]=[CH:7][CH3:8].[He]>>[CH3:1][CH:2]1[CH:3]=[CH:4][CH2:5][CH2:6][CH:7]1[CH3:8]
251,251,64,251,CC(C)=CC=C(C)O.C=CC,CC1CC(C)(O)C=CC1(C)C,CC(C)=CC=C(C)O.C=CC>>CC1CC(C)(O)C=CC1(C)C,0,1,[CH3:1][CH:7]=[CH2:8].[CH:2]([CH:3]=[C:4]([CH3:5])[OH:6])=[C:9]([CH3:10])[CH3:11].[He]>>[CH3:1][CH:2]1[CH2:3][C:4]([CH3:5])([OH:6])[CH:7]=[CH:8][C:9]1([CH3:10])[CH3:11]
252,252,97,252,CC(C)=CC=CO.OC=C(O)F,CC1(C)C=CC(O)C(O)(F)C1O,CC(C)=CC=CO.OC=C(O)F>>CC1(C)C=CC(O)C(O)(F)C1O,0,1,[CH3:1][C:2]([CH3:3])=[CH:4][CH:5]=[CH:6][OH:7].[C:8]([OH:9])([F:10])=[CH:11][OH:12].[He]>>[CH3:1][C:2]1([CH3:3])[CH:4]=[CH:5][CH:6]([OH:7])[C:8]([OH:9])([F:10])[CH:11]1[OH:12]
253,253,53,253,C=CC=CC.CC=CS,CC1C=CCC(C)C1S,C=CC=CC.CC=CS>>CC1C=CCC(C)C1S,0,1,[CH3:1][CH:2]=[CH:3][CH:4]=[CH2:5].[CH:6]([CH3:7])=[CH:8][SH:9].[He]>>[CH3:1][CH:2]1[CH:3]=[CH:4][CH2:5][CH:6]([CH3:7])[CH:8]1[SH:9]
254,254,21,254,C=CC=CO.CC=CO,CC1CC=CC(O)C1O,C=CC=CO.CC=CO>>CC1CC=CC(O)C1O,0,1,[CH2:3]=[CH:4][CH:5]=[CH:6][OH:7].[CH3:1][CH:2]=[CH:8][OH:9].[He]>>[CH3:1][CH:2]1[CH2:3][CH:4]=[CH:5][CH:6]([OH:7])[CH:8]1[OH:9]
255,255,86,255,C=CC=C(C)N.CC=CC,CC1CC=CC(C)(N)C1C,C=CC=C(C)N.CC=CC>>CC1CC=CC(C)(N)C1C,0,1,[CH2:3]=[CH:4][CH:5]=[C:6]([CH3:7])[NH2:8].[CH3:1][CH:2]=[CH:9][CH3:10].[He]>>[CH3:1][CH:2]1[CH2:3][CH:4]=[CH:5][C:6]([CH3:7])([NH2:8])[CH:9]1[CH3:10]
256,256,34,256,C=CC=CC.CC=CO,CC1C=CCC(C)C1O,C=CC=CC.CC=CO>>CC1C=CCC(C)C1O,0,1,[CH3:1][CH:2]=[CH:3][CH:4]=[CH2:5].[CH:6]([CH3:7])=[CH:8][OH:9].[He]>>[CH3:1][CH:2]1[CH:3]=[CH:4][CH2:5][CH:6]([CH3:7])[CH:8]1[OH:9]
257,257,4,257,CC=CC=CO.CC=CN,CC1C=CC(O)C(N)C1C,CC=CC=CO.CC=CN>>CC1C=CC(O)C(N)C1C,1,1,[CH3:1][CH:2]=[CH:3][CH:4]=[CH:5][OH:6].[CH:7]([NH2:8])=[CH:9][CH3:10].[He]>>[CH3:1][CH:2]1[CH:3]=[CH:4][CH:5]([OH:6])[CH:7]([NH2:8])[CH:9]1[CH3:10]
258,258,75,258,C=CC=C(C)S.C=CC,CC1CCC=CC1(C)S,C=CC=C(C)S.C=CC>>CC1CCC=CC1(C)S,1,1,[CH2:1]=[CH:2][CH3:3].[CH2:4]=[CH:5][CH:6]=[C:7]([CH3:8])[SH:9].[He]>>[CH3:1][CH:2]1[CH2:3][CH2:4][CH:5]=[CH:6][C:7]1([CH3:8])[SH:9]
259,259,32,259,CC=CC=CI.CC=CC,CC1C=CC(I)C(C)C1C,CC=CC=CI.CC=CC>>CC1C=CC(I)C(C)C1C,0,1,[CH:7]([CH3:8])=[CH:9][CH3:10].[CH3:1][CH:2]=[CH:3][CH:4]=[CH:5][I:6].[He]>>[CH3:1][CH:2]1[CH:3]=[CH:4][CH:5]([I:6])[CH:7]([CH3:8])[CH:9]1[CH3:10]
260,260,71,260,CC=CC=CO.C=C,CC1C=CC(O)CC1,CC=CC=CO.C=C>>CC1C=CC(O)CC1,0,1,[CH2:7]=[CH2:8].[CH3:1][CH:2]=[CH:3][CH:4]=[CH:5][OH:6].[He]>>[CH3:1][CH:2]1[CH:3]=[CH:4][CH:5]([OH:6])[CH2:7][CH2:8]1
261,261,95,261,C=CC=C.C=CC,CC1CC=CCC1,C=CC=C.C=CC>>CC1CC=CCC1,0,1,[CH2:1]=[CH:2][CH3:3].[CH2:4]=[CH:5][CH:6]=[CH2:7].[He]>>[CH3:1][CH:2]1[CH2:3][CH:4]=[CH:5][CH2:6][CH2:7]1
262,262,31,262,CC=CC=C(C)C.CC=CO,CC1C=CC(C)(C)C(O)C1C,CC=CC=C(C)C.CC=CO>>CC1C=CC(C)(C)C(O)C1C,1,1,[CH3:1][CH:2]=[CH:3][CH:4]=[C:5]([CH3:6])[CH3:7].[CH:8]([OH:9])=[CH:10][CH3:11].[He]>>[CH3:1][CH:2]1[CH:3]=[CH:4][C:5]([CH3:6])([CH3:7])[CH:8]([OH:9])[CH:10]1[CH3:11]
263,263,79,263,C=CC=CC.CC=C(C)O,CC1C=CCC(C)(O)C1C,C=CC=CC.CC=C(C)O>>CC1C=CCC(C)(O)C1C,1,1,[CH3:1][CH:2]=[CH:3][CH:4]=[CH2:5].[C:6]([CH3:7])([OH:8])=[CH:9][CH3:10].[He]>>[CH3:1][CH:2]1[CH:3]=[CH:4][CH2:5][C:6]([CH3:7])([OH:8])[CH:9]1[CH3:10]
264,264,97,264,CC(C)=CC=CO.OC=C(O)F,CC1(C)C=CC(O)C(O)(F)C1O,CC(C)=CC=CO.OC=C(O)F>>CC1(C)C=CC(O)C(O)(F)C1O,1,1,[CH3:1][C:2]([CH3:3])=[CH:4][CH:5]=[CH:6][OH:7].[C:8]([OH:9])([F:10])=[CH:11][OH:12].[He]>>[CH3:1][C:2]1([CH3:3])[CH:4]=[CH:5][CH:6]([OH:7])[C:8]([OH:9])([F:10])[CH:11]1[OH:12]
265,265,28,265,CC=CC=CO.C=CC,CC1C=CC(O)C(C)C1,CC=CC=CO.C=CC>>CC1C=CC(O)C(C)C1,0,1,[CH:7]([CH3:8])=[CH2:9].[CH3:1][CH:2]=[CH:3][CH:4]=[CH:5][OH:6].[He]>>[CH3:1][CH:2]1[CH:3]=[CH:4][CH:5]([OH:6])[CH:7]([CH3:8])[CH2:9]1
266,266,92,266,OC=CC=CF.C=CC,CC1CC(O)C=CC1F,OC=CC=CF.C=CC>>CC1CC(O)C=CC1F,0,1,[CH3:1][CH:7]=[CH2:6].[CH:2]([CH:3]=[CH:4][OH:5])=[CH:8][F:9].[He]>>[CH3:1][CH:2]1[CH2:3][CH:4]([OH:5])[CH:6]=[CH:7][CH:8]1[F:9]
267,267,90,267,C=CC=CC.C=C(C)C,CC1C=CCCC1(C)C,C=CC=CC.C=C(C)C>>CC1C=CCCC1(C)C,1,1,[CH2:6]=[C:7]([CH3:8])[CH3:9].[CH3:1][CH:2]=[CH:3][CH:4]=[CH2:5].[He]>>[CH3:1][CH:2]1[CH:3]=[CH:4][CH2:5][CH2:6][C:7]1([CH3:8])[CH3:9]
268,268,8,268,C=CC=CS.C=CC,CC1CCC=CC1S,C=CC=CS.C=CC>>CC1CCC=CC1S,0,1,[CH2:1]=[CH:2][CH3:3].[CH2:4]=[CH:5][CH:6]=[CH:7][SH:8].[He]>>[CH3:1][CH:2]1[CH2:3][CH2:4][CH:5]=[CH:6][CH:7]1[SH:8]
